production_id,factory_id,machine_id,product_id,production_date,target_units,actual_units,downtime_minutes,defects,shift
1,18,665,205,2025-10-07,975,900,93,2,Night
2,2,466,137,2025-06-26,1174,894,79,16,Evening
3,13,758,482,2025-09-16,1041,938,20,4,Evening
4,12,167,292,2026-03-22,912,866,59,3,Night
5,7,714,160,2025-11-26,934,921,54,21,Night
6,17,278,7,2026-05-12,936,757,101,15,Evening
7,3,501,497,2025-08-21,1200,816,67,23,Evening
8,14,829,355,2025-09-01,831,723,15,1,Evening
9,17,770,411,2025-07-14,1019,940,16,23,Evening
10,9,723,456,2025-07-16,1047,606,102,12,Morning
11,5,786,390,2025-12-30,801,685,113,20,Night
12,7,358,55,2025-11-22,1055,648,76,14,Night
13,25,141,177,2026-04-18,1075,778,110,23,Morning
14,5,728,438,2025-08-13,997,622,57,11,Morning
15,3,19,280,2025-07-10,1007,726,29,16,Morning
16,25,278,500,2026-04-06,1001,938,84,2,Night
17,1,539,163,2025-09-01,805,690,11,11,Evening
18,20,7,380,2026-06-19,1025,751,32,25,Evening
19,13,173,217,2025-10-07,986,870,12,17,Night
20,10,240,97,2026-03-12,1162,779,61,7,Evening
21,19,924,457,2026-06-03,1169,761,54,7,Evening
22,6,525,185,2025-07-13,841,746,80,2,Morning
23,15,154,59,2025-07-07,872,825,107,12,Evening
24,14,980,31,2025-12-11,869,828,70,10,Night
25,8,500,286,2025-11-05,972,607,67,19,Night
26,21,24,239,2025-08-23,809,740,41,1,Night
27,24,206,273,2026-03-18,1116,1096,64,17,Night
28,4,783,270,2026-03-06,1119,892,43,11,Morning
29,16,972,202,2025-11-29,1167,906,14,20,Evening
30,4,983,1,2025-11-04,849,613,96,0,Morning
31,3,472,358,2025-09-08,1075,690,8,21,Night
32,15,716,287,2025-12-09,871,832,48,17,Morning
33,13,125,405,2025-07-30,1027,738,116,25,Evening
34,16,247,491,2025-11-04,1008,870,13,23,Night
35,4,937,492,2025-10-31,985,875,102,12,Evening
36,5,375,238,2025-10-01,1160,1064,64,8,Evening
37,4,929,426,2025-10-20,1078,955,79,6,Night
38,17,251,348,2026-01-16,931,603,100,23,Morning
39,15,126,19,2025-10-27,1110,855,39,3,Night
40,5,471,487,2026-05-05,1040,943,103,19,Morning
41,4,655,373,2026-01-16,1129,1057,83,8,Evening
42,13,673,25,2025-11-18,1075,640,91,21,Morning
43,18,878,194,2026-05-06,1144,974,30,21,Evening
44,9,499,25,2025-11-15,1018,868,17,1,Morning
45,11,7,147,2025-12-06,1175,616,12,18,Evening
46,12,129,160,2026-03-14,1179,744,62,21,Night
47,14,438,175,2025-10-28,937,706,59,0,Night
48,10,378,127,2026-01-23,939,661,51,10,Evening
49,5,131,470,2025-10-19,914,880,35,9,Morning
50,13,521,144,2026-03-11,817,719,47,21,Evening
51,16,390,295,2025-11-06,1001,893,64,17,Night
52,4,860,147,2025-09-30,1120,1016,48,21,Night
53,17,402,454,2025-12-20,921,880,113,14,Evening
54,3,787,280,2025-08-02,929,893,87,19,Evening
55,25,367,419,2026-03-05,1158,734,64,0,Morning
56,8,902,180,2026-01-02,841,624,78,6,Morning
57,16,48,306,2025-09-08,804,644,55,8,Evening
58,15,890,345,2025-12-16,869,830,82,12,Morning
59,16,661,265,2026-04-28,836,662,24,3,Morning
60,13,755,247,2026-01-16,916,866,34,20,Night
61,8,311,420,2025-12-21,886,731,23,14,Evening
62,20,605,345,2025-10-20,851,836,50,10,Evening
63,21,408,460,2025-11-11,868,690,27,23,Night
64,10,547,70,2026-01-31,1170,726,120,21,Evening
65,25,430,460,2025-10-09,999,673,27,17,Night
66,17,994,427,2025-11-06,870,829,7,12,Evening
67,7,353,197,2026-01-13,976,951,86,21,Night
68,10,956,68,2026-03-12,1175,812,38,15,Morning
69,6,292,309,2025-10-14,995,898,51,22,Morning
70,11,478,132,2026-02-03,1033,774,30,1,Morning
71,9,647,383,2025-07-27,916,905,90,10,Morning
72,19,676,344,2025-10-15,889,729,15,3,Morning
73,10,864,298,2025-12-04,968,760,46,6,Evening
74,11,259,302,2026-01-06,1036,677,89,6,Evening
75,19,259,490,2026-03-09,1161,1046,4,14,Night
76,23,892,157,2025-07-27,992,853,8,0,Evening
77,6,184,470,2025-08-23,1056,813,119,6,Morning
78,12,806,230,2025-07-10,1079,660,9,14,Night
79,13,153,249,2025-11-12,1136,838,37,2,Evening
80,22,876,217,2025-10-23,933,641,109,19,Morning
81,2,181,42,2026-06-02,1158,1078,98,20,Night
82,23,730,270,2026-01-04,889,697,42,12,Morning
83,2,551,338,2025-10-02,1161,964,14,19,Morning
84,4,239,40,2026-06-08,1096,654,21,9,Morning
85,15,873,90,2025-11-05,837,670,60,1,Evening
86,23,510,485,2025-09-01,916,859,3,15,Night
87,12,270,297,2025-09-11,934,734,80,12,Morning
88,7,369,139,2025-09-17,909,815,83,9,Night
89,22,7,255,2025-12-19,1141,957,112,22,Evening
90,23,707,147,2025-11-15,851,771,31,2,Evening
91,7,947,71,2025-09-06,1059,791,39,21,Evening
92,24,147,238,2025-10-27,805,776,65,12,Night
93,16,160,247,2025-09-10,1056,905,1,8,Morning
94,19,329,288,2026-05-05,1146,733,102,12,Evening
95,8,759,356,2026-01-27,885,800,30,8,Morning
96,24,393,55,2026-03-21,885,789,99,24,Evening
97,5,108,101,2025-08-24,1009,706,26,10,Morning
98,23,763,45,2025-08-13,1002,884,109,14,Morning
99,16,719,81,2026-03-25,933,823,89,15,Evening
100,1,351,170,2025-12-02,1182,954,86,7,Night
101,7,264,499,2026-01-12,885,765,24,4,Night
102,6,560,340,2025-08-02,1062,769,85,16,Night
103,1,674,36,2026-04-30,1048,688,27,8,Night
104,10,423,486,2025-08-03,1050,813,14,4,Evening
105,4,302,189,2025-09-17,906,761,111,9,Morning
106,24,995,172,2026-04-09,831,829,20,16,Evening
107,19,824,278,2025-11-07,1071,957,118,12,Night
108,22,525,43,2025-12-20,906,614,100,11,Night
109,4,700,168,2025-06-21,908,654,49,16,Evening
110,8,896,222,2025-09-24,878,600,26,11,Night
111,8,142,476,2026-02-03,1039,788,104,21,Morning
112,23,893,327,2026-06-03,1082,840,70,13,Morning
113,19,297,149,2026-01-10,977,638,64,5,Night
114,3,485,272,2026-05-27,1125,989,42,0,Morning
115,25,422,476,2025-09-20,1100,602,39,18,Evening
116,15,5,108,2026-05-24,801,651,67,25,Morning
117,19,701,40,2025-11-19,1149,655,91,16,Night
118,19,822,42,2025-06-29,927,638,45,24,Morning
119,2,43,492,2026-03-26,984,645,1,20,Evening
120,24,314,204,2026-06-18,1057,745,33,3,Morning
121,23,790,447,2026-03-07,925,875,8,9,Night
122,7,546,324,2026-06-03,854,800,76,20,Night
123,22,404,255,2025-12-07,845,605,104,8,Night
124,9,251,144,2025-08-10,951,606,49,0,Morning
125,18,345,392,2026-02-21,1056,776,48,23,Night
126,6,569,133,2025-09-25,1185,1020,74,7,Night
127,1,184,274,2025-09-11,1089,1019,27,4,Evening
128,9,527,498,2026-03-20,958,628,60,12,Morning
129,3,779,343,2025-08-01,1090,650,115,17,Evening
130,4,158,409,2025-12-04,972,772,107,3,Morning
131,9,73,472,2025-09-07,1107,989,70,16,Evening
132,24,227,151,2025-11-09,914,674,84,23,Night
133,11,5,248,2025-06-22,1143,915,34,9,Morning
134,20,322,271,2025-11-13,1041,682,76,24,Evening
135,15,517,236,2025-09-03,1099,644,70,22,Evening
136,22,802,60,2025-12-24,913,902,92,12,Evening
137,13,332,105,2025-09-02,1174,789,97,4,Evening
138,18,731,343,2026-03-06,859,812,67,17,Night
139,4,126,85,2025-10-29,1009,607,52,5,Night
140,17,715,45,2025-08-25,1106,923,69,13,Evening
141,21,11,233,2025-09-08,800,795,66,9,Evening
142,16,254,178,2025-09-15,818,651,91,16,Evening
143,18,158,117,2026-01-29,1008,711,66,0,Morning
144,20,987,346,2026-02-18,864,805,34,16,Morning
145,13,458,405,2025-09-26,899,779,34,15,Evening
146,18,211,28,2026-06-05,1022,919,108,16,Morning
147,18,243,179,2026-05-06,1075,609,86,16,Morning
148,22,760,182,2025-08-02,1033,1002,86,14,Evening
149,5,918,100,2026-04-29,1175,667,14,19,Morning
150,25,17,323,2025-12-29,1193,961,8,20,Evening
151,10,311,221,2025-09-14,1156,1074,104,22,Morning
152,1,546,270,2026-05-18,841,663,48,18,Evening
153,10,657,382,2025-10-16,800,646,27,14,Night
154,9,776,376,2025-09-01,1039,1010,74,1,Evening
155,10,354,181,2026-04-01,851,745,74,2,Night
156,3,107,45,2025-08-13,846,742,22,23,Night
157,6,682,388,2025-11-18,894,701,25,15,Morning
158,24,835,109,2025-10-15,1114,861,84,12,Night
159,5,792,404,2025-11-23,1021,974,54,1,Night
160,10,115,160,2025-12-22,1050,805,113,5,Evening
161,20,437,347,2025-10-23,817,775,62,12,Morning
162,6,164,284,2025-07-26,873,763,96,17,Morning
163,19,845,134,2025-11-27,1046,904,15,5,Night
164,23,223,46,2026-04-17,1106,657,22,19,Morning
165,14,360,43,2026-02-06,1122,747,91,9,Night
166,21,422,371,2026-01-16,1049,644,42,22,Night
167,24,120,370,2025-12-15,824,677,36,21,Evening
168,3,112,186,2025-12-22,1050,937,112,5,Morning
169,15,459,245,2025-07-10,1072,968,26,13,Night
170,17,712,176,2025-11-19,1122,797,36,7,Night
171,17,610,357,2025-12-04,837,745,53,25,Evening
172,16,325,18,2025-09-24,1024,958,12,10,Evening
173,16,466,98,2026-04-19,849,645,33,22,Morning
174,24,617,261,2025-12-14,1132,1026,94,17,Night
175,15,444,365,2026-04-27,888,741,51,14,Evening
176,8,542,472,2026-02-07,948,694,35,23,Morning
177,15,961,497,2026-05-10,892,822,62,7,Morning
178,12,450,269,2025-12-07,1017,816,107,17,Night
179,24,770,347,2025-10-20,1007,791,18,14,Night
180,20,899,322,2025-10-15,1176,644,111,8,Evening
181,14,152,496,2026-04-14,1116,692,100,0,Night
182,6,221,441,2025-10-19,985,804,41,4,Night
183,15,989,304,2025-06-28,1124,674,6,23,Evening
184,22,408,478,2025-12-07,991,935,89,16,Evening
185,23,747,329,2025-09-16,1149,688,29,12,Night
186,6,537,149,2026-05-24,1106,920,5,0,Evening
187,1,562,367,2025-10-15,814,657,10,19,Evening
188,18,981,162,2026-03-04,1092,766,58,21,Evening
189,13,372,344,2025-08-14,808,657,30,13,Evening
190,6,118,201,2025-11-14,999,820,68,20,Night
191,19,526,238,2025-07-05,1042,603,20,1,Night
192,8,439,371,2026-03-02,913,730,116,14,Night
193,1,844,236,2026-01-25,969,691,86,13,Evening
194,4,421,93,2025-12-26,894,707,95,9,Night
195,10,828,376,2025-06-23,946,919,46,8,Morning
196,11,475,151,2026-05-17,985,719,104,3,Evening
197,16,748,246,2026-01-23,840,629,63,9,Morning
198,18,870,352,2026-04-04,838,633,42,24,Evening
199,16,582,330,2025-07-22,1026,635,0,17,Morning
200,16,477,361,2025-10-06,1186,760,16,19,Evening
201,1,711,406,2025-12-03,894,880,91,1,Morning
202,20,31,362,2025-09-03,880,877,94,1,Night
203,21,551,451,2026-02-04,1069,1041,54,20,Evening
204,25,254,468,2026-06-21,1082,1069,84,9,Morning
205,3,537,422,2025-11-24,851,663,77,25,Evening
206,23,942,403,2026-03-07,1037,741,46,14,Night
207,1,682,168,2026-03-29,807,806,38,17,Morning
208,6,583,144,2026-01-10,902,789,28,10,Night
209,3,316,276,2025-12-15,1174,855,107,25,Evening
210,11,596,81,2026-02-05,1033,806,83,2,Evening
211,8,750,487,2025-10-02,947,807,88,25,Night
212,22,673,427,2026-02-17,903,654,24,20,Evening
213,15,762,226,2026-01-27,1151,1057,83,1,Night
214,1,932,249,2026-04-22,1046,616,112,2,Evening
215,11,835,400,2026-01-20,983,607,17,2,Night
216,13,422,476,2025-10-29,895,745,70,17,Night
217,20,219,253,2026-05-23,909,838,101,10,Evening
218,5,163,474,2025-06-21,972,609,18,24,Morning
219,4,787,202,2025-07-09,1176,1089,97,0,Night
220,15,29,412,2025-10-24,1045,652,77,20,Evening
221,7,824,371,2026-04-03,1043,1037,43,17,Night
222,6,264,76,2026-04-09,933,670,37,0,Evening
223,25,953,218,2026-01-07,1105,996,18,20,Morning
224,5,893,217,2026-05-30,1071,757,39,4,Evening
225,15,517,40,2025-09-18,1056,1054,86,25,Evening
226,25,732,32,2026-04-27,1023,659,7,4,Morning
227,13,155,343,2026-03-30,1029,966,78,21,Morning
228,11,862,29,2026-05-10,1031,769,6,18,Night
229,9,213,124,2025-12-18,996,836,89,20,Evening
230,3,378,414,2025-11-24,915,615,85,20,Evening
231,5,481,82,2026-03-12,814,803,119,7,Evening
232,25,475,430,2026-05-19,964,654,34,3,Morning
233,6,301,342,2025-11-03,801,760,46,19,Evening
234,11,866,481,2026-02-11,830,668,107,3,Night
235,15,182,244,2025-10-22,937,630,7,19,Evening
236,25,595,243,2026-06-01,915,896,93,9,Evening
237,15,129,354,2026-01-10,803,699,59,20,Morning
238,14,48,440,2025-08-13,838,718,15,4,Morning
239,3,452,299,2025-07-11,834,629,43,8,Evening
240,24,88,203,2026-01-05,887,684,33,4,Morning
241,13,277,288,2026-02-01,938,804,92,21,Evening
242,14,795,189,2026-02-04,810,799,114,11,Evening
243,11,344,443,2026-06-11,985,849,65,14,Evening
244,5,276,255,2026-05-08,1137,1137,80,4,Night
245,12,636,116,2026-06-06,1095,689,46,9,Night
246,3,773,118,2025-07-08,972,906,108,12,Morning
247,20,58,11,2025-08-20,1082,869,33,20,Evening
248,15,517,308,2026-06-05,937,726,9,14,Morning
249,6,107,19,2025-08-29,937,735,26,16,Evening
250,7,264,84,2026-05-28,813,660,104,15,Morning
251,12,333,124,2025-12-21,940,817,58,18,Night
252,16,7,164,2026-05-24,1133,927,112,13,Night
253,15,700,94,2025-09-11,894,767,51,16,Morning
254,25,633,296,2025-09-30,1167,695,111,3,Night
255,9,129,263,2025-08-25,1060,724,98,21,Night
256,12,537,205,2025-12-15,968,866,1,25,Evening
257,25,546,367,2025-09-27,1023,1023,11,24,Evening
258,2,580,382,2025-08-29,915,879,96,19,Night
259,1,731,460,2025-11-26,1156,773,52,14,Morning
260,1,169,88,2026-01-31,1148,1040,85,0,Night
261,18,446,380,2025-10-29,1109,699,13,3,Night
262,2,214,269,2025-10-08,1195,1152,2,3,Morning
263,22,942,291,2026-06-07,817,722,25,16,Morning
264,15,818,6,2025-10-29,862,726,73,12,Night
265,23,784,352,2025-06-27,1051,698,7,15,Morning
266,25,243,147,2025-09-23,1173,750,2,17,Morning
267,3,694,321,2025-10-26,1169,993,51,14,Morning
268,24,594,119,2025-09-23,1007,717,118,21,Morning
269,8,338,250,2026-04-07,894,742,60,10,Evening
270,22,704,231,2025-09-30,848,793,37,16,Night
271,25,219,26,2026-06-17,894,638,71,18,Night
272,2,245,281,2026-04-18,1163,623,95,0,Night
273,19,900,66,2025-12-20,1130,1104,109,12,Morning
274,16,492,377,2026-02-26,1100,700,21,22,Morning
275,5,323,28,2026-03-03,989,937,2,14,Evening
276,23,887,496,2026-06-10,922,720,83,2,Evening
277,4,308,258,2026-05-04,1001,920,49,12,Morning
278,15,883,160,2026-02-21,803,768,52,15,Evening
279,7,543,239,2025-08-31,943,777,104,12,Evening
280,18,68,461,2026-03-24,956,683,76,1,Morning
281,1,239,96,2026-04-22,1009,964,19,5,Night
282,1,721,372,2026-05-13,919,847,73,1,Night
283,20,215,67,2026-05-12,880,626,40,0,Evening
284,6,627,9,2025-07-12,1078,757,112,15,Morning
285,7,326,219,2026-02-08,1032,788,17,9,Night
286,10,488,120,2025-10-01,1063,748,97,12,Night
287,15,598,272,2026-03-05,1060,867,94,6,Morning
288,14,747,296,2025-12-16,843,600,61,5,Night
289,19,384,166,2026-02-27,840,637,67,22,Night
290,12,951,316,2026-04-17,935,784,80,14,Evening
291,4,455,236,2025-09-25,1139,990,50,11,Morning
292,10,918,33,2025-10-28,1179,974,14,19,Night
293,25,410,142,2026-01-20,913,711,81,5,Evening
294,21,820,22,2026-01-30,1013,724,10,16,Morning
295,12,160,238,2025-11-21,887,836,91,18,Evening
296,15,356,425,2025-10-06,813,793,114,19,Evening
297,8,127,380,2025-09-09,1028,650,114,11,Night
298,7,362,491,2025-10-14,980,880,99,13,Morning
299,10,278,353,2025-10-21,849,716,8,11,Night
300,4,812,175,2026-04-25,1010,677,100,15,Night
301,17,45,491,2026-02-03,949,687,58,2,Morning
302,25,730,153,2025-11-02,1138,855,6,1,Evening
303,9,453,337,2026-02-21,900,723,47,19,Evening
304,12,932,41,2026-04-07,1047,961,26,14,Evening
305,24,173,233,2025-08-18,910,651,23,25,Night
306,16,484,28,2025-10-08,1049,1012,75,11,Morning
307,4,46,31,2026-02-10,1155,606,4,1,Evening
308,16,390,1,2025-12-29,947,673,46,16,Morning
309,8,1000,495,2025-08-10,1178,844,4,17,Evening
310,13,470,96,2025-09-24,844,710,72,4,Evening
311,8,74,376,2026-06-15,897,605,110,25,Morning
312,20,285,356,2025-12-10,854,617,116,21,Evening
313,11,285,481,2025-10-17,1076,746,33,19,Morning
314,9,240,53,2026-05-31,1081,1073,45,19,Evening
315,23,128,450,2025-08-02,1120,639,39,16,Night
316,13,783,241,2025-11-15,1113,708,29,10,Night
317,10,962,91,2026-06-20,879,612,85,5,Evening
318,5,483,36,2025-08-06,1181,1085,98,17,Night
319,12,685,493,2026-06-02,1083,854,60,11,Evening
320,5,304,119,2026-03-09,950,942,57,8,Morning
321,11,687,220,2025-12-19,1009,740,99,21,Morning
322,11,996,151,2026-02-04,900,686,77,19,Night
323,3,874,474,2026-01-23,823,664,34,11,Morning
324,19,741,441,2026-02-21,1073,823,67,4,Morning
325,20,990,306,2026-05-29,870,616,45,24,Evening
326,15,847,464,2026-03-04,860,702,103,5,Morning
327,22,661,305,2026-05-19,963,607,85,2,Night
328,3,377,461,2025-09-10,1041,972,73,8,Morning
329,17,733,298,2026-01-09,933,786,22,14,Morning
330,14,663,26,2025-11-17,1007,996,35,0,Night
331,18,558,25,2025-07-05,1068,876,5,0,Night
332,19,206,206,2026-03-23,1098,986,56,20,Morning
333,23,466,319,2026-03-25,974,807,46,19,Evening
334,19,312,330,2025-08-18,908,771,30,4,Evening
335,8,540,309,2025-08-31,890,699,107,2,Morning
336,4,987,137,2026-02-10,881,630,44,15,Morning
337,25,551,279,2025-11-12,1044,861,15,12,Morning
338,20,36,127,2025-07-10,911,891,25,1,Night
339,24,933,227,2025-10-17,818,668,13,18,Evening
340,1,480,494,2025-10-15,1029,784,29,18,Morning
341,20,96,115,2026-03-02,1074,895,37,5,Evening
342,13,263,448,2026-03-10,803,618,108,7,Morning
343,13,535,1,2026-03-12,909,903,17,22,Morning
344,13,131,51,2026-04-16,1119,661,69,25,Morning
345,5,908,329,2025-10-24,1022,826,22,25,Morning
346,24,76,76,2025-09-24,1070,1019,2,23,Evening
347,24,961,207,2025-06-22,937,608,96,24,Morning
348,14,773,64,2026-04-24,854,744,108,22,Evening
349,21,727,281,2025-10-04,993,948,106,4,Night
350,2,203,379,2025-10-09,866,802,96,10,Evening
351,4,866,157,2025-09-28,1120,845,85,10,Evening
352,13,426,418,2025-10-18,824,616,90,11,Night
353,22,669,324,2025-11-26,1135,792,73,11,Morning
354,3,671,257,2026-06-06,881,672,14,20,Evening
355,18,199,40,2025-09-23,1119,740,89,2,Evening
356,1,922,26,2025-07-06,1145,1033,78,20,Night
357,1,968,164,2025-12-23,834,669,98,17,Night
358,22,26,100,2026-06-14,883,761,3,8,Evening
359,15,709,215,2025-08-29,1096,634,59,22,Night
360,11,584,173,2026-01-12,820,776,41,8,Evening
361,2,38,254,2025-08-21,869,746,110,17,Morning
362,19,472,500,2025-11-20,884,743,67,25,Night
363,2,685,268,2025-08-09,1067,763,88,25,Morning
364,8,866,321,2025-11-13,859,705,119,5,Night
365,7,564,423,2025-06-25,1151,869,52,13,Night
366,10,341,139,2025-09-29,829,672,116,11,Night
367,14,994,233,2025-08-15,955,737,22,4,Night
368,4,958,222,2025-12-25,1167,1031,12,15,Night
369,20,424,347,2025-11-03,966,842,50,20,Night
370,20,19,171,2025-08-15,850,600,89,24,Morning
371,8,758,5,2025-06-25,951,929,8,17,Evening
372,4,769,25,2026-03-30,882,725,54,7,Night
373,20,765,458,2025-08-08,1024,628,4,5,Morning
374,3,424,94,2025-11-24,1077,624,60,21,Morning
375,4,503,435,2026-02-16,854,775,33,5,Evening
376,4,218,153,2026-06-07,1199,1013,44,3,Evening
377,25,987,29,2025-08-04,1161,758,53,17,Night
378,20,652,182,2026-02-16,827,820,58,9,Morning
379,24,508,177,2025-11-26,874,623,53,18,Night
380,11,972,152,2026-01-01,963,839,53,0,Evening
381,18,53,251,2026-04-01,830,801,66,18,Morning
382,14,744,443,2026-02-26,861,818,105,4,Night
383,17,694,117,2025-12-01,959,742,44,20,Morning
384,16,407,13,2026-04-19,1047,871,107,11,Morning
385,1,666,132,2026-06-18,1153,837,61,7,Night
386,13,319,394,2026-04-08,927,858,20,10,Morning
387,17,727,492,2025-12-24,861,682,83,1,Evening
388,11,279,299,2025-07-26,1091,762,116,19,Morning
389,17,909,497,2026-02-16,1200,943,9,10,Night
390,5,627,67,2026-04-04,1078,750,72,6,Morning
391,15,965,286,2026-05-11,1113,852,98,0,Morning
392,16,255,170,2026-06-17,847,804,55,20,Night
393,16,733,460,2026-02-26,1105,850,94,5,Evening
394,12,641,63,2025-07-05,902,788,24,13,Night
395,24,372,182,2025-11-27,1191,926,50,11,Night
396,16,623,431,2025-06-25,1191,740,13,18,Morning
397,8,389,59,2026-02-23,1039,853,40,22,Night
398,12,980,110,2025-09-10,853,615,26,6,Night
399,12,275,332,2025-12-29,1175,1152,48,17,Morning
400,17,547,175,2026-02-27,968,866,93,13,Morning
401,11,943,295,2025-12-04,945,663,44,14,Evening
402,12,281,271,2026-03-02,932,845,109,13,Night
403,21,179,231,2025-10-14,1110,957,74,10,Morning
404,23,436,262,2025-12-13,1022,874,97,19,Morning
405,4,626,378,2025-12-09,878,793,43,1,Morning
406,2,695,485,2025-09-25,1159,859,96,0,Evening
407,4,832,500,2026-03-26,821,733,103,12,Morning
408,19,945,55,2025-11-03,858,671,118,7,Evening
409,10,162,4,2026-04-30,1136,896,100,25,Morning
410,11,655,26,2026-04-20,1179,1021,117,7,Evening
411,22,876,210,2025-11-20,808,688,29,15,Morning
412,4,172,36,2025-06-24,1198,771,118,3,Morning
413,3,603,188,2025-10-26,858,673,44,2,Night
414,4,937,139,2025-09-17,817,703,9,5,Morning
415,4,779,71,2025-08-11,832,676,80,5,Morning
416,6,903,387,2025-12-03,986,878,3,8,Evening
417,7,544,444,2026-05-21,1179,983,88,15,Morning
418,5,660,401,2026-04-01,996,975,80,4,Morning
419,19,667,234,2026-04-10,899,742,51,10,Evening
420,5,184,209,2026-06-09,1146,886,104,23,Morning
421,17,858,31,2025-08-01,1041,629,93,14,Morning
422,1,301,449,2025-09-14,1019,830,13,9,Night
423,19,734,351,2026-02-20,934,792,74,8,Morning
424,12,972,305,2026-05-09,1102,841,45,20,Evening
425,4,800,11,2026-02-17,956,800,108,14,Night
426,12,803,56,2026-02-25,1166,674,83,3,Evening
427,4,747,400,2026-01-26,955,618,65,17,Night
428,23,449,276,2025-12-29,1102,783,32,11,Night
429,12,932,313,2025-12-19,1129,1109,96,16,Evening
430,3,669,238,2025-10-17,1038,911,84,17,Evening
431,22,219,433,2025-10-09,998,966,24,21,Evening
432,23,260,74,2026-01-17,1079,764,104,1,Night
433,10,517,131,2025-07-19,937,614,61,5,Evening
434,21,467,404,2026-06-15,889,822,5,23,Evening
435,19,624,157,2026-06-17,1117,1088,84,3,Night
436,11,403,64,2025-11-05,840,783,89,0,Morning
437,20,259,77,2026-04-08,889,720,89,5,Morning
438,1,123,91,2025-12-06,824,619,86,22,Night
439,22,462,300,2025-07-21,839,617,88,21,Night
440,13,795,477,2025-09-29,1191,813,8,3,Night
441,6,269,226,2026-01-31,851,809,60,1,Evening
442,14,381,339,2025-06-22,875,788,14,15,Morning
443,1,922,87,2026-01-08,1101,1034,4,15,Night
444,2,426,38,2025-07-07,1154,1064,99,24,Morning
445,19,918,66,2026-04-02,912,760,25,6,Evening
446,3,196,384,2025-12-13,847,705,59,24,Morning
447,9,223,387,2025-08-13,1174,1137,24,7,Night
448,24,40,170,2025-10-27,963,788,98,15,Night
449,9,780,357,2025-06-25,875,801,109,19,Morning
450,6,803,485,2025-08-27,830,712,63,15,Evening
451,7,392,448,2026-02-20,900,722,100,9,Evening
452,9,342,300,2026-05-03,855,757,32,25,Evening
453,9,699,19,2026-02-11,1072,629,18,21,Night
454,5,385,449,2025-12-10,961,613,74,15,Night
455,18,117,399,2026-05-17,951,877,107,4,Evening
456,22,954,479,2025-09-06,946,612,62,21,Evening
457,7,907,14,2026-05-26,990,907,38,14,Evening
458,13,271,447,2026-03-11,968,963,116,2,Morning
459,17,986,251,2025-09-25,1010,652,63,22,Morning
460,23,866,109,2026-02-16,1000,679,5,1,Morning
461,14,523,1,2026-03-01,992,873,88,2,Evening
462,20,719,468,2025-12-18,954,939,9,20,Evening
463,16,19,45,2025-09-15,804,696,62,16,Morning
464,8,873,211,2025-11-30,1090,832,57,25,Night
465,21,782,14,2025-11-21,816,724,39,24,Evening
466,14,703,31,2026-03-07,858,774,28,2,Morning
467,20,391,17,2025-08-31,1003,757,30,22,Evening
468,6,222,335,2025-09-01,1198,1109,72,25,Evening
469,1,209,266,2025-10-10,1013,733,64,25,Morning
470,5,319,259,2025-12-05,1040,795,105,20,Night
471,15,965,435,2026-05-10,917,797,11,7,Evening
472,6,240,44,2026-03-20,882,757,64,23,Morning
473,16,172,109,2026-03-15,844,690,94,21,Morning
474,7,708,401,2025-09-18,807,633,95,0,Night
475,5,453,88,2025-12-31,1116,655,21,25,Evening
476,19,104,30,2025-10-29,1085,956,45,15,Night
477,14,56,234,2026-02-11,945,832,55,19,Morning
478,5,764,344,2026-04-17,889,610,82,18,Evening
479,12,726,402,2025-12-24,1091,751,97,18,Morning
480,9,672,59,2026-04-23,894,611,97,24,Evening
481,1,56,242,2026-05-24,1019,799,87,3,Morning
482,17,720,465,2026-05-02,1008,930,44,6,Evening
483,7,193,149,2025-07-09,1100,720,90,7,Evening
484,17,487,364,2026-05-23,1142,1039,56,5,Morning
485,3,701,364,2025-10-31,1125,728,60,11,Night
486,3,651,421,2025-09-08,874,830,70,10,Night
487,4,334,177,2025-06-23,809,625,100,3,Morning
488,20,629,485,2026-06-01,1059,876,27,0,Morning
489,22,702,30,2025-07-28,850,796,56,14,Evening
490,9,233,465,2025-10-11,1144,682,52,22,Night
491,7,81,413,2026-01-08,835,811,61,23,Evening
492,3,679,310,2025-07-17,1129,1003,66,3,Morning
493,1,360,149,2026-06-07,1114,983,62,10,Morning
494,22,699,410,2026-05-12,1118,1056,79,10,Night
495,25,924,361,2026-01-30,1008,933,71,7,Night
496,9,122,239,2025-09-22,942,823,2,22,Morning
497,15,670,106,2026-02-20,885,680,111,18,Morning
498,24,144,176,2026-03-17,889,731,29,14,Evening
499,4,326,141,2025-09-04,809,772,2,10,Morning
500,16,326,341,2025-10-01,984,976,104,11,Evening
501,14,335,117,2026-02-25,847,711,117,20,Morning
502,21,500,7,2026-01-19,1116,946,58,25,Night
503,4,398,224,2025-06-28,864,749,92,25,Night
504,13,788,268,2026-06-15,1061,997,12,2,Evening
505,20,97,54,2026-02-08,1146,811,31,25,Morning
506,4,186,389,2026-06-09,1161,944,26,6,Morning
507,25,177,208,2025-08-20,953,622,120,24,Evening
508,21,748,125,2026-03-25,1011,971,44,24,Evening
509,6,62,347,2025-08-11,1145,879,52,9,Night
510,14,731,136,2026-02-23,1079,948,109,10,Night
511,7,871,170,2025-07-21,931,690,35,2,Night
512,5,232,414,2025-12-08,831,671,23,19,Evening
513,10,519,420,2026-04-23,982,774,98,8,Evening
514,6,550,416,2025-08-23,1084,1074,58,6,Evening
515,10,126,412,2025-06-28,883,869,30,18,Night
516,6,858,137,2026-04-02,883,788,26,10,Night
517,9,160,130,2025-12-12,958,920,117,6,Night
518,6,145,133,2026-02-21,1177,1000,65,9,Evening
519,3,380,332,2026-02-18,852,750,56,20,Evening
520,7,991,278,2026-01-05,1111,1106,24,16,Morning
521,21,744,476,2026-01-26,969,967,110,16,Evening
522,12,969,339,2025-08-08,1181,659,99,15,Morning
523,23,856,221,2026-01-11,864,862,35,0,Evening
524,21,592,240,2025-12-23,1147,674,27,14,Evening
525,20,606,27,2025-09-05,857,754,44,11,Evening
526,25,817,426,2026-04-04,1185,888,119,21,Night
527,7,511,409,2025-08-07,1119,703,54,18,Morning
528,10,876,156,2025-11-30,1130,817,20,24,Night
529,18,237,302,2026-03-31,1142,945,88,16,Morning
530,25,77,413,2026-05-29,985,675,103,25,Morning
531,24,403,275,2026-01-18,1004,852,0,24,Evening
532,14,352,57,2026-03-17,876,836,58,18,Morning
533,2,228,358,2026-02-26,1154,704,23,9,Morning
534,2,385,459,2025-10-26,1081,923,53,3,Evening
535,4,748,310,2026-02-13,930,621,113,4,Evening
536,21,370,92,2026-01-11,1193,998,5,1,Night
537,20,901,91,2026-01-31,1025,963,36,25,Evening
538,1,672,222,2025-12-20,1077,1029,8,6,Night
539,10,943,128,2026-02-08,812,678,19,2,Night
540,24,318,143,2025-12-12,1191,607,83,3,Night
541,19,576,335,2025-08-02,872,845,74,4,Morning
542,7,526,429,2025-07-21,1095,625,43,10,Night
543,4,768,239,2026-04-11,825,654,61,20,Evening
544,1,497,293,2025-10-12,1121,745,103,0,Evening
545,24,371,279,2026-03-15,838,689,113,21,Night
546,19,365,240,2026-02-09,1175,879,100,14,Evening
547,24,678,437,2026-03-29,868,850,27,15,Evening
548,6,898,96,2026-04-17,926,755,55,12,Night
549,15,603,483,2026-01-09,1016,759,29,3,Evening
550,8,742,373,2026-05-17,992,972,101,7,Morning
551,4,175,323,2026-05-02,899,859,7,12,Evening
552,10,342,262,2025-11-30,939,797,70,7,Night
553,21,477,212,2026-03-22,1199,703,25,5,Evening
554,19,540,117,2025-07-31,897,628,106,24,Morning
555,20,779,90,2026-05-13,966,742,67,11,Night
556,10,566,70,2025-12-18,840,762,14,0,Morning
557,20,65,34,2025-09-29,1139,715,75,13,Night
558,10,268,32,2025-10-31,1026,969,3,0,Night
559,6,668,408,2025-09-15,1002,831,59,22,Morning
560,18,286,261,2026-04-10,1172,1152,61,11,Night
561,11,28,380,2025-06-23,873,624,118,22,Night
562,18,3,6,2025-08-02,1133,1073,49,4,Evening
563,21,791,373,2026-04-01,926,764,120,4,Evening
564,22,611,452,2025-11-12,956,755,39,23,Evening
565,16,292,174,2025-08-05,924,904,60,19,Evening
566,14,770,150,2025-10-14,1147,1057,105,21,Night
567,21,671,410,2025-10-26,1033,786,69,15,Night
568,15,754,476,2026-03-22,1029,716,50,22,Night
569,5,145,326,2025-07-12,1125,1061,59,25,Night
570,20,464,366,2025-10-13,1123,680,57,19,Evening
571,4,267,262,2026-02-16,854,602,89,0,Evening
572,8,699,220,2026-04-06,1150,673,92,0,Evening
573,8,160,3,2026-06-07,932,870,55,17,Evening
574,5,268,303,2025-09-30,1177,1061,43,16,Night
575,16,174,312,2025-08-27,1152,991,115,22,Morning
576,19,459,214,2025-12-15,816,699,23,2,Morning
577,22,985,429,2025-11-08,930,616,92,17,Evening
578,21,634,26,2025-09-15,1017,658,20,3,Night
579,23,778,377,2026-06-15,1016,685,14,11,Morning
580,13,192,416,2025-10-01,1143,692,110,23,Night
581,15,776,21,2025-10-01,1127,604,12,17,Evening
582,20,967,188,2026-05-16,856,767,88,4,Morning
583,11,218,238,2025-07-02,1128,834,34,14,Evening
584,3,321,32,2025-09-27,1015,935,8,16,Evening
585,11,278,326,2025-12-15,1101,1023,117,16,Morning
586,10,834,258,2026-03-22,936,891,104,21,Night
587,5,919,303,2025-08-14,852,783,51,24,Evening
588,12,574,150,2025-09-25,1104,1048,88,10,Evening
589,23,514,84,2026-04-19,912,638,72,16,Evening
590,2,916,318,2025-09-20,999,741,47,7,Night
591,21,262,7,2025-07-15,902,659,117,19,Morning
592,21,55,108,2026-04-17,849,737,14,14,Night
593,20,218,371,2025-08-15,914,913,19,25,Night
594,18,616,6,2025-12-15,800,710,62,2,Evening
595,2,604,2,2026-02-23,825,642,103,8,Night
596,9,242,452,2026-05-02,1118,803,111,3,Evening
597,24,746,421,2025-09-26,1180,736,40,18,Night
598,2,370,466,2025-08-13,1106,1063,15,7,Night
599,5,666,35,2025-09-18,1028,607,59,3,Evening
600,20,949,107,2025-07-15,1191,807,15,23,Morning
601,19,356,60,2025-07-14,858,652,25,11,Morning
602,3,117,243,2026-01-22,904,753,66,15,Evening
603,16,763,61,2025-11-30,1183,971,110,3,Morning
604,23,948,324,2026-06-09,877,682,5,16,Night
605,3,518,240,2025-07-01,1200,682,99,12,Night
606,2,905,428,2025-07-14,980,606,118,4,Night
607,2,413,323,2026-02-07,1094,942,23,17,Evening
608,19,93,476,2026-01-02,1081,822,110,16,Evening
609,11,227,35,2025-09-24,1069,727,34,23,Morning
610,23,218,161,2025-11-12,1038,825,104,21,Night
611,2,659,298,2025-11-24,1016,644,71,24,Morning
612,5,930,359,2025-08-25,943,727,64,3,Night
613,24,41,11,2025-07-11,1008,745,103,1,Evening
614,7,702,448,2026-01-27,1145,870,39,23,Night
615,21,315,118,2026-05-06,1069,680,105,23,Night
616,9,374,451,2026-01-28,838,837,56,4,Night
617,10,789,432,2025-08-19,1191,1043,77,2,Morning
618,21,625,36,2025-08-01,1004,911,105,21,Morning
619,21,569,155,2026-03-08,855,807,86,13,Morning
620,24,467,41,2025-11-12,1093,952,48,13,Morning
621,2,946,183,2025-07-27,1052,1043,50,13,Evening
622,18,817,157,2025-09-09,997,672,47,4,Morning
623,10,948,40,2025-09-15,1135,742,64,15,Evening
624,17,137,434,2026-01-12,929,784,67,24,Evening
625,4,827,380,2026-04-23,874,685,67,4,Morning
626,6,149,31,2026-02-26,892,809,23,3,Morning
627,3,527,340,2026-03-26,809,727,41,3,Night
628,8,132,465,2026-05-25,1136,1070,57,19,Morning
629,17,167,124,2025-08-27,1119,676,40,5,Evening
630,22,813,454,2026-06-13,803,728,84,23,Night
631,13,366,209,2025-07-28,1056,975,21,20,Morning
632,1,367,138,2025-07-19,1038,666,60,5,Night
633,17,995,47,2026-03-17,981,634,29,24,Evening
634,5,382,385,2025-11-14,1075,940,118,0,Evening
635,20,832,62,2025-06-21,1026,782,50,11,Evening
636,1,859,159,2026-04-20,916,653,76,22,Night
637,19,235,336,2026-01-31,1052,907,49,8,Evening
638,6,448,80,2026-05-16,1033,886,83,21,Morning
639,25,607,69,2025-11-19,838,679,64,3,Evening
640,14,266,249,2026-05-27,1040,960,25,15,Night
641,15,87,181,2025-12-07,1081,759,88,20,Night
642,25,854,254,2026-01-02,815,653,39,13,Night
643,11,816,216,2025-08-31,868,637,109,20,Evening
644,14,99,90,2026-02-14,964,744,99,11,Morning
645,11,377,275,2025-11-06,1012,660,40,19,Night
646,11,468,310,2026-03-16,979,640,62,21,Evening
647,21,508,78,2026-03-23,836,774,72,23,Morning
648,17,413,153,2025-09-05,867,726,99,23,Morning
649,14,662,343,2026-06-08,988,930,111,12,Morning
650,8,286,250,2025-08-11,999,631,19,1,Evening
651,18,226,21,2026-03-15,810,612,13,18,Night
652,22,269,355,2026-05-06,1121,1105,104,9,Night
653,13,58,68,2026-03-01,1168,1022,26,16,Evening
654,4,151,229,2025-10-27,832,680,40,1,Night
655,24,391,252,2026-02-28,1109,696,10,16,Morning
656,9,990,392,2025-06-29,1035,747,25,25,Evening
657,2,310,304,2026-01-27,1101,696,104,12,Night
658,8,248,208,2025-09-27,1054,642,43,5,Evening
659,22,341,487,2025-08-16,916,714,65,8,Night
660,12,805,55,2025-12-23,949,777,27,3,Evening
661,2,955,391,2026-02-18,890,824,115,10,Morning
662,16,900,152,2025-11-11,895,810,97,16,Morning
663,1,31,290,2025-12-19,982,661,87,23,Evening
664,16,476,158,2026-04-20,1183,940,120,22,Evening
665,12,571,107,2025-06-23,977,844,98,17,Morning
666,15,500,160,2025-10-02,812,607,13,10,Morning
667,17,206,393,2025-09-08,951,928,63,13,Evening
668,12,159,270,2026-03-14,881,624,95,16,Evening
669,19,452,302,2026-06-04,1176,1098,76,3,Morning
670,14,266,161,2025-10-05,1034,813,107,7,Evening
671,13,189,398,2025-12-01,1120,931,72,23,Night
672,17,232,232,2025-07-01,827,784,55,16,Night
673,13,399,187,2026-06-19,1097,727,23,3,Evening
674,22,575,371,2026-06-08,824,639,62,18,Morning
675,22,870,51,2025-07-21,816,802,106,10,Night
676,21,48,164,2025-09-02,1105,960,39,23,Morning
677,18,951,435,2025-10-06,1109,643,31,24,Morning
678,6,889,362,2026-04-26,1054,1008,114,19,Night
679,19,229,150,2026-02-01,1130,984,24,11,Morning
680,20,500,403,2025-12-20,1022,737,65,23,Night
681,21,286,478,2026-01-11,1036,755,16,13,Morning
682,8,322,460,2025-08-02,1054,1004,36,6,Morning
683,7,795,491,2025-08-26,1135,989,57,8,Morning
684,19,108,171,2026-05-12,1147,665,41,8,Night
685,15,962,207,2026-02-07,971,717,52,9,Night
686,25,746,66,2026-04-22,929,734,103,24,Night
687,18,294,227,2025-09-09,957,666,32,25,Night
688,9,200,290,2026-05-28,939,602,7,25,Night
689,12,927,460,2026-01-06,828,804,112,25,Night
690,2,893,68,2026-05-18,875,856,22,3,Night
691,19,904,422,2026-04-17,1124,1001,118,24,Morning
692,4,44,46,2026-05-23,1072,600,53,14,Night
693,7,593,446,2025-07-19,1188,1056,84,12,Evening
694,25,178,376,2025-07-03,973,886,64,25,Evening
695,19,355,207,2025-09-03,937,793,55,21,Night
696,16,852,249,2025-11-26,835,749,17,7,Evening
697,13,20,44,2025-12-17,954,847,72,13,Morning
698,12,178,373,2026-02-04,870,625,15,24,Morning
699,18,894,318,2026-05-01,1071,1057,34,4,Night
700,4,732,399,2026-02-10,918,670,74,10,Morning
701,5,576,98,2025-12-14,982,931,66,23,Night
702,15,399,324,2025-10-06,924,815,46,2,Night
703,10,769,47,2026-04-17,800,641,91,13,Morning
704,17,351,4,2025-08-10,834,828,43,2,Morning
705,1,844,445,2025-08-08,1042,1029,67,2,Morning
706,3,259,215,2026-05-31,1067,659,42,7,Morning
707,7,572,423,2026-02-02,963,882,64,12,Night
708,5,823,74,2026-04-23,982,691,54,17,Evening
709,23,546,283,2025-09-28,1131,718,55,19,Morning
710,13,617,16,2025-07-03,1006,786,76,10,Evening
711,3,977,62,2025-10-26,1049,843,7,20,Morning
712,24,308,468,2026-01-09,1168,1067,34,20,Morning
713,14,492,412,2025-11-10,1159,1152,57,8,Night
714,20,222,396,2026-05-19,1020,864,93,1,Morning
715,11,471,118,2025-10-13,1190,1060,16,2,Morning
716,24,825,438,2025-08-12,920,750,85,22,Morning
717,9,564,74,2025-10-31,995,882,115,6,Morning
718,17,631,391,2025-09-13,888,860,24,12,Morning
719,17,729,46,2026-02-17,1145,1033,40,12,Morning
720,10,712,167,2025-12-08,874,637,21,18,Evening
721,19,995,223,2026-02-09,1048,794,35,21,Morning
722,13,815,94,2025-07-24,1079,794,26,25,Night
723,20,340,425,2026-06-10,1043,734,110,10,Night
724,2,695,413,2026-06-04,1065,727,69,3,Morning
725,19,67,446,2026-04-10,1176,750,100,4,Morning
726,22,541,464,2025-06-30,1195,1121,63,21,Evening
727,5,518,359,2026-04-09,1193,622,106,9,Evening
728,10,670,270,2026-06-14,878,855,97,0,Morning
729,18,593,45,2025-07-07,1076,698,4,24,Night
730,5,339,81,2025-11-15,1105,913,93,20,Night
731,8,706,208,2025-09-27,848,672,12,21,Night
732,22,878,75,2025-08-27,1105,799,90,20,Evening
733,20,468,179,2026-03-20,1097,859,11,24,Morning
734,5,99,195,2026-06-06,1038,1011,1,16,Night
735,20,558,315,2026-04-23,1129,976,22,20,Night
736,14,210,98,2026-02-14,922,836,46,10,Evening
737,20,262,490,2025-08-19,979,752,26,24,Night
738,8,893,376,2025-10-08,1105,867,49,20,Morning
739,15,218,281,2026-05-12,936,842,15,25,Evening
740,10,808,489,2025-12-29,1038,635,27,1,Evening
741,19,404,500,2025-12-06,946,798,54,8,Night
742,13,61,219,2026-02-08,946,848,94,24,Night
743,20,83,89,2026-03-24,1172,735,60,12,Morning
744,14,702,430,2025-10-30,1076,640,104,9,Night
745,6,941,35,2026-02-09,929,805,55,9,Evening
746,7,518,251,2026-04-09,859,621,76,12,Night
747,6,689,364,2025-08-09,1192,1130,110,16,Morning
748,12,238,393,2025-09-02,827,702,68,16,Evening
749,6,15,282,2025-10-29,1019,939,114,18,Night
750,1,51,296,2025-12-23,1116,863,73,7,Night
751,13,246,290,2026-04-12,1061,800,118,11,Evening
752,8,97,28,2025-06-30,926,675,5,7,Night
753,24,878,442,2025-07-25,1025,1002,30,11,Morning
754,25,466,157,2025-08-31,928,768,42,2,Morning
755,19,5,105,2025-12-02,1156,842,39,15,Evening
756,9,442,117,2026-03-17,976,775,85,15,Morning
757,2,616,469,2025-10-12,1199,1086,15,3,Evening
758,19,816,265,2026-05-01,1172,702,49,2,Night
759,23,516,265,2026-01-02,843,717,83,6,Morning
760,21,850,114,2025-12-24,1023,844,59,0,Morning
761,9,324,89,2025-10-07,1179,1054,72,5,Night
762,22,141,223,2026-02-18,855,848,3,6,Morning
763,15,921,157,2025-07-13,935,726,46,2,Morning
764,24,865,180,2025-09-22,946,739,80,7,Morning
765,7,667,267,2026-01-04,888,707,46,4,Night
766,10,498,180,2025-09-10,891,653,82,19,Morning
767,13,435,426,2025-08-14,1080,1072,62,18,Evening
768,24,857,474,2025-07-03,971,904,67,21,Evening
769,5,505,402,2026-04-18,1075,1062,114,12,Night
770,1,636,158,2026-06-08,1051,843,106,0,Night
771,24,895,168,2026-05-28,898,714,82,19,Night
772,5,159,285,2026-03-30,961,699,106,19,Morning
773,21,896,86,2025-11-06,1039,1017,32,23,Night
774,19,638,292,2026-04-23,870,796,104,23,Morning
775,10,4,22,2025-10-25,900,824,73,23,Evening
776,21,890,313,2025-08-29,993,658,86,2,Night
777,14,955,472,2025-11-23,981,789,12,19,Morning
778,7,317,32,2025-12-10,1192,1074,88,4,Evening
779,10,918,265,2025-08-17,981,870,41,24,Evening
780,12,958,256,2025-11-08,1178,691,15,5,Morning
781,6,350,386,2025-10-17,1200,1035,94,3,Morning
782,12,925,79,2025-10-23,858,686,103,8,Evening
783,19,50,358,2026-04-12,1075,1048,63,6,Morning
784,17,530,422,2025-12-24,949,685,35,2,Evening
785,14,470,258,2025-12-29,1093,1055,82,16,Evening
786,19,901,481,2026-01-06,815,715,108,18,Evening
787,7,467,406,2025-08-24,945,781,68,5,Morning
788,9,990,43,2026-05-20,1131,1019,99,5,Night
789,12,952,6,2025-09-01,1002,888,17,20,Night
790,13,628,257,2025-07-26,886,851,77,5,Night
791,2,145,249,2026-01-09,840,767,65,13,Evening
792,15,334,182,2025-09-19,954,690,47,0,Morning
793,20,577,322,2026-01-05,900,730,28,14,Night
794,21,986,117,2025-10-03,999,769,11,22,Morning
795,10,451,450,2025-10-24,1048,895,48,25,Evening
796,8,507,422,2026-05-17,1000,784,99,23,Morning
797,10,528,250,2025-06-30,879,817,48,12,Night
798,14,824,431,2025-10-30,1022,819,47,19,Night
799,10,278,415,2025-09-22,1130,1112,113,5,Evening
800,20,176,6,2026-01-17,1163,881,36,22,Evening
801,3,586,234,2026-03-15,1083,836,54,22,Night
802,15,515,361,2026-02-20,894,728,54,9,Morning
803,1,111,32,2025-09-08,861,706,117,18,Morning
804,24,325,331,2025-11-26,1074,1015,11,16,Evening
805,19,192,229,2026-04-19,987,883,43,7,Night
806,7,360,227,2025-10-31,968,923,93,9,Night
807,24,490,382,2026-06-19,813,662,35,19,Night
808,8,653,5,2025-12-30,1155,822,30,23,Morning
809,22,567,453,2025-10-01,861,620,100,11,Evening
810,14,346,32,2026-04-12,1141,960,80,11,Night
811,22,350,356,2025-10-08,1030,890,0,21,Evening
812,7,348,3,2026-05-20,1141,627,97,16,Evening
813,5,556,374,2026-05-03,923,713,91,15,Night
814,9,308,496,2026-02-12,847,649,29,22,Night
815,2,190,313,2026-03-27,835,619,113,2,Evening
816,5,417,235,2026-03-02,925,885,29,6,Morning
817,6,412,91,2025-12-20,1101,743,64,2,Evening
818,7,411,319,2026-02-24,1200,755,31,23,Evening
819,10,234,238,2025-10-24,1087,1061,70,22,Morning
820,22,494,440,2025-09-20,976,800,75,0,Evening
821,9,359,412,2026-05-20,853,696,93,23,Night
822,3,234,318,2026-04-21,814,814,35,6,Morning
823,25,138,49,2026-01-25,1008,782,24,13,Night
824,17,541,351,2025-12-17,976,600,32,14,Night
825,14,535,76,2025-11-26,894,665,111,14,Evening
826,22,447,259,2025-08-29,863,820,22,9,Morning
827,21,923,176,2026-01-15,853,782,62,24,Night
828,1,41,224,2025-12-28,981,915,23,7,Night
829,23,91,330,2025-08-02,916,809,81,15,Evening
830,10,436,417,2025-09-10,1127,988,81,2,Evening
831,19,763,30,2025-08-28,889,789,114,8,Evening
832,17,268,161,2026-05-05,982,872,69,16,Morning
833,2,663,309,2025-12-13,1051,849,118,20,Night
834,10,283,53,2025-06-29,1102,1059,77,12,Night
835,2,749,243,2026-05-01,1052,842,50,13,Morning
836,6,148,80,2026-01-11,838,713,13,0,Night
837,19,533,215,2026-06-02,1042,1014,37,5,Night
838,16,81,465,2025-08-07,941,632,4,21,Evening
839,1,987,103,2025-10-29,895,875,118,23,Morning
840,1,312,401,2025-11-05,1050,628,43,1,Night
841,8,23,416,2026-03-04,946,697,52,10,Evening
842,22,245,491,2025-09-07,1131,608,7,8,Evening
843,3,361,353,2025-06-23,877,829,13,5,Evening
844,22,1000,476,2026-02-20,805,800,42,10,Morning
845,24,804,453,2025-11-22,1174,867,109,7,Morning
846,15,668,305,2026-04-04,835,762,42,6,Night
847,22,248,342,2025-09-27,1126,941,11,16,Evening
848,6,167,486,2026-02-18,1097,721,91,17,Night
849,9,71,192,2026-03-17,1198,695,12,14,Morning
850,7,780,221,2025-07-29,1131,873,119,16,Evening
851,15,571,404,2025-10-30,851,618,60,10,Night
852,19,866,331,2026-01-16,887,799,60,20,Evening
853,2,777,247,2025-07-06,992,976,21,9,Morning
854,13,90,258,2025-10-28,878,622,53,8,Morning
855,20,416,410,2025-09-22,965,624,71,9,Evening
856,13,183,472,2025-12-13,1026,651,84,22,Morning
857,22,703,180,2026-05-06,849,806,119,24,Evening
858,20,601,488,2026-01-16,1159,697,9,7,Morning
859,20,426,172,2026-03-21,934,866,15,4,Evening
860,11,389,157,2025-10-11,886,636,71,23,Morning
861,2,593,4,2025-10-19,936,687,111,15,Night
862,15,135,61,2026-01-19,801,763,44,25,Night
863,25,846,29,2025-09-25,838,728,114,11,Evening
864,1,396,243,2025-11-01,1103,965,1,21,Night
865,14,625,133,2025-11-20,1197,815,77,20,Evening
866,18,969,127,2025-10-20,1137,997,85,18,Night
867,12,967,43,2025-12-05,905,816,7,4,Night
868,18,868,257,2025-11-22,846,685,44,17,Night
869,1,959,336,2025-08-15,1148,719,4,4,Morning
870,22,334,58,2026-03-30,1031,822,19,8,Night
871,18,474,165,2026-04-08,1096,717,80,9,Morning
872,17,269,114,2025-08-18,898,752,76,1,Night
873,16,213,188,2026-06-04,899,604,38,11,Evening
874,6,829,42,2026-01-15,1114,1067,77,25,Night
875,19,480,192,2026-05-17,886,725,112,0,Night
876,16,225,205,2026-01-05,963,606,25,21,Evening
877,3,743,469,2025-09-30,1043,895,76,3,Night
878,25,458,109,2025-09-27,861,738,23,2,Night
879,9,878,7,2025-07-16,1168,613,64,23,Evening
880,25,707,401,2026-04-04,905,808,120,18,Morning
881,7,231,239,2025-09-15,1148,638,65,22,Evening
882,10,862,499,2025-12-22,1133,1059,1,23,Morning
883,13,605,178,2026-06-19,972,608,30,4,Night
884,13,536,332,2025-08-02,1200,1187,103,16,Morning
885,16,961,406,2026-01-16,1103,955,64,16,Evening
886,6,826,30,2026-02-23,1156,1026,12,9,Night
887,2,434,284,2026-05-02,868,688,22,17,Evening
888,21,731,478,2025-08-05,842,701,49,21,Evening
889,23,529,444,2026-06-03,836,775,10,11,Evening
890,5,277,452,2025-12-07,921,629,67,2,Evening
891,13,379,82,2025-10-12,974,772,11,9,Morning
892,12,995,59,2025-12-31,980,928,0,22,Evening
893,22,167,252,2026-01-01,860,782,2,5,Night
894,18,320,411,2025-08-13,1171,1045,75,1,Night
895,9,44,60,2026-02-21,846,814,21,5,Evening
896,11,987,258,2026-04-23,840,715,45,23,Morning
897,9,706,491,2026-01-02,1131,961,3,25,Night
898,11,913,74,2025-11-26,950,923,94,18,Morning
899,3,581,33,2025-06-26,1161,710,81,15,Evening
900,8,493,241,2025-12-30,1187,921,10,22,Night
901,20,196,293,2026-04-05,886,758,69,8,Night
902,14,493,143,2026-05-11,1024,1006,18,7,Morning
903,7,529,185,2025-07-13,1036,737,7,7,Night
904,12,956,206,2025-08-13,1189,876,31,2,Night
905,23,292,458,2026-05-21,1072,1000,59,22,Night
906,22,620,30,2025-09-17,1194,1020,16,18,Evening
907,2,163,260,2025-07-20,1085,754,35,8,Evening
908,1,135,356,2025-11-12,934,760,55,25,Evening
909,1,660,28,2025-10-05,955,789,68,13,Morning
910,4,753,199,2025-11-28,937,907,110,13,Night
911,4,91,79,2026-06-13,920,773,113,21,Evening
912,3,623,159,2025-07-08,1182,670,66,10,Evening
913,6,288,221,2026-05-27,897,783,5,2,Morning
914,3,865,346,2025-09-02,818,770,78,4,Night
915,4,402,444,2025-12-05,1193,846,93,7,Night
916,19,338,124,2026-05-29,803,735,89,9,Morning
917,14,653,268,2026-01-18,1102,698,3,23,Evening
918,18,808,125,2026-04-30,998,631,41,20,Morning
919,7,724,398,2025-07-31,977,711,86,15,Night
920,5,547,408,2025-06-27,1022,799,31,2,Night
921,3,361,61,2025-12-18,944,830,86,25,Evening
922,4,992,383,2025-10-31,809,767,69,7,Morning
923,24,452,32,2025-12-12,930,601,97,8,Night
924,10,613,391,2025-12-20,1018,952,64,11,Morning
925,20,675,365,2026-04-28,1111,1025,44,5,Night
926,8,505,425,2026-04-20,945,637,15,4,Night
927,17,129,244,2025-07-08,997,847,80,23,Morning
928,13,988,322,2025-12-19,866,759,61,9,Morning
929,18,472,241,2025-06-24,894,671,42,21,Morning
930,18,792,256,2026-03-29,1125,733,24,7,Night
931,6,748,466,2026-06-06,949,848,54,23,Morning
932,8,680,15,2026-04-13,931,618,14,21,Morning
933,3,12,332,2025-07-29,926,673,65,25,Evening
934,13,282,281,2026-01-09,1145,1143,63,3,Morning
935,6,250,33,2025-11-15,1004,912,73,14,Morning
936,7,480,149,2026-03-16,1150,1008,120,25,Morning
937,1,194,25,2026-02-27,937,922,24,21,Morning
938,1,478,208,2026-05-05,1102,1037,93,11,Morning
939,17,878,382,2025-11-23,899,632,39,7,Evening
940,2,297,19,2025-10-07,1132,1118,120,9,Evening
941,9,786,286,2025-12-08,1114,947,29,3,Morning
942,7,485,265,2026-04-21,983,785,25,7,Evening
943,4,942,127,2025-06-25,1016,902,54,4,Morning
944,19,2,409,2025-12-27,981,698,31,21,Evening
945,15,795,295,2025-09-18,1200,923,41,13,Evening
946,19,189,468,2025-10-23,809,702,61,0,Evening
947,7,332,1,2025-11-26,1166,1113,87,7,Evening
948,19,781,464,2026-03-21,928,807,99,15,Morning
949,18,772,266,2026-01-09,908,767,26,21,Morning
950,20,749,437,2025-06-24,883,707,94,19,Morning
951,7,376,34,2026-05-01,1199,691,83,25,Morning
952,17,570,469,2025-08-07,837,670,1,12,Evening
953,24,191,5,2025-11-09,852,800,41,0,Night
954,8,673,389,2025-10-26,970,726,27,8,Evening
955,18,792,353,2026-05-26,988,619,44,16,Night
956,12,90,489,2025-07-05,847,652,103,9,Night
957,21,490,116,2025-10-04,1005,831,77,12,Night
958,22,313,185,2026-01-12,1102,723,33,6,Night
959,18,247,245,2026-05-15,1077,899,98,6,Evening
960,17,271,280,2025-08-28,890,886,74,0,Morning
961,14,696,494,2026-04-15,1087,869,20,22,Morning
962,25,9,79,2025-09-27,1184,649,50,19,Evening
963,20,470,481,2025-12-22,1049,960,6,23,Night
964,8,710,391,2026-02-26,942,657,76,8,Morning
965,9,166,139,2025-10-21,1067,661,38,12,Evening
966,20,35,85,2025-12-22,1089,728,58,7,Night
967,18,93,311,2026-01-23,990,840,37,14,Evening
968,7,636,28,2025-09-18,853,630,21,18,Evening
969,22,129,275,2025-11-06,1007,959,9,19,Night
970,16,717,289,2026-05-11,1012,736,38,0,Night
971,4,545,167,2026-04-09,1088,821,4,24,Morning
972,25,555,429,2025-10-15,1030,927,58,11,Evening
973,12,358,103,2025-11-18,1029,612,106,23,Night
974,16,103,255,2026-03-29,1178,1065,39,13,Evening
975,20,149,284,2026-03-20,1089,959,38,18,Morning
976,19,588,471,2025-11-20,1160,865,11,13,Evening
977,10,970,45,2025-12-19,986,817,87,5,Morning
978,19,241,364,2026-04-24,886,812,110,20,Morning
979,23,747,286,2025-12-21,1122,627,77,1,Morning
980,17,384,55,2025-12-03,808,733,61,23,Evening
981,18,191,234,2026-03-03,1048,600,22,3,Evening
982,23,480,26,2025-12-17,1167,819,76,3,Morning
983,1,637,466,2025-09-21,1136,850,32,24,Evening
984,22,84,253,2025-09-02,1052,662,59,19,Morning
985,11,859,72,2025-08-19,824,668,39,5,Evening
986,22,386,380,2026-05-09,1173,779,33,22,Evening
987,3,247,488,2026-06-21,1020,841,63,11,Evening
988,24,359,53,2026-03-31,820,702,85,13,Night
989,18,806,429,2025-10-03,1141,738,43,18,Morning
990,21,77,58,2025-08-29,1003,994,51,21,Morning
991,25,342,290,2025-11-18,902,695,13,7,Evening
992,13,255,147,2025-10-01,837,717,59,12,Night
993,20,697,13,2026-05-03,834,664,12,8,Night
994,16,605,330,2025-11-21,1024,903,57,21,Night
995,6,749,335,2025-11-09,1170,864,119,4,Night
996,14,215,242,2025-12-26,1103,839,102,1,Morning
997,15,944,471,2026-01-30,1123,705,97,2,Morning
998,12,571,127,2026-04-11,922,856,48,0,Evening
999,4,624,469,2026-04-18,1085,683,40,0,Morning
1000,4,371,195,2026-01-25,870,706,37,5,Night
1001,13,716,137,2025-09-24,1104,672,30,7,Morning
1002,17,194,489,2026-03-15,1196,839,33,11,Morning
1003,3,546,227,2025-07-13,1013,783,115,25,Evening
1004,22,623,102,2025-06-29,888,792,19,4,Night
1005,13,573,35,2026-06-21,957,887,48,14,Evening
1006,17,976,28,2026-06-07,1134,711,17,12,Evening
1007,20,215,256,2026-02-04,1024,809,63,7,Night
1008,23,853,22,2025-11-12,1109,865,28,24,Night
1009,3,60,195,2026-02-15,1025,774,105,25,Night
1010,18,869,90,2025-06-24,919,880,59,23,Morning
1011,12,179,258,2025-07-09,818,696,116,16,Night
1012,20,598,347,2026-05-10,997,975,75,19,Night
1013,20,809,381,2026-04-06,1078,600,51,6,Morning
1014,3,702,60,2026-01-19,1059,958,114,10,Night
1015,13,633,74,2025-12-12,884,808,2,10,Morning
1016,24,78,316,2025-10-13,1009,601,114,17,Evening
1017,12,677,119,2025-11-26,813,625,113,2,Night
1018,9,590,85,2026-04-12,827,642,35,22,Evening
1019,2,691,267,2026-04-16,1044,667,67,5,Evening
1020,1,849,159,2025-12-07,1173,758,120,20,Morning
1021,23,560,418,2025-12-24,1125,894,71,22,Evening
1022,15,621,424,2026-01-22,1154,1137,10,6,Evening
1023,14,413,384,2026-01-14,1062,848,95,2,Morning
1024,18,465,426,2025-11-11,843,624,56,6,Morning
1025,21,837,366,2025-11-05,888,600,83,21,Evening
1026,17,618,130,2025-11-23,881,788,120,21,Night
1027,12,183,243,2026-04-09,1119,972,16,8,Night
1028,6,447,403,2025-09-01,1033,940,63,25,Morning
1029,1,102,420,2026-03-03,1192,691,120,2,Night
1030,3,318,97,2026-01-27,1152,920,64,7,Morning
1031,18,465,81,2025-10-14,866,826,77,18,Morning
1032,14,119,188,2026-05-30,922,653,114,3,Morning
1033,23,723,397,2026-04-15,856,692,84,8,Night
1034,4,663,465,2026-04-16,915,900,70,21,Night
1035,18,402,24,2026-02-07,900,665,44,0,Morning
1036,25,396,289,2026-06-01,1147,1042,33,19,Night
1037,14,33,80,2026-03-12,1174,1149,80,5,Evening
1038,20,11,362,2026-06-20,1009,641,33,4,Night
1039,18,639,57,2025-08-19,889,850,68,25,Evening
1040,24,118,414,2025-08-19,1012,777,7,5,Morning
1041,13,31,473,2025-11-18,968,735,8,25,Evening
1042,5,655,147,2025-10-28,1145,904,84,19,Morning
1043,25,522,36,2025-12-22,872,651,23,11,Evening
1044,16,58,373,2026-04-20,924,823,97,10,Night
1045,11,183,240,2026-01-20,1154,682,40,21,Night
1046,8,476,33,2025-08-26,826,691,24,17,Morning
1047,8,365,67,2025-10-13,943,848,46,0,Night
1048,7,606,313,2025-12-14,830,770,31,22,Morning
1049,11,202,81,2026-02-05,1119,1056,41,12,Evening
1050,1,868,450,2025-07-31,1123,1028,81,12,Night
1051,14,6,179,2025-10-15,1170,726,62,3,Morning
1052,5,794,50,2025-12-17,893,730,4,11,Morning
1053,8,79,421,2026-02-19,892,736,95,2,Night
1054,22,239,28,2026-02-07,1165,839,55,19,Morning
1055,7,204,190,2025-09-12,1141,741,43,21,Morning
1056,25,763,70,2026-05-05,884,874,42,23,Night
1057,12,312,427,2025-08-01,828,805,49,0,Evening
1058,23,81,142,2025-12-13,803,787,100,4,Night
1059,21,535,299,2026-01-04,996,882,100,3,Evening
1060,17,197,454,2025-08-29,978,618,22,19,Night
1061,11,713,356,2026-04-24,1189,1166,0,8,Evening
1062,12,957,345,2026-01-16,893,697,110,13,Evening
1063,19,119,413,2026-02-27,1059,996,78,20,Evening
1064,11,712,363,2026-03-31,813,732,119,22,Evening
1065,12,925,454,2026-03-19,1007,731,76,21,Night
1066,13,56,431,2026-06-09,805,677,68,5,Evening
1067,15,813,71,2025-08-05,1119,847,114,8,Morning
1068,2,129,128,2025-11-13,1186,1115,79,21,Morning
1069,14,434,347,2026-04-01,834,736,2,13,Evening
1070,14,57,50,2025-08-24,1030,989,117,25,Night
1071,14,214,499,2025-08-20,885,721,92,21,Night
1072,8,513,359,2025-12-20,887,799,95,13,Evening
1073,25,121,25,2025-10-05,1072,943,35,17,Night
1074,11,38,299,2026-01-04,935,890,94,0,Night
1075,24,732,420,2025-08-07,923,921,51,12,Evening
1076,1,861,470,2026-03-08,1058,932,38,7,Evening
1077,12,736,93,2026-05-22,820,801,108,21,Morning
1078,14,639,203,2026-02-24,1175,691,119,14,Morning
1079,6,213,114,2026-02-21,1021,863,94,1,Evening
1080,13,57,257,2025-07-01,981,838,1,3,Evening
1081,18,178,142,2025-07-15,1061,769,60,15,Night
1082,20,988,51,2025-10-25,902,659,101,5,Night
1083,16,761,46,2025-09-03,981,891,36,21,Morning
1084,16,84,12,2025-09-28,1158,786,68,14,Night
1085,23,723,222,2025-10-28,880,610,92,8,Night
1086,13,905,254,2026-04-22,898,747,96,9,Morning
1087,14,856,81,2026-05-23,1122,927,91,2,Morning
1088,1,204,296,2025-09-03,804,776,27,1,Morning
1089,12,505,182,2026-04-04,1059,705,30,16,Evening
1090,5,359,341,2025-08-05,1185,733,107,23,Morning
1091,21,319,236,2025-10-02,1158,906,95,3,Evening
1092,23,912,6,2025-06-27,1156,703,4,18,Night
1093,15,403,132,2026-03-02,1189,820,41,16,Night
1094,6,207,231,2025-08-23,982,870,2,13,Evening
1095,9,913,182,2025-09-17,841,701,15,7,Evening
1096,25,586,428,2025-07-10,1196,1075,95,24,Evening
1097,3,723,256,2026-05-12,1075,656,64,19,Morning
1098,17,447,308,2026-04-30,1185,1126,40,4,Night
1099,1,422,369,2025-10-02,973,861,37,1,Night
1100,24,598,390,2025-08-18,1042,729,35,10,Evening
1101,4,425,125,2025-09-05,1041,748,2,20,Night
1102,13,173,432,2026-04-21,921,661,96,15,Evening
1103,5,877,400,2026-05-01,1082,910,37,0,Evening
1104,1,55,109,2025-08-04,1080,642,36,12,Night
1105,16,562,140,2025-12-02,1024,884,110,5,Morning
1106,22,890,61,2025-09-15,1026,980,109,2,Morning
1107,7,760,318,2026-05-10,981,611,92,18,Evening
1108,6,739,199,2025-11-29,896,886,1,24,Evening
1109,4,429,416,2026-02-09,866,765,41,23,Morning
1110,16,924,76,2025-08-27,1014,680,60,19,Evening
1111,24,663,432,2025-10-28,1189,775,38,9,Night
1112,11,255,258,2025-11-22,828,808,22,13,Morning
1113,21,547,57,2026-02-02,976,969,93,25,Night
1114,1,819,245,2026-05-02,975,696,26,1,Morning
1115,16,445,323,2026-06-16,865,856,5,5,Evening
1116,10,948,370,2026-05-17,812,674,62,5,Night
1117,2,585,157,2026-01-21,955,655,101,15,Evening
1118,21,274,89,2025-06-25,988,613,109,12,Evening
1119,18,528,393,2025-11-27,1154,1020,48,10,Evening
1120,15,74,500,2025-12-06,973,882,91,17,Evening
1121,10,351,474,2026-05-21,871,721,69,0,Evening
1122,21,268,233,2026-01-01,911,858,69,12,Night
1123,13,892,43,2026-03-28,1011,903,56,15,Morning
1124,22,938,296,2026-02-08,808,745,112,0,Night
1125,1,681,297,2026-02-22,1030,667,89,8,Morning
1126,18,886,381,2026-02-28,922,740,10,0,Evening
1127,24,161,328,2025-11-15,941,744,6,2,Evening
1128,17,740,342,2026-04-03,1034,964,96,22,Night
1129,21,675,428,2026-03-06,1161,1035,2,18,Morning
1130,15,93,15,2026-03-10,877,619,89,3,Morning
1131,19,65,22,2025-07-29,936,903,98,2,Evening
1132,4,654,7,2026-03-25,1183,683,9,24,Evening
1133,22,187,116,2025-11-04,926,691,6,22,Morning
1134,16,270,390,2026-04-22,838,675,43,18,Night
1135,20,906,439,2026-02-04,907,709,88,4,Night
1136,19,102,417,2025-09-28,917,837,92,7,Evening
1137,17,675,152,2026-04-06,1124,997,79,4,Morning
1138,10,447,314,2026-02-28,939,643,13,18,Morning
1139,6,484,396,2026-05-02,937,798,115,21,Evening
1140,17,730,341,2025-09-15,856,722,73,6,Morning
1141,9,627,223,2025-09-08,927,870,47,20,Evening
1142,1,946,44,2026-05-10,841,650,10,5,Morning
1143,10,731,306,2025-10-21,956,887,92,10,Night
1144,11,351,229,2026-02-13,929,848,11,24,Evening
1145,2,392,218,2026-02-02,1070,661,0,23,Morning
1146,16,118,380,2025-11-17,985,840,66,15,Evening
1147,25,951,391,2025-10-31,827,813,40,14,Evening
1148,7,277,46,2026-04-02,992,761,111,1,Morning
1149,22,47,248,2026-04-05,896,744,82,22,Evening
1150,4,230,86,2025-12-12,820,809,93,10,Night
1151,10,708,195,2025-12-27,1013,695,112,16,Night
1152,22,623,457,2026-06-07,1006,967,51,9,Evening
1153,24,236,149,2026-01-08,832,625,35,25,Evening
1154,20,948,195,2025-07-10,1012,877,111,17,Morning
1155,23,748,264,2026-04-24,903,826,61,19,Evening
1156,16,95,31,2025-08-20,956,772,87,22,Evening
1157,19,880,124,2026-01-19,1076,941,10,1,Evening
1158,4,137,256,2025-07-21,1090,687,37,6,Morning
1159,15,748,387,2025-11-09,1005,904,91,19,Evening
1160,21,65,490,2026-05-18,922,631,29,6,Evening
1161,4,264,34,2025-12-26,1174,820,69,23,Night
1162,14,308,34,2026-01-17,1053,844,48,5,Morning
1163,22,376,382,2025-08-02,932,828,20,20,Night
1164,11,197,83,2025-08-22,914,882,86,4,Night
1165,12,444,275,2026-02-10,964,872,87,8,Night
1166,23,671,248,2026-04-08,1164,829,94,10,Night
1167,19,347,234,2025-09-14,1171,645,80,9,Morning
1168,7,477,479,2025-09-17,932,677,10,13,Evening
1169,1,959,34,2026-02-06,900,857,74,22,Evening
1170,16,293,45,2025-08-22,1117,1053,42,19,Evening
1171,1,192,371,2026-02-09,918,805,54,2,Evening
1172,4,739,110,2026-06-05,971,963,53,17,Morning
1173,17,289,170,2026-05-11,842,702,106,3,Morning
1174,19,961,149,2026-05-13,1079,1044,91,8,Evening
1175,5,561,420,2026-03-18,945,860,81,2,Morning
1176,5,105,59,2026-01-14,1039,768,41,22,Evening
1177,5,135,319,2026-06-05,920,732,7,4,Morning
1178,15,106,440,2026-04-20,969,899,67,8,Night
1179,8,64,376,2025-09-27,890,634,109,15,Evening
1180,21,552,133,2026-06-04,882,745,66,25,Morning
1181,1,197,143,2026-01-14,971,678,86,20,Night
1182,15,655,317,2025-11-10,871,681,114,10,Night
1183,18,176,25,2026-04-20,828,755,31,12,Morning
1184,23,329,343,2026-05-29,866,810,103,10,Evening
1185,10,205,39,2025-09-16,1193,917,89,14,Evening
1186,22,486,478,2025-12-26,1164,927,88,17,Night
1187,12,794,287,2026-06-01,1200,608,89,12,Morning
1188,3,124,383,2026-02-01,1164,717,113,12,Night
1189,4,282,286,2025-12-11,1072,661,33,9,Evening
1190,25,67,418,2025-09-22,806,734,34,12,Night
1191,7,243,169,2026-02-03,958,697,50,14,Evening
1192,10,179,356,2026-05-02,998,622,67,21,Night
1193,5,403,221,2025-08-03,806,751,26,11,Evening
1194,19,752,475,2026-01-03,943,935,107,6,Evening
1195,14,463,50,2025-12-26,990,617,24,13,Morning
1196,11,657,276,2025-07-31,1165,682,58,9,Night
1197,3,109,486,2026-01-31,869,692,28,2,Night
1198,24,953,333,2026-02-21,1174,1087,23,19,Evening
1199,18,466,232,2026-03-25,920,603,119,23,Evening
1200,11,939,118,2026-04-21,1182,638,105,13,Night
1201,23,391,260,2025-07-13,1139,751,88,12,Night
1202,14,477,229,2025-09-07,1089,602,0,3,Morning
1203,9,704,480,2026-01-23,849,784,34,2,Morning
1204,2,296,56,2025-09-05,881,823,55,9,Evening
1205,21,317,276,2025-12-12,828,733,53,6,Morning
1206,1,414,398,2026-04-11,800,602,22,17,Night
1207,13,750,324,2025-12-23,1075,905,97,21,Night
1208,23,698,54,2026-03-06,846,635,118,10,Morning
1209,5,500,5,2025-10-14,1073,622,38,11,Morning
1210,15,8,270,2025-08-15,909,628,88,13,Evening
1211,22,817,373,2025-10-27,922,694,9,25,Night
1212,20,253,63,2026-06-10,1059,1026,78,16,Morning
1213,20,739,191,2025-09-05,1124,871,19,22,Night
1214,9,785,11,2026-01-09,829,615,47,23,Night
1215,23,183,21,2026-05-04,1130,1075,49,17,Morning
1216,14,653,177,2025-11-21,812,642,32,5,Night
1217,24,691,12,2025-09-01,1061,873,20,21,Morning
1218,11,283,375,2025-08-13,1043,856,81,9,Morning
1219,2,552,207,2026-04-25,885,795,21,3,Morning
1220,16,342,220,2026-04-18,1014,903,3,23,Night
1221,21,992,88,2026-05-14,1184,746,38,4,Morning
1222,10,363,196,2025-12-17,928,748,29,25,Morning
1223,10,926,306,2025-12-28,966,690,20,4,Morning
1224,1,846,85,2025-07-04,1185,1076,49,24,Morning
1225,24,413,187,2025-12-04,927,659,85,7,Evening
1226,16,565,29,2026-05-17,1177,1037,21,7,Evening
1227,4,186,55,2025-10-25,1199,1041,53,19,Evening
1228,24,404,214,2026-03-11,986,705,56,11,Morning
1229,13,597,320,2025-09-16,934,863,33,12,Evening
1230,24,236,373,2025-09-22,957,768,42,7,Evening
1231,2,407,369,2025-10-21,891,600,1,7,Evening
1232,8,502,308,2025-12-24,845,731,92,21,Morning
1233,3,848,449,2026-02-28,888,837,63,22,Morning
1234,24,496,67,2026-05-21,1027,613,58,25,Morning
1235,15,874,220,2026-04-15,1057,600,19,22,Morning
1236,14,586,316,2026-06-08,1050,949,82,24,Evening
1237,20,600,485,2025-07-10,1175,786,74,9,Night
1238,21,137,463,2025-06-23,1147,953,32,20,Morning
1239,18,314,201,2026-04-24,1143,1097,36,16,Evening
1240,15,127,110,2025-09-08,846,844,96,10,Morning
1241,13,849,122,2025-12-20,1186,911,91,10,Evening
1242,5,610,376,2026-04-02,961,752,2,11,Evening
1243,11,46,224,2025-11-04,1197,922,40,17,Morning
1244,25,262,69,2025-08-19,1128,1116,68,15,Night
1245,18,986,75,2026-05-16,967,639,30,21,Morning
1246,15,934,453,2025-09-01,1024,986,89,5,Morning
1247,12,893,469,2026-05-27,859,749,65,10,Night
1248,1,404,147,2026-03-14,1131,762,81,9,Evening
1249,14,369,313,2026-01-17,844,752,19,19,Morning
1250,17,916,142,2026-06-07,975,717,104,21,Evening
1251,1,945,155,2026-04-23,862,670,11,12,Morning
1252,1,13,219,2026-04-25,1121,612,95,7,Morning
1253,22,135,5,2025-11-21,1015,764,109,24,Evening
1254,11,485,460,2026-03-01,912,667,104,4,Night
1255,19,120,47,2026-03-10,1000,883,43,9,Evening
1256,19,73,386,2026-03-07,912,700,120,8,Evening
1257,17,380,297,2025-10-11,941,698,82,16,Morning
1258,13,825,440,2025-10-12,1133,802,64,17,Morning
1259,24,271,222,2026-01-28,891,705,10,16,Evening
1260,24,644,243,2025-10-07,803,765,0,23,Morning
1261,14,110,424,2025-08-17,951,795,56,9,Night
1262,7,847,181,2026-04-03,1076,802,110,14,Evening
1263,10,643,334,2025-09-01,1133,814,8,13,Night
1264,20,822,219,2025-09-18,1024,657,54,22,Morning
1265,19,404,484,2026-03-01,1049,939,100,18,Night
1266,10,962,393,2026-06-20,847,646,78,6,Morning
1267,4,164,268,2026-02-18,1138,1075,18,9,Evening
1268,5,470,475,2025-10-16,1072,621,59,20,Night
1269,25,396,22,2026-03-15,983,897,97,16,Evening
1270,2,234,209,2026-02-20,930,667,92,3,Morning
1271,10,451,469,2025-10-21,1096,687,38,0,Evening
1272,6,964,257,2026-05-24,834,632,10,16,Morning
1273,7,457,173,2025-11-11,1088,1029,65,8,Night
1274,6,873,59,2026-06-12,907,699,27,1,Morning
1275,6,867,174,2025-12-07,957,603,8,7,Morning
1276,13,818,168,2026-06-11,985,922,84,23,Evening
1277,21,791,102,2025-11-19,960,873,20,13,Night
1278,22,360,262,2026-04-16,1073,615,33,1,Evening
1279,11,257,157,2026-03-03,977,664,54,23,Evening
1280,13,765,481,2025-11-23,1079,625,118,4,Night
1281,16,629,107,2026-04-13,895,692,117,9,Night
1282,3,581,132,2025-12-28,1050,750,3,7,Night
1283,3,762,197,2025-07-24,1085,733,89,21,Night
1284,3,433,494,2025-07-02,948,902,54,0,Night
1285,8,135,392,2025-11-13,801,639,42,19,Night
1286,23,841,237,2025-08-23,999,965,56,0,Night
1287,6,280,356,2026-02-26,1184,790,61,22,Night
1288,12,610,211,2025-11-21,887,694,30,5,Morning
1289,15,229,378,2026-03-30,1197,1059,52,17,Night
1290,12,76,44,2025-07-15,885,705,62,3,Morning
1291,18,338,355,2025-07-25,852,734,46,7,Evening
1292,25,847,115,2025-09-15,1156,1108,91,20,Morning
1293,8,51,317,2025-12-19,963,757,20,0,Night
1294,5,96,45,2025-09-14,1198,732,30,1,Morning
1295,5,320,199,2025-11-25,852,628,11,16,Evening
1296,17,768,20,2025-11-25,973,936,29,13,Evening
1297,17,743,116,2025-11-18,979,917,113,16,Morning
1298,15,764,273,2025-08-22,910,839,4,24,Night
1299,17,809,304,2025-07-16,913,861,118,8,Morning
1300,18,274,32,2025-09-13,984,869,119,0,Morning
1301,19,830,385,2025-09-28,1195,1042,29,20,Evening
1302,20,296,319,2025-07-02,1122,807,97,24,Evening
1303,2,54,476,2026-04-28,816,612,3,14,Night
1304,9,290,243,2025-07-25,1021,968,106,4,Night
1305,5,946,271,2026-04-01,1006,736,77,17,Morning
1306,15,667,423,2025-08-17,995,803,54,6,Night
1307,12,18,128,2026-05-31,1091,1070,13,7,Night
1308,21,709,419,2025-10-02,1106,1071,83,5,Evening
1309,2,377,356,2025-11-15,809,694,27,1,Evening
1310,14,184,248,2025-10-31,977,736,19,23,Evening
1311,1,286,314,2026-05-28,814,622,79,1,Evening
1312,16,378,259,2025-10-11,933,790,51,23,Morning
1313,23,348,369,2025-09-14,945,669,23,19,Night
1314,12,785,264,2025-07-10,1074,676,90,10,Morning
1315,14,489,44,2026-06-13,1162,1140,3,3,Evening
1316,3,184,85,2025-12-25,1041,711,63,5,Evening
1317,25,715,244,2026-01-29,1153,764,76,15,Morning
1318,21,137,80,2025-06-26,996,909,72,1,Night
1319,10,572,189,2025-12-21,950,650,65,19,Evening
1320,24,492,391,2025-10-02,1192,992,110,23,Evening
1321,15,90,396,2026-04-17,1183,903,1,10,Morning
1322,21,607,245,2025-10-09,829,605,20,21,Evening
1323,21,874,135,2025-09-09,818,752,1,10,Night
1324,19,516,294,2025-08-01,1195,1179,1,11,Night
1325,1,884,1,2025-10-04,914,874,71,18,Morning
1326,13,325,272,2026-02-27,994,923,58,22,Morning
1327,14,521,8,2025-08-22,813,671,112,5,Morning
1328,6,603,356,2025-09-12,980,796,51,3,Night
1329,10,584,394,2025-07-10,849,725,58,8,Evening
1330,19,894,12,2025-09-19,1020,984,77,1,Night
1331,9,193,299,2026-06-08,1187,1143,88,1,Evening
1332,11,84,248,2025-11-07,842,668,15,24,Night
1333,7,558,142,2025-12-05,1167,629,34,17,Night
1334,5,775,457,2026-06-02,985,621,85,9,Morning
1335,10,563,90,2025-11-18,1124,759,67,10,Evening
1336,5,883,414,2025-08-31,1110,749,84,21,Evening
1337,25,697,259,2026-02-11,1111,745,90,13,Morning
1338,11,676,196,2026-04-11,947,622,96,19,Morning
1339,14,992,250,2026-05-15,864,609,10,11,Morning
1340,10,60,414,2025-09-21,1088,718,95,3,Night
1341,12,450,344,2026-05-27,1110,897,17,5,Morning
1342,3,122,140,2025-11-16,813,791,26,0,Morning
1343,7,920,53,2026-02-02,1165,1061,57,17,Morning
1344,6,828,39,2026-03-02,972,608,116,12,Night
1345,12,747,216,2025-11-27,921,736,87,16,Morning
1346,22,949,348,2026-04-16,1071,894,30,11,Morning
1347,18,863,188,2026-01-16,875,713,86,24,Morning
1348,15,129,229,2026-05-05,966,704,2,16,Night
1349,8,339,274,2025-07-31,852,699,18,19,Evening
1350,13,923,387,2025-08-01,1005,907,116,14,Night
1351,17,571,259,2026-01-13,1060,1041,53,25,Night
1352,24,277,366,2026-04-20,807,723,119,11,Evening
1353,18,276,198,2025-06-26,1168,951,83,3,Night
1354,7,736,72,2025-10-20,904,826,92,6,Morning
1355,22,273,279,2025-11-27,852,758,0,15,Night
1356,8,6,98,2025-07-09,985,657,98,15,Night
1357,24,454,459,2026-02-21,1169,818,86,7,Morning
1358,8,792,55,2026-06-18,1086,1002,19,0,Evening
1359,4,910,434,2025-07-03,1100,808,64,17,Evening
1360,25,326,161,2025-07-26,1064,881,106,22,Morning
1361,19,121,227,2025-09-06,894,653,84,8,Evening
1362,15,754,238,2025-07-08,999,845,61,22,Night
1363,13,692,453,2025-07-26,1173,821,41,5,Morning
1364,23,433,186,2026-04-15,967,661,107,8,Night
1365,4,551,335,2026-05-25,819,716,104,8,Night
1366,12,448,183,2026-03-28,1127,959,1,0,Morning
1367,17,1000,77,2025-09-28,1162,1128,109,12,Evening
1368,20,25,385,2025-12-26,894,687,77,16,Evening
1369,25,912,375,2025-08-29,828,641,17,18,Night
1370,7,377,376,2025-11-05,987,645,25,15,Morning
1371,24,26,391,2025-09-25,1017,607,43,7,Night
1372,13,52,259,2026-04-23,826,790,120,0,Evening
1373,14,80,89,2026-03-14,1065,921,118,13,Morning
1374,17,261,148,2026-05-28,840,825,119,0,Morning
1375,10,67,56,2025-08-06,972,622,33,10,Evening
1376,16,342,384,2025-12-22,1142,986,49,2,Evening
1377,5,696,114,2025-10-12,913,837,50,23,Morning
1378,8,457,13,2026-04-27,1186,750,68,17,Evening
1379,1,806,416,2026-01-31,1005,612,80,9,Night
1380,20,82,212,2025-09-10,898,715,64,7,Evening
1381,6,518,74,2026-05-11,944,901,82,10,Evening
1382,12,387,36,2025-11-22,972,665,93,14,Morning
1383,14,20,156,2026-04-30,1125,852,35,4,Morning
1384,21,760,252,2025-10-29,1084,950,17,3,Night
1385,21,862,7,2026-05-13,911,898,106,22,Night
1386,11,777,283,2025-08-19,859,845,53,17,Evening
1387,9,113,298,2025-09-20,883,697,14,19,Night
1388,4,97,224,2025-12-27,927,730,20,1,Night
1389,18,385,493,2026-02-22,848,751,91,10,Evening
1390,13,812,440,2026-04-10,814,610,78,7,Night
1391,24,351,415,2026-04-08,875,638,60,8,Night
1392,18,144,326,2026-05-29,882,863,15,9,Morning
1393,25,911,486,2025-09-24,1182,611,101,19,Night
1394,19,759,234,2026-06-13,1107,1090,13,9,Evening
1395,13,647,131,2025-07-19,937,645,59,9,Night
1396,18,705,15,2025-10-10,1021,894,104,3,Night
1397,18,923,420,2025-12-01,1025,965,14,10,Night
1398,2,747,34,2026-04-21,1103,698,78,11,Night
1399,24,431,251,2025-10-12,1101,773,45,19,Morning
1400,14,351,418,2026-02-24,1126,793,116,6,Night
1401,19,584,424,2026-04-28,1200,916,14,6,Morning
1402,7,265,16,2025-06-24,904,719,103,24,Evening
1403,7,875,70,2026-06-04,827,673,66,11,Night
1404,20,171,137,2025-10-06,846,609,46,22,Night
1405,4,576,168,2026-01-09,1151,978,93,4,Evening
1406,24,464,62,2026-02-19,858,852,71,0,Evening
1407,16,8,318,2025-06-30,901,663,21,10,Evening
1408,2,449,191,2026-02-18,899,747,38,0,Evening
1409,9,782,346,2025-06-28,1170,855,93,23,Evening
1410,11,507,498,2026-05-25,990,811,7,9,Evening
1411,5,393,408,2025-08-05,1183,611,26,13,Night
1412,12,866,206,2026-02-02,1123,922,33,17,Evening
1413,9,602,69,2025-12-02,974,743,67,6,Evening
1414,14,249,311,2026-05-29,1195,866,18,15,Morning
1415,12,759,418,2026-06-09,1035,714,13,1,Night
1416,21,526,254,2026-05-22,801,783,102,12,Evening
1417,11,516,228,2025-09-21,874,811,4,5,Morning
1418,15,523,244,2025-09-02,1086,996,17,1,Evening
1419,6,74,38,2025-10-24,1089,1042,55,9,Morning
1420,12,11,117,2025-12-01,1015,697,74,14,Morning
1421,12,245,237,2026-03-03,972,763,14,24,Evening
1422,6,665,441,2025-10-02,1048,879,99,22,Evening
1423,23,363,228,2026-03-10,1006,826,71,0,Evening
1424,19,257,287,2025-12-24,979,807,13,2,Evening
1425,16,326,467,2025-07-26,1108,927,47,24,Morning
1426,21,747,463,2026-03-07,950,721,83,3,Night
1427,11,418,187,2025-07-27,1136,645,75,24,Night
1428,3,845,262,2025-08-13,984,762,86,19,Evening
1429,14,936,238,2025-12-09,1068,623,72,23,Morning
1430,16,122,74,2025-07-23,1030,715,28,4,Evening
1431,14,277,427,2025-10-21,815,764,97,23,Morning
1432,13,959,427,2025-10-29,810,612,45,10,Night
1433,23,114,251,2025-12-19,877,742,97,2,Morning
1434,3,391,162,2025-12-16,907,829,100,18,Morning
1435,15,825,339,2025-08-25,1034,817,104,9,Morning
1436,7,196,398,2026-05-04,1011,609,13,21,Night
1437,6,699,289,2025-08-21,1153,1107,39,8,Night
1438,1,174,364,2025-06-23,966,950,9,22,Night
1439,2,390,373,2025-07-27,1142,914,17,12,Evening
1440,20,352,356,2026-01-25,842,828,16,10,Morning
1441,1,586,394,2026-02-11,1002,772,96,20,Night
1442,4,67,29,2026-04-15,1059,838,43,8,Evening
1443,12,801,314,2025-09-09,1054,1003,76,5,Evening
1444,3,109,35,2025-12-12,913,827,58,24,Evening
1445,8,26,294,2026-04-09,1174,911,51,23,Night
1446,4,906,282,2025-11-01,847,788,79,16,Night
1447,9,989,446,2026-05-27,1039,757,117,23,Night
1448,22,545,79,2026-01-09,899,689,113,19,Evening
1449,13,345,46,2025-07-02,1018,632,87,14,Evening
1450,9,774,242,2026-05-14,989,889,17,9,Night
1451,6,541,225,2025-11-25,1017,838,95,13,Morning
1452,9,55,149,2025-09-14,1189,937,47,14,Night
1453,4,662,280,2025-08-09,1191,987,96,12,Morning
1454,9,185,39,2025-10-11,1126,869,76,11,Morning
1455,18,90,424,2026-05-15,947,727,18,0,Evening
1456,22,238,244,2026-01-31,863,743,9,20,Morning
1457,5,839,130,2025-08-15,1106,754,91,15,Night
1458,11,802,149,2025-09-01,873,854,48,5,Morning
1459,13,746,146,2025-09-08,879,660,60,10,Morning
1460,21,610,90,2025-07-30,856,772,39,7,Morning
1461,20,453,197,2026-05-03,1132,828,91,10,Evening
1462,11,111,223,2026-02-26,950,710,93,14,Evening
1463,3,485,179,2026-02-01,842,634,37,17,Evening
1464,15,215,380,2025-09-05,1181,1161,104,8,Morning
1465,7,451,49,2025-09-16,974,973,79,13,Night
1466,20,64,89,2025-11-24,1017,676,9,11,Morning
1467,1,219,61,2026-03-24,1154,944,109,17,Evening
1468,20,594,462,2026-05-08,836,668,91,17,Evening
1469,18,765,253,2025-07-13,975,607,10,24,Evening
1470,7,967,289,2025-11-04,1074,961,112,3,Evening
1471,1,684,320,2025-09-16,899,614,66,4,Morning
1472,4,523,401,2025-10-22,1043,783,5,12,Night
1473,2,685,109,2025-10-26,926,719,10,25,Night
1474,11,42,23,2025-08-29,1095,1043,72,22,Evening
1475,7,53,310,2026-02-27,1087,770,28,15,Evening
1476,12,525,437,2025-12-12,1006,860,95,6,Evening
1477,2,957,356,2025-08-17,963,855,46,4,Morning
1478,25,377,7,2025-11-13,1096,1067,22,10,Evening
1479,19,257,458,2025-11-26,1109,810,73,0,Morning
1480,15,10,432,2026-02-19,958,898,52,0,Night
1481,13,268,267,2026-01-27,1194,627,77,8,Night
1482,19,160,349,2025-12-07,1085,887,103,0,Morning
1483,22,499,44,2026-02-11,834,788,11,21,Evening
1484,24,552,292,2025-06-30,1159,1055,91,1,Night
1485,22,906,20,2026-06-17,1153,954,80,12,Morning
1486,4,135,376,2025-08-19,899,604,7,25,Morning
1487,16,858,80,2025-10-05,890,881,32,8,Night
1488,14,299,195,2025-09-07,1150,605,96,4,Evening
1489,8,679,364,2026-03-01,837,759,36,4,Night
1490,1,743,61,2025-07-26,1148,1090,120,5,Night
1491,9,637,1,2025-11-17,1035,982,16,6,Night
1492,9,427,107,2026-05-13,821,639,74,6,Evening
1493,6,443,219,2025-10-29,951,764,103,11,Night
1494,10,770,369,2026-04-15,902,711,37,22,Night
1495,9,640,160,2025-11-15,878,815,3,6,Morning
1496,8,50,421,2026-04-30,1093,761,67,13,Evening
1497,23,254,164,2025-08-22,1018,757,14,19,Evening
1498,18,505,321,2026-03-22,872,826,73,8,Evening
1499,6,126,368,2025-08-20,1074,904,21,13,Night
1500,7,624,36,2026-06-17,1186,1184,9,14,Evening
1501,18,184,189,2025-11-12,914,774,85,24,Night
1502,12,270,184,2025-10-23,802,641,93,24,Morning
1503,20,165,148,2025-09-04,1182,601,52,3,Night
1504,12,768,50,2025-08-10,950,787,60,20,Morning
1505,2,890,331,2026-02-06,973,871,92,0,Night
1506,23,967,225,2025-07-02,858,758,76,13,Morning
1507,16,283,62,2026-03-20,929,649,67,8,Evening
1508,7,232,459,2026-05-30,1177,889,69,25,Morning
1509,21,480,75,2025-10-18,1092,1049,78,19,Evening
1510,10,766,281,2025-12-06,971,836,49,2,Evening
1511,23,655,89,2026-04-16,1178,730,103,16,Evening
1512,21,932,325,2025-08-30,1162,698,80,14,Morning
1513,20,384,32,2026-04-18,834,788,49,5,Morning
1514,10,359,321,2025-12-27,1132,629,61,1,Night
1515,12,778,38,2025-10-30,959,749,78,21,Night
1516,22,227,298,2025-11-22,1026,883,93,6,Night
1517,10,916,417,2026-01-10,865,764,7,22,Morning
1518,4,642,68,2025-06-24,968,733,34,6,Morning
1519,13,130,414,2026-05-12,958,649,72,6,Night
1520,9,889,254,2026-02-04,966,797,66,14,Morning
1521,16,438,232,2025-10-11,814,638,4,7,Night
1522,5,167,488,2026-03-12,975,899,25,12,Morning
1523,6,512,399,2026-04-11,1119,1070,12,25,Morning
1524,15,439,352,2026-01-07,1136,1075,15,11,Evening
1525,9,77,424,2026-05-09,878,870,37,14,Morning
1526,25,733,244,2025-12-23,1044,680,22,22,Night
1527,16,607,53,2025-06-21,1001,842,74,6,Night
1528,8,622,409,2025-09-08,866,720,80,2,Evening
1529,19,914,5,2025-10-01,943,711,96,8,Morning
1530,15,645,318,2026-02-15,1140,875,51,25,Night
1531,11,159,333,2026-04-22,878,668,49,3,Evening
1532,25,273,494,2026-03-01,849,787,31,4,Evening
1533,5,165,207,2026-04-26,1186,895,11,13,Evening
1534,16,552,306,2026-01-26,1187,1088,93,25,Night
1535,10,109,490,2026-03-01,1077,911,46,6,Night
1536,23,330,397,2026-02-17,931,877,1,1,Morning
1537,24,462,344,2026-02-28,930,842,5,20,Night
1538,22,513,150,2026-04-03,1072,863,98,11,Night
1539,7,882,229,2025-10-22,828,655,23,9,Night
1540,13,224,479,2025-11-27,1043,954,18,11,Evening
1541,6,232,148,2025-10-30,900,785,99,16,Morning
1542,25,421,194,2025-07-31,905,753,37,0,Night
1543,3,620,484,2026-05-07,1181,922,97,24,Night
1544,1,848,145,2026-03-27,1080,1033,69,3,Evening
1545,22,983,172,2025-10-09,1163,1018,7,0,Evening
1546,6,9,34,2025-09-01,1188,1012,92,8,Morning
1547,17,130,66,2026-01-05,919,792,20,2,Night
1548,20,195,485,2025-10-24,1146,1059,70,9,Evening
1549,7,459,55,2025-12-02,1200,825,42,10,Morning
1550,8,371,215,2025-06-23,956,833,10,8,Morning
1551,16,763,99,2026-01-05,970,820,104,8,Evening
1552,2,382,110,2025-12-09,1023,752,1,21,Night
1553,10,693,474,2026-04-10,936,708,77,13,Night
1554,11,652,414,2025-09-29,1039,1004,59,18,Night
1555,10,877,432,2025-08-17,928,795,113,5,Morning
1556,24,897,289,2026-04-02,1135,664,64,5,Morning
1557,14,203,393,2026-04-16,838,825,92,20,Evening
1558,20,389,167,2026-06-10,1096,726,29,20,Morning
1559,2,382,455,2025-09-25,981,644,16,15,Night
1560,9,958,309,2026-05-07,871,745,21,0,Night
1561,10,622,109,2026-04-17,844,822,57,8,Night
1562,21,583,120,2025-12-21,815,801,38,20,Evening
1563,25,717,429,2025-12-13,844,741,109,6,Night
1564,18,89,219,2026-05-19,815,642,48,18,Evening
1565,16,485,104,2025-12-24,1110,903,14,1,Morning
1566,1,503,6,2025-08-29,1127,1110,78,11,Night
1567,15,931,463,2025-12-18,893,723,18,13,Morning
1568,24,498,457,2025-07-24,1003,946,84,5,Evening
1569,11,494,107,2025-11-22,829,799,23,7,Evening
1570,17,590,202,2026-04-12,1109,992,78,3,Night
1571,2,627,341,2025-10-12,819,712,36,21,Evening
1572,22,668,41,2026-06-03,1179,889,119,16,Evening
1573,9,652,288,2026-02-22,905,603,26,6,Morning
1574,21,127,160,2025-08-07,1033,708,5,24,Evening
1575,22,297,469,2026-06-06,1155,604,114,10,Morning
1576,13,515,167,2025-10-14,820,763,47,17,Evening
1577,2,853,247,2026-04-23,805,729,83,5,Evening
1578,17,912,63,2025-11-30,1188,992,116,6,Evening
1579,23,787,193,2025-07-06,869,764,91,25,Morning
1580,5,938,376,2026-05-07,1117,766,77,17,Evening
1581,21,708,141,2025-08-23,966,602,101,11,Morning
1582,4,490,61,2026-04-13,1089,604,77,16,Morning
1583,14,506,311,2025-07-23,1021,600,115,25,Morning
1584,16,978,464,2026-03-24,1040,666,117,8,Morning
1585,7,337,273,2026-06-13,854,608,65,17,Evening
1586,2,958,89,2025-12-19,1029,842,37,12,Night
1587,5,416,430,2025-11-29,873,736,8,9,Night
1588,1,124,258,2025-11-14,1063,685,111,10,Morning
1589,14,884,280,2026-04-29,1109,714,64,9,Evening
1590,25,686,413,2026-01-15,1102,622,2,1,Morning
1591,3,245,238,2025-07-22,904,743,120,10,Morning
1592,4,738,26,2025-08-18,904,875,6,15,Morning
1593,2,55,232,2025-10-15,1199,821,105,2,Morning
1594,3,104,169,2026-04-18,958,892,74,17,Morning
1595,15,504,388,2026-04-25,1078,827,96,16,Morning
1596,12,244,413,2026-06-02,836,717,19,23,Evening
1597,17,338,385,2026-05-24,974,930,72,3,Morning
1598,12,348,477,2026-06-05,897,708,28,7,Evening
1599,6,626,354,2026-05-07,1123,920,88,23,Evening
1600,22,747,233,2026-04-17,1135,768,110,14,Morning
1601,5,197,408,2025-11-14,1133,885,120,24,Morning
1602,19,438,371,2025-12-27,838,626,42,18,Evening
1603,4,147,72,2026-03-28,869,666,72,14,Night
1604,4,214,392,2025-11-01,847,826,14,4,Night
1605,14,146,225,2025-09-02,935,649,53,5,Night
1606,4,860,431,2025-08-28,925,650,47,11,Night
1607,11,713,117,2025-12-23,1170,604,86,22,Night
1608,25,303,68,2025-08-21,1196,634,83,21,Evening
1609,2,965,350,2025-11-27,845,647,63,15,Morning
1610,11,344,277,2026-05-16,1115,641,112,12,Morning
1611,18,460,154,2026-04-17,839,706,91,25,Evening
1612,6,141,331,2026-01-13,1086,967,89,4,Night
1613,18,76,192,2026-03-02,1193,928,33,9,Evening
1614,14,441,60,2026-05-19,1190,925,107,5,Morning
1615,3,361,131,2026-04-09,840,717,103,24,Morning
1616,21,514,28,2025-10-30,902,739,53,20,Evening
1617,23,583,104,2025-07-29,914,903,67,4,Morning
1618,22,614,134,2026-06-09,1135,886,118,7,Evening
1619,12,763,157,2026-03-31,1198,907,70,6,Evening
1620,10,797,122,2026-02-07,1171,886,30,19,Night
1621,8,615,192,2025-07-05,1029,976,54,21,Morning
1622,6,478,315,2025-12-29,1101,1078,7,3,Morning
1623,2,944,352,2026-04-04,895,872,71,11,Night
1624,22,521,429,2026-03-11,902,851,89,0,Night
1625,4,347,246,2025-07-18,1129,720,8,2,Evening
1626,12,362,123,2026-04-12,969,691,8,20,Night
1627,10,477,84,2025-07-23,844,693,75,22,Evening
1628,22,54,171,2026-02-25,1087,764,78,4,Night
1629,25,298,446,2026-05-22,1181,827,47,4,Night
1630,25,598,255,2026-06-01,1078,1051,17,5,Night
1631,21,632,491,2025-12-08,1139,1090,85,4,Night
1632,10,518,492,2025-10-20,1068,976,109,15,Evening
1633,15,853,183,2025-07-02,1137,694,60,22,Morning
1634,20,777,473,2026-04-29,1035,607,52,2,Night
1635,7,382,261,2026-03-22,1148,985,32,20,Night
1636,2,631,164,2025-08-05,863,726,92,24,Night
1637,21,391,403,2025-11-09,874,731,99,20,Evening
1638,2,243,43,2026-03-03,1109,1001,64,2,Night
1639,17,287,368,2025-12-07,1177,895,111,6,Morning
1640,8,278,107,2025-10-12,925,705,109,9,Evening
1641,13,90,401,2026-01-24,802,650,34,16,Night
1642,21,620,398,2026-06-16,849,735,42,20,Morning
1643,14,790,401,2025-11-29,1114,1038,105,18,Evening
1644,5,451,428,2026-04-12,1099,1048,11,5,Morning
1645,16,485,344,2025-09-01,1054,849,102,21,Night
1646,16,161,163,2026-01-12,849,796,108,17,Evening
1647,4,452,395,2026-01-13,1175,689,36,12,Morning
1648,5,97,79,2026-03-07,1075,691,66,3,Evening
1649,22,341,424,2025-12-11,1126,1106,65,5,Evening
1650,4,367,433,2025-11-29,1166,975,112,16,Morning
1651,2,66,125,2025-10-10,883,877,30,17,Evening
1652,20,968,462,2026-03-05,1192,811,25,18,Night
1653,1,112,53,2025-12-14,1037,973,6,7,Evening
1654,19,634,470,2026-05-18,1126,777,97,13,Night
1655,23,792,20,2025-12-11,1027,911,6,20,Morning
1656,16,867,161,2026-05-22,966,901,78,25,Night
1657,23,939,296,2025-08-24,846,832,75,19,Night
1658,20,113,51,2025-09-16,944,638,115,2,Night
1659,9,160,83,2026-05-24,1158,947,47,12,Night
1660,23,113,394,2026-05-12,904,887,100,16,Morning
1661,4,737,237,2025-10-18,1180,1053,22,9,Night
1662,19,243,212,2025-07-23,902,858,77,3,Evening
1663,11,291,258,2025-12-03,1028,764,52,10,Morning
1664,4,256,93,2026-05-12,974,716,101,19,Morning
1665,1,52,363,2025-08-17,924,743,59,8,Evening
1666,21,911,304,2026-01-13,994,766,27,4,Morning
1667,8,180,279,2026-03-01,1063,814,19,6,Night
1668,19,138,446,2025-11-11,1089,854,35,1,Evening
1669,20,441,226,2025-09-01,1153,736,113,16,Evening
1670,17,336,420,2025-07-31,1151,1025,34,0,Morning
1671,7,611,6,2025-10-07,840,828,83,16,Morning
1672,8,322,254,2025-12-08,1185,1143,76,18,Morning
1673,9,433,288,2026-04-24,1096,1085,49,7,Evening
1674,8,984,112,2026-03-18,1059,852,32,5,Morning
1675,19,525,231,2026-06-12,869,809,6,0,Night
1676,18,449,459,2025-10-19,895,874,32,15,Night
1677,23,3,17,2026-01-14,1064,824,29,10,Night
1678,4,215,17,2025-12-14,1191,659,75,2,Night
1679,23,816,248,2026-03-10,852,747,90,18,Evening
1680,21,593,206,2025-07-29,852,615,26,9,Morning
1681,24,353,228,2025-08-24,1002,725,41,17,Morning
1682,6,625,156,2025-09-30,1009,896,1,20,Night
1683,7,483,89,2025-07-01,864,684,118,17,Morning
1684,18,359,442,2025-07-19,1025,651,45,17,Morning
1685,15,989,44,2025-11-26,1121,721,57,20,Night
1686,11,148,46,2025-11-25,1096,894,11,13,Evening
1687,8,585,410,2026-02-10,874,864,39,14,Evening
1688,13,306,332,2026-05-14,1069,640,5,9,Night
1689,19,185,29,2025-09-27,992,677,59,5,Morning
1690,25,843,21,2026-04-22,820,669,45,14,Morning
1691,24,548,157,2026-03-31,977,895,6,10,Morning
1692,4,703,287,2026-01-13,1182,944,24,8,Morning
1693,13,877,230,2025-09-18,1055,797,40,3,Morning
1694,4,137,17,2026-02-07,1022,814,78,7,Evening
1695,5,843,230,2026-03-18,807,740,102,5,Evening
1696,14,36,48,2026-05-30,1194,979,12,22,Morning
1697,6,909,484,2025-12-03,1107,809,112,8,Morning
1698,14,793,393,2025-10-20,912,647,46,19,Evening
1699,6,362,322,2026-03-27,834,643,56,25,Night
1700,6,657,221,2025-12-12,896,888,120,3,Morning
1701,21,584,477,2026-04-04,880,872,38,17,Morning
1702,11,34,293,2026-02-11,1171,934,38,23,Evening
1703,3,856,64,2025-11-21,986,712,94,22,Night
1704,19,136,437,2026-02-01,952,628,71,20,Evening
1705,4,718,117,2025-09-26,822,601,117,6,Evening
1706,12,302,157,2025-11-05,879,848,109,2,Evening
1707,4,12,228,2025-10-29,937,737,118,10,Night
1708,20,614,285,2026-01-21,1150,607,3,11,Evening
1709,7,876,25,2025-09-07,886,700,1,11,Morning
1710,22,99,145,2026-03-25,1009,974,0,14,Evening
1711,14,216,471,2025-08-10,1025,690,113,7,Morning
1712,9,56,16,2025-10-31,886,672,92,11,Evening
1713,16,242,70,2025-11-22,982,754,107,16,Morning
1714,2,545,1,2026-05-16,833,755,119,19,Morning
1715,17,666,353,2026-03-14,862,787,40,24,Morning
1716,10,550,471,2026-02-12,821,641,105,18,Night
1717,14,428,155,2025-08-20,812,635,6,16,Night
1718,23,844,356,2025-10-06,913,787,104,0,Night
1719,22,43,118,2026-06-07,1151,1093,44,0,Night
1720,11,891,199,2026-05-11,1186,798,114,8,Evening
1721,5,788,259,2026-05-07,1169,764,109,11,Morning
1722,8,994,46,2026-05-11,853,852,19,10,Evening
1723,18,156,381,2026-01-02,1057,620,101,10,Night
1724,7,713,358,2025-09-17,890,697,86,13,Morning
1725,5,178,372,2025-11-11,1087,1037,23,19,Morning
1726,4,569,339,2026-01-16,1139,702,40,25,Morning
1727,22,389,103,2025-08-01,1044,1016,77,20,Morning
1728,15,599,52,2025-11-24,969,713,8,21,Morning
1729,10,794,320,2026-05-07,1198,713,114,7,Night
1730,8,449,113,2026-01-21,855,820,92,3,Morning
1731,21,216,187,2025-10-18,1082,948,80,0,Night
1732,18,538,302,2025-07-13,1030,660,22,9,Evening
1733,21,42,490,2026-05-24,885,707,62,3,Evening
1734,16,97,370,2025-07-21,891,819,44,2,Evening
1735,5,922,236,2026-06-12,1109,727,21,22,Evening
1736,25,138,382,2025-12-18,1087,1040,37,11,Night
1737,15,214,271,2025-07-30,857,738,8,0,Evening
1738,12,716,82,2026-03-02,854,788,42,11,Evening
1739,17,786,251,2025-10-21,1124,1105,50,4,Night
1740,18,211,28,2026-02-12,1184,774,23,21,Evening
1741,24,236,407,2025-10-24,1156,763,84,7,Morning
1742,13,668,336,2026-05-20,975,951,17,16,Evening
1743,11,996,37,2026-03-17,828,606,11,4,Evening
1744,20,967,453,2026-04-22,800,750,13,20,Morning
1745,22,160,92,2026-04-27,1119,602,75,22,Evening
1746,18,624,261,2026-02-02,1071,888,66,16,Evening
1747,9,162,431,2026-02-16,1142,701,91,23,Night
1748,19,96,306,2026-01-10,1158,719,62,10,Night
1749,9,881,339,2025-08-01,966,618,103,4,Evening
1750,8,27,109,2025-08-08,1129,1105,87,0,Night
1751,25,816,25,2025-11-18,819,789,26,20,Evening
1752,5,137,35,2025-10-19,1098,627,22,15,Morning
1753,24,206,116,2026-04-17,1022,945,69,15,Night
1754,19,754,492,2025-10-17,1029,926,15,25,Night
1755,2,80,278,2026-06-07,1009,1001,75,21,Night
1756,9,539,277,2025-06-23,1141,748,12,8,Morning
1757,14,209,19,2026-04-01,1124,668,103,17,Evening
1758,6,286,447,2025-11-22,1014,750,44,5,Night
1759,11,198,274,2026-06-16,1013,789,82,24,Evening
1760,22,434,25,2026-06-21,1164,660,60,19,Evening
1761,24,216,295,2025-12-01,1009,715,7,0,Morning
1762,2,82,466,2026-03-08,903,857,3,10,Night
1763,12,881,56,2026-05-20,942,710,89,4,Evening
1764,25,153,444,2026-02-27,891,739,46,22,Evening
1765,21,426,172,2026-05-05,1149,697,68,5,Morning
1766,23,405,470,2026-02-19,970,709,65,20,Evening
1767,7,198,105,2025-11-29,1058,985,24,11,Night
1768,11,964,188,2025-12-01,1116,716,71,9,Evening
1769,3,282,185,2025-09-10,951,847,44,5,Night
1770,12,145,295,2025-10-30,1041,1013,114,6,Evening
1771,20,981,362,2025-09-08,1020,645,88,23,Morning
1772,5,419,362,2026-01-11,1078,680,75,2,Night
1773,14,190,477,2026-05-02,986,907,17,4,Night
1774,9,666,235,2026-05-04,805,642,24,1,Night
1775,21,238,190,2026-01-22,960,924,105,24,Evening
1776,9,676,116,2025-11-21,1017,611,46,3,Evening
1777,15,898,190,2026-03-30,1001,691,103,23,Evening
1778,10,911,40,2026-04-28,823,697,16,13,Morning
1779,23,342,435,2025-10-10,851,699,52,3,Morning
1780,20,359,244,2025-07-17,850,740,59,5,Morning
1781,9,755,30,2025-08-25,841,656,39,17,Evening
1782,7,901,499,2026-02-11,1005,801,1,21,Night
1783,16,231,296,2026-06-13,1062,755,39,24,Morning
1784,10,471,393,2025-07-26,1052,974,39,12,Evening
1785,7,107,456,2026-01-29,1143,1138,5,14,Evening
1786,16,631,412,2026-06-17,1095,689,84,14,Night
1787,14,284,442,2025-10-03,1147,759,82,6,Morning
1788,6,371,336,2026-02-09,1059,972,23,12,Night
1789,22,509,141,2025-12-16,840,786,62,9,Night
1790,25,890,270,2026-05-16,946,830,111,3,Night
1791,18,733,209,2025-12-01,1026,959,87,10,Morning
1792,2,328,16,2025-10-12,808,784,101,10,Evening
1793,18,676,236,2025-07-06,940,694,22,14,Night
1794,1,548,194,2026-04-23,884,812,96,21,Evening
1795,23,334,156,2025-12-12,902,826,60,3,Evening
1796,23,570,28,2025-12-07,1014,604,44,23,Morning
1797,6,889,36,2026-01-19,1198,950,82,12,Night
1798,17,380,38,2026-02-07,1097,654,1,16,Morning
1799,14,7,438,2025-11-28,1125,858,91,16,Evening
1800,24,220,278,2026-04-14,1112,737,63,8,Night
1801,15,685,167,2025-12-02,1152,649,43,16,Morning
1802,21,834,54,2025-08-22,1141,628,5,7,Evening
1803,23,204,298,2026-01-06,976,818,84,18,Morning
1804,3,305,437,2026-06-06,994,838,45,19,Evening
1805,19,641,280,2025-10-24,956,822,105,14,Morning
1806,6,772,328,2026-01-09,1096,911,74,7,Evening
1807,6,320,296,2025-08-24,934,851,102,17,Night
1808,12,604,32,2026-01-25,969,715,77,20,Morning
1809,16,52,349,2025-07-08,952,731,73,15,Evening
1810,4,523,29,2025-09-11,1028,979,58,8,Night
1811,14,575,11,2026-06-13,909,680,56,11,Morning
1812,16,709,353,2025-09-17,816,683,84,21,Night
1813,18,698,463,2026-05-24,1137,1074,58,25,Morning
1814,25,864,470,2025-12-15,918,810,79,17,Night
1815,13,576,161,2026-06-16,1043,702,77,9,Evening
1816,6,950,203,2026-06-11,1025,700,111,0,Evening
1817,2,592,100,2025-10-04,908,693,64,14,Night
1818,18,88,352,2025-10-23,997,800,94,14,Evening
1819,3,335,357,2025-11-08,862,603,9,7,Night
1820,23,81,328,2025-09-02,966,817,72,15,Evening
1821,10,591,143,2025-10-01,1116,947,16,13,Night
1822,17,974,267,2025-12-27,984,848,45,15,Night
1823,14,711,451,2026-03-23,1172,1169,72,25,Morning
1824,22,836,494,2026-02-15,840,651,43,3,Morning
1825,7,946,52,2025-08-20,944,752,3,19,Evening
1826,7,713,213,2026-05-26,1007,839,4,16,Evening
1827,15,643,295,2025-11-06,1123,859,47,4,Evening
1828,19,417,379,2026-03-26,912,851,72,9,Evening
1829,12,384,496,2025-08-09,1195,876,43,8,Morning
1830,22,721,497,2025-10-13,950,792,85,7,Morning
1831,6,791,7,2026-01-07,987,623,79,6,Night
1832,18,896,313,2026-02-27,942,682,117,12,Night
1833,19,799,364,2026-05-29,853,843,16,11,Night
1834,2,343,100,2026-02-14,971,761,86,20,Night
1835,23,297,495,2025-06-26,1184,693,86,7,Evening
1836,10,98,63,2026-01-19,1130,655,105,11,Morning
1837,6,382,93,2026-02-27,1117,882,12,1,Night
1838,4,111,402,2026-04-02,1110,618,113,24,Night
1839,3,502,341,2026-01-14,904,644,33,17,Evening
1840,20,272,7,2025-09-25,835,621,4,7,Night
1841,25,603,145,2026-03-05,1157,1028,51,14,Night
1842,2,59,420,2025-11-23,993,698,13,25,Night
1843,25,967,112,2025-07-18,937,611,117,15,Evening
1844,9,655,207,2025-07-24,998,601,41,1,Morning
1845,20,978,159,2026-05-03,918,714,5,14,Evening
1846,4,173,235,2025-10-28,1153,623,46,20,Night
1847,21,64,22,2026-06-10,864,706,34,3,Night
1848,2,310,238,2026-06-13,1145,646,32,6,Morning
1849,23,842,429,2026-02-14,1126,857,65,6,Night
1850,7,355,93,2026-04-16,856,717,42,18,Evening
1851,12,292,491,2026-04-10,1156,1086,41,23,Evening
1852,22,497,188,2025-11-02,870,802,42,9,Night
1853,2,698,344,2025-09-17,1037,893,96,20,Evening
1854,5,269,184,2025-12-14,846,759,111,11,Evening
1855,12,506,407,2025-08-29,1180,1110,84,0,Night
1856,23,819,264,2025-08-12,985,740,0,11,Morning
1857,20,142,489,2025-10-07,1193,881,103,10,Evening
1858,12,92,9,2025-11-10,1002,748,6,14,Night
1859,11,688,330,2026-04-04,856,855,86,12,Evening
1860,8,555,163,2025-07-19,809,808,19,17,Morning
1861,4,972,422,2026-04-16,857,682,91,1,Morning
1862,20,586,120,2025-11-11,1015,1003,24,24,Night
1863,4,365,385,2026-05-03,879,619,38,17,Morning
1864,23,501,483,2025-09-27,865,847,23,14,Night
1865,8,25,294,2025-06-26,900,858,94,3,Evening
1866,9,681,36,2026-04-16,858,767,62,4,Night
1867,11,209,440,2026-05-13,1047,913,42,18,Morning
1868,18,558,21,2025-10-03,876,720,71,8,Evening
1869,19,304,287,2026-03-02,1188,1173,105,14,Evening
1870,16,174,137,2026-03-12,914,805,116,11,Morning
1871,16,302,495,2025-08-28,1077,1039,51,21,Morning
1872,1,509,103,2026-03-30,979,721,28,1,Night
1873,3,177,65,2026-05-26,804,721,109,15,Night
1874,3,875,123,2026-04-02,952,862,37,3,Night
1875,3,573,324,2025-08-31,812,811,89,13,Evening
1876,10,300,258,2026-05-19,1135,952,9,12,Morning
1877,13,709,158,2026-06-08,959,880,87,16,Morning
1878,12,622,386,2026-01-17,1159,630,46,25,Night
1879,22,336,21,2026-05-09,939,710,16,14,Morning
1880,25,105,140,2026-04-13,1000,954,35,3,Evening
1881,23,394,161,2025-08-21,1172,1157,21,14,Night
1882,4,257,210,2026-02-27,982,785,29,9,Morning
1883,6,191,322,2026-03-13,947,742,0,0,Night
1884,22,302,122,2025-09-09,867,726,32,12,Morning
1885,11,793,443,2026-05-18,952,637,114,12,Night
1886,13,944,92,2026-04-14,994,708,39,0,Night
1887,7,593,104,2025-12-23,1016,738,51,3,Morning
1888,25,65,393,2025-12-03,1181,641,87,1,Night
1889,17,617,165,2026-04-27,931,898,48,9,Evening
1890,5,430,29,2025-10-18,1098,737,79,6,Morning
1891,7,787,411,2025-08-24,839,690,72,0,Morning
1892,17,276,132,2026-06-07,1166,697,69,8,Evening
1893,11,843,18,2025-09-04,822,631,37,18,Morning
1894,10,543,358,2025-07-15,971,671,41,1,Night
1895,10,564,399,2026-05-19,1066,847,29,1,Morning
1896,20,231,329,2025-07-13,951,616,71,1,Night
1897,16,520,237,2025-09-08,971,643,110,25,Evening
1898,17,752,464,2026-05-12,1164,1069,72,25,Morning
1899,17,857,91,2026-02-25,848,644,9,23,Evening
1900,20,996,90,2026-06-18,848,650,93,9,Morning
1901,23,555,213,2026-05-21,1193,1142,120,21,Night
1902,22,665,416,2025-08-20,1064,915,103,5,Night
1903,9,569,434,2025-08-01,1001,766,69,17,Night
1904,7,662,46,2026-04-12,1133,1132,74,5,Night
1905,23,507,394,2026-05-13,1144,937,68,16,Morning
1906,6,633,444,2026-01-29,990,748,104,9,Morning
1907,13,409,158,2025-12-21,1133,1072,65,8,Night
1908,19,634,314,2025-12-03,1105,827,90,7,Evening
1909,15,779,248,2026-02-10,966,939,96,1,Morning
1910,23,412,351,2026-06-10,855,706,71,10,Evening
1911,14,360,52,2026-01-12,845,747,12,6,Morning
1912,15,767,57,2025-07-28,1121,660,27,12,Evening
1913,11,355,232,2025-08-08,1074,703,89,23,Evening
1914,20,246,224,2025-11-21,881,788,46,8,Night
1915,9,290,438,2026-02-28,1122,1060,28,9,Evening
1916,19,572,185,2025-11-15,870,615,59,3,Morning
1917,18,830,179,2025-07-29,926,650,43,1,Night
1918,21,812,58,2025-10-12,995,927,66,1,Evening
1919,17,139,428,2025-07-08,1047,734,72,1,Evening
1920,10,972,9,2026-03-22,1030,711,82,25,Morning
1921,11,202,20,2025-10-24,1062,733,19,2,Night
1922,4,66,6,2026-02-28,1026,678,32,9,Morning
1923,21,729,146,2026-04-03,1000,784,87,14,Morning
1924,20,496,176,2025-07-02,1132,1022,41,8,Morning
1925,4,399,270,2025-06-28,1179,823,17,6,Morning
1926,25,910,75,2026-01-11,1038,937,34,4,Night
1927,1,906,248,2025-09-25,1068,815,29,20,Night
1928,4,845,86,2026-06-13,1150,1106,51,1,Morning
1929,15,988,459,2025-09-17,1122,709,0,22,Morning
1930,25,82,282,2026-04-20,1043,837,30,13,Night
1931,9,210,202,2025-09-23,824,781,93,2,Night
1932,8,401,122,2025-09-24,952,693,70,7,Evening
1933,13,620,274,2025-09-14,1042,690,51,9,Evening
1934,4,958,99,2026-01-25,1192,760,85,13,Night
1935,21,329,287,2026-04-16,1038,777,50,10,Morning
1936,3,208,450,2026-03-16,993,981,35,2,Night
1937,11,117,373,2025-07-03,1069,711,16,16,Evening
1938,23,473,456,2025-10-14,1194,1043,73,1,Night
1939,16,370,426,2026-03-12,1033,984,107,25,Evening
1940,11,768,57,2025-12-01,932,795,78,22,Evening
1941,12,874,148,2025-07-19,919,681,81,2,Night
1942,19,978,149,2026-04-14,1008,763,108,18,Morning
1943,22,729,137,2026-03-07,1137,744,74,17,Morning
1944,10,102,110,2026-01-09,954,876,108,23,Evening
1945,14,742,261,2026-04-11,1003,939,78,2,Morning
1946,4,383,147,2026-04-16,922,824,119,16,Evening
1947,1,663,378,2025-10-28,1142,749,27,7,Morning
1948,9,269,471,2025-10-12,987,611,24,15,Night
1949,25,754,320,2026-06-06,1128,925,118,2,Evening
1950,15,75,495,2026-06-12,932,602,58,0,Night
1951,22,607,45,2026-04-10,904,756,100,24,Evening
1952,3,104,8,2025-11-24,1149,858,103,6,Morning
1953,8,34,84,2026-05-16,1148,991,11,6,Morning
1954,7,254,356,2026-04-04,874,669,101,14,Morning
1955,11,267,357,2026-02-06,1117,637,52,0,Morning
1956,13,237,320,2025-09-15,1177,746,33,20,Night
1957,16,176,449,2026-05-12,817,799,49,9,Morning
1958,24,360,300,2026-03-09,994,765,108,24,Night
1959,2,989,347,2025-11-04,1081,691,20,11,Morning
1960,6,58,483,2026-02-20,1003,741,20,6,Evening
1961,13,574,430,2025-10-05,1174,856,51,18,Morning
1962,8,447,24,2026-05-01,1131,1081,24,9,Evening
1963,9,802,362,2025-09-25,997,904,43,0,Night
1964,1,990,307,2026-03-08,871,623,47,17,Morning
1965,11,507,248,2026-05-11,966,849,15,6,Evening
1966,15,111,123,2025-10-20,1035,730,1,9,Evening
1967,19,706,89,2025-11-30,1108,950,75,13,Night
1968,1,88,226,2025-10-08,944,892,69,1,Night
1969,19,321,447,2025-08-06,914,641,100,17,Morning
1970,11,70,321,2026-02-19,807,720,78,15,Evening
1971,19,151,279,2025-06-22,1051,738,62,17,Evening
1972,7,595,168,2025-07-19,886,884,5,2,Morning
1973,25,694,180,2025-06-21,1056,936,61,2,Night
1974,16,145,469,2026-02-16,953,738,42,12,Evening
1975,6,89,239,2025-10-02,889,788,32,23,Morning
1976,23,804,469,2025-07-31,1147,658,75,7,Morning
1977,21,562,331,2025-08-14,1149,1060,115,3,Morning
1978,18,61,101,2026-02-06,923,857,26,3,Morning
1979,24,55,411,2025-09-15,889,604,25,21,Morning
1980,22,671,18,2026-05-29,883,703,47,12,Night
1981,16,591,416,2025-07-30,1099,1098,84,6,Evening
1982,13,672,388,2026-03-04,1011,1011,120,6,Evening
1983,22,837,241,2026-04-11,1125,782,65,6,Night
1984,12,564,327,2025-08-09,979,612,18,13,Morning
1985,11,436,29,2026-02-05,1068,658,108,7,Night
1986,12,106,23,2025-08-09,1065,607,31,5,Morning
1987,5,412,153,2025-11-17,962,934,96,21,Morning
1988,20,98,243,2025-08-12,1009,819,68,4,Night
1989,25,906,438,2025-07-29,824,620,97,13,Evening
1990,2,294,326,2025-11-30,846,819,13,4,Evening
1991,22,521,275,2026-02-19,1164,866,113,17,Morning
1992,3,744,458,2025-11-14,1078,916,4,23,Evening
1993,24,528,170,2026-03-20,1184,730,45,25,Night
1994,15,534,265,2025-12-15,1071,680,91,23,Evening
1995,25,507,136,2026-03-24,859,805,102,10,Evening
1996,5,28,384,2025-11-29,931,886,65,0,Evening
1997,15,395,395,2025-12-15,852,852,116,12,Evening
1998,6,930,128,2026-01-09,803,662,52,1,Evening
1999,17,68,427,2026-02-18,1028,901,3,4,Evening
2000,25,267,220,2026-05-15,1055,1049,56,2,Evening
2001,8,699,500,2025-08-25,1174,1008,83,11,Evening
2002,10,579,154,2026-05-18,1115,924,48,0,Night
2003,9,273,420,2025-09-06,1110,652,76,11,Evening
2004,10,354,62,2025-08-19,811,666,116,19,Morning
2005,25,656,275,2025-09-12,1086,863,92,15,Night
2006,17,66,107,2026-05-13,957,878,94,18,Night
2007,5,61,141,2026-03-06,801,672,28,11,Evening
2008,2,873,373,2025-09-23,855,743,59,8,Morning
2009,15,661,64,2025-12-22,1190,881,84,2,Evening
2010,24,903,314,2025-09-12,1023,967,47,7,Night
2011,15,470,37,2025-12-04,1047,691,48,8,Night
2012,19,759,158,2025-07-26,840,622,63,17,Evening
2013,13,666,257,2025-12-04,830,643,46,14,Night
2014,18,398,17,2025-11-16,1182,1068,28,4,Night
2015,23,904,34,2025-10-29,908,779,110,11,Night
2016,19,994,459,2026-01-20,1199,1035,26,24,Morning
2017,23,825,422,2026-04-10,952,610,23,9,Night
2018,5,579,487,2025-07-21,1097,756,117,5,Night
2019,1,661,2,2025-07-13,1044,1008,75,15,Morning
2020,14,8,282,2025-08-27,1068,982,6,1,Evening
2021,23,494,400,2026-04-03,993,973,71,10,Morning
2022,7,297,5,2026-06-19,1100,1058,17,7,Morning
2023,5,714,402,2026-01-10,1088,609,103,23,Morning
2024,24,81,255,2025-12-18,937,600,35,5,Night
2025,25,616,237,2026-04-09,961,739,45,4,Night
2026,11,615,22,2025-08-29,882,802,13,1,Night
2027,4,848,469,2025-08-19,1055,649,11,9,Evening
2028,19,484,280,2025-09-26,1042,744,79,11,Morning
2029,18,712,477,2025-10-28,1149,1096,17,5,Evening
2030,3,378,268,2025-07-11,1058,837,19,11,Night
2031,9,372,148,2026-02-27,953,762,119,16,Night
2032,23,590,250,2025-09-29,1092,853,68,6,Morning
2033,19,568,357,2026-01-19,1079,1077,76,5,Night
2034,20,93,218,2026-06-08,901,803,114,9,Night
2035,18,899,391,2025-07-25,1014,861,109,8,Evening
2036,16,707,476,2026-02-10,872,826,63,6,Evening
2037,1,111,418,2026-02-03,1061,739,90,10,Morning
2038,14,993,360,2026-03-11,890,645,112,2,Evening
2039,17,830,453,2026-03-26,988,613,32,7,Night
2040,16,181,393,2026-05-06,1176,1158,80,24,Night
2041,10,575,474,2025-09-20,934,805,77,24,Evening
2042,24,505,392,2026-02-15,1097,818,3,14,Morning
2043,25,425,259,2026-03-27,907,680,39,15,Night
2044,25,175,49,2026-05-23,881,749,62,22,Evening
2045,11,768,5,2026-01-18,1005,693,25,13,Evening
2046,4,838,298,2026-01-04,888,788,110,0,Night
2047,17,234,500,2026-02-23,986,917,59,16,Morning
2048,3,705,341,2025-09-18,1094,852,8,24,Night
2049,7,899,381,2026-06-10,1050,734,66,21,Evening
2050,17,342,78,2025-12-31,1170,687,113,12,Evening
2051,20,331,385,2026-06-14,1048,847,0,25,Night
2052,16,297,181,2026-04-26,1149,774,48,4,Morning
2053,1,367,408,2026-05-16,910,640,62,14,Morning
2054,8,466,393,2026-06-10,924,850,118,21,Evening
2055,20,20,18,2025-12-25,925,667,35,25,Morning
2056,14,265,351,2026-06-17,1010,799,4,9,Night
2057,11,782,27,2025-08-30,1095,886,58,7,Evening
2058,10,804,461,2025-11-26,1195,908,21,25,Night
2059,5,900,485,2025-08-04,1033,1031,117,18,Morning
2060,6,730,307,2025-07-26,1024,995,90,16,Night
2061,10,987,205,2025-10-13,944,800,21,12,Night
2062,25,342,139,2026-05-06,1120,849,46,18,Evening
2063,22,629,342,2025-08-10,993,958,57,18,Evening
2064,1,144,459,2026-02-15,1190,957,58,7,Evening
2065,21,486,122,2026-05-30,819,622,0,14,Night
2066,15,338,365,2025-08-01,1005,765,62,11,Morning
2067,6,831,249,2025-11-21,850,790,29,23,Morning
2068,17,653,184,2026-03-25,943,684,36,25,Evening
2069,12,794,484,2026-06-17,1040,770,27,0,Morning
2070,22,577,317,2026-05-16,911,802,112,16,Evening
2071,17,553,221,2025-12-02,941,759,26,22,Morning
2072,12,539,123,2026-03-31,1083,628,45,16,Night
2073,11,668,426,2025-08-14,1069,736,68,0,Night
2074,23,713,74,2026-03-14,895,716,32,24,Night
2075,25,734,361,2025-12-23,1022,930,80,15,Night
2076,16,882,472,2025-08-16,1112,852,56,25,Morning
2077,17,605,113,2025-07-30,881,761,43,12,Morning
2078,20,581,37,2026-05-15,810,759,47,18,Night
2079,7,283,331,2025-08-15,1133,1034,32,20,Morning
2080,1,660,6,2026-05-11,850,602,6,4,Morning
2081,10,284,380,2026-05-01,1100,763,25,24,Evening
2082,20,802,412,2025-12-10,952,856,33,4,Morning
2083,24,967,401,2025-11-01,884,674,48,11,Morning
2084,22,129,281,2026-03-17,947,610,65,4,Morning
2085,11,694,160,2025-07-13,1113,807,7,24,Night
2086,12,479,7,2025-12-08,1096,782,42,7,Morning
2087,13,568,347,2026-01-31,1032,789,68,2,Night
2088,10,161,412,2026-01-13,1155,941,87,11,Morning
2089,9,740,438,2026-04-16,1016,733,76,13,Night
2090,9,943,178,2026-05-05,1067,1067,79,13,Morning
2091,1,499,30,2025-10-01,1087,1082,25,11,Evening
2092,10,739,217,2025-11-19,840,611,79,10,Morning
2093,10,723,49,2026-03-10,978,881,10,10,Night
2094,2,747,359,2026-05-17,969,855,68,6,Morning
2095,19,151,309,2025-08-05,1199,769,47,16,Night
2096,21,567,229,2025-07-31,990,861,109,25,Evening
2097,25,17,240,2025-07-22,1114,903,44,13,Evening
2098,2,490,408,2025-12-13,1046,892,54,1,Evening
2099,6,887,264,2026-04-25,1144,1136,104,15,Evening
2100,4,626,294,2025-11-10,807,615,31,22,Night
2101,1,574,122,2025-11-05,1033,695,78,10,Evening
2102,21,17,283,2026-04-12,881,699,9,6,Night
2103,5,241,394,2026-02-15,1184,1087,119,1,Evening
2104,17,948,415,2026-05-19,1024,645,58,6,Evening
2105,5,171,107,2026-05-30,1028,720,109,4,Morning
2106,8,695,315,2025-07-08,1116,1014,115,15,Morning
2107,12,1,71,2025-09-21,993,851,51,7,Night
2108,23,396,107,2026-02-20,996,989,60,3,Morning
2109,15,178,221,2025-08-25,842,667,29,25,Evening
2110,18,447,368,2025-10-28,1008,929,96,12,Morning
2111,22,177,352,2026-01-13,1172,1115,114,9,Night
2112,4,121,82,2026-05-31,1135,689,118,14,Night
2113,2,156,64,2026-05-07,1028,950,117,8,Morning
2114,2,239,456,2026-02-25,1192,749,103,21,Morning
2115,15,53,472,2025-10-28,990,825,58,24,Evening
2116,3,156,111,2026-01-02,855,704,96,10,Evening
2117,9,629,47,2025-07-26,1094,717,46,8,Morning
2118,15,569,481,2026-03-04,931,665,57,24,Night
2119,16,920,314,2026-06-07,977,717,40,5,Night
2120,17,817,63,2025-07-05,1110,751,38,4,Evening
2121,17,943,10,2025-07-30,985,958,14,8,Morning
2122,13,499,362,2025-10-02,1120,848,93,21,Night
2123,24,426,126,2025-08-14,826,776,71,22,Morning
2124,7,385,95,2026-02-11,893,840,37,21,Morning
2125,22,594,252,2025-08-22,1097,724,96,4,Evening
2126,10,531,211,2025-07-14,1194,1076,6,7,Evening
2127,4,70,442,2025-08-08,939,750,12,0,Morning
2128,8,946,193,2026-02-26,945,688,111,5,Night
2129,2,237,311,2026-01-14,942,769,85,4,Evening
2130,8,642,297,2026-02-10,823,645,25,13,Evening
2131,15,119,429,2026-01-09,939,844,97,5,Night
2132,12,564,158,2025-08-11,859,661,96,5,Evening
2133,2,598,390,2025-12-02,1135,1116,94,1,Night
2134,2,413,321,2025-12-25,1009,1000,37,7,Morning
2135,8,258,21,2026-05-10,1111,685,113,7,Night
2136,11,694,241,2025-10-13,1164,803,48,25,Evening
2137,12,998,280,2026-04-01,959,622,36,16,Morning
2138,6,672,5,2025-07-17,1152,1015,75,2,Evening
2139,8,902,376,2025-08-19,939,883,31,21,Morning
2140,4,966,156,2026-05-25,971,743,8,15,Evening
2141,16,181,231,2026-02-12,1087,1080,65,15,Morning
2142,1,791,87,2025-10-04,1090,920,27,10,Morning
2143,17,1,194,2026-02-23,1051,666,84,9,Morning
2144,11,527,425,2026-03-17,1012,859,102,5,Evening
2145,3,685,235,2025-11-26,1125,1018,13,25,Night
2146,1,450,241,2025-09-28,976,876,58,8,Night
2147,5,317,389,2026-01-14,1112,696,94,16,Night
2148,11,465,115,2026-03-22,1007,614,37,18,Morning
2149,8,787,41,2025-08-29,927,603,60,8,Evening
2150,4,393,381,2026-03-03,1144,982,33,4,Morning
2151,17,155,277,2025-07-19,823,731,71,5,Evening
2152,7,4,373,2026-04-13,1019,748,41,19,Night
2153,14,282,271,2025-07-03,992,791,27,3,Night
2154,6,633,461,2026-05-24,1097,770,67,6,Evening
2155,3,8,416,2025-07-31,1053,962,98,20,Night
2156,8,799,150,2025-12-31,1155,957,63,24,Evening
2157,17,977,368,2025-07-11,953,824,16,7,Night
2158,9,925,7,2026-05-23,973,642,62,5,Evening
2159,13,586,342,2025-08-30,1140,1063,101,17,Evening
2160,18,537,85,2025-11-10,1150,914,39,7,Night
2161,21,519,174,2025-08-13,1176,1065,59,1,Morning
2162,13,789,413,2026-01-20,975,682,60,21,Morning
2163,25,80,398,2026-03-03,1089,605,120,10,Morning
2164,13,560,421,2025-08-06,1070,695,105,18,Evening
2165,23,2,24,2026-02-20,814,610,45,1,Morning
2166,9,389,238,2026-03-02,908,710,78,5,Morning
2167,1,80,185,2026-04-03,1133,742,14,9,Morning
2168,2,190,107,2026-01-17,819,772,29,11,Evening
2169,12,507,442,2026-02-26,831,665,32,22,Morning
2170,15,690,64,2026-04-22,1095,780,115,7,Night
2171,17,962,410,2025-12-27,861,853,120,12,Evening
2172,8,492,457,2025-11-10,931,691,74,25,Evening
2173,14,210,36,2025-09-10,875,720,72,25,Night
2174,10,29,319,2026-06-16,934,638,39,6,Morning
2175,4,244,187,2026-05-28,1050,790,34,21,Evening
2176,24,639,332,2025-07-05,831,662,37,22,Night
2177,10,864,355,2026-05-08,1070,815,71,15,Morning
2178,15,506,329,2025-09-11,1097,1018,38,11,Night
2179,8,654,243,2026-04-12,1056,899,25,0,Evening
2180,8,601,334,2025-12-27,950,904,114,0,Morning
2181,20,354,372,2025-11-09,1057,623,17,9,Evening
2182,13,264,172,2026-05-07,890,687,112,2,Evening
2183,19,452,404,2025-08-01,927,691,25,14,Morning
2184,8,189,344,2026-02-05,811,613,3,4,Morning
2185,13,467,299,2026-03-22,1039,873,41,22,Morning
2186,18,117,380,2026-05-07,903,696,36,20,Night
2187,9,157,472,2025-12-10,978,913,55,7,Evening
2188,24,770,274,2025-09-21,817,607,89,15,Evening
2189,20,114,249,2026-04-14,1021,876,108,0,Evening
2190,2,276,313,2026-03-12,953,764,71,10,Night
2191,5,587,303,2025-07-19,1067,846,101,18,Night
2192,24,961,343,2026-03-05,1033,720,51,6,Night
2193,14,755,99,2025-06-27,878,846,107,16,Evening
2194,13,834,447,2026-03-28,919,827,104,7,Night
2195,1,648,323,2025-09-12,843,744,45,23,Night
2196,14,934,440,2025-07-22,1040,839,62,3,Evening
2197,2,332,304,2025-11-13,874,817,16,16,Night
2198,9,892,475,2025-07-03,1145,844,44,5,Night
2199,18,27,449,2026-06-16,1167,740,46,16,Morning
2200,17,291,41,2026-03-19,1018,984,64,19,Evening
2201,15,679,450,2026-04-21,825,648,29,4,Morning
2202,3,918,474,2026-03-26,821,756,22,24,Evening
2203,24,254,160,2025-09-02,1039,900,100,0,Night
2204,14,163,348,2026-06-11,906,817,119,15,Night
2205,20,797,96,2025-08-17,1022,983,5,1,Morning
2206,2,79,183,2026-06-15,885,608,37,16,Morning
2207,16,308,31,2025-12-07,1160,1035,60,25,Morning
2208,19,259,123,2026-05-03,1026,983,21,20,Morning
2209,5,625,136,2025-12-22,1168,830,20,22,Morning
2210,12,104,195,2026-04-20,1097,977,88,9,Night
2211,13,89,179,2026-01-02,976,697,85,14,Night
2212,8,865,272,2026-01-31,1157,755,103,19,Night
2213,11,729,41,2025-07-19,848,638,67,1,Night
2214,1,201,125,2026-06-20,900,687,42,15,Night
2215,14,952,417,2026-03-19,1168,602,89,6,Morning
2216,7,891,207,2026-01-21,907,742,8,10,Evening
2217,20,913,304,2026-02-19,868,865,60,25,Evening
2218,5,343,67,2026-02-08,946,682,104,22,Morning
2219,19,40,325,2026-06-14,800,748,106,0,Morning
2220,2,572,224,2025-12-05,829,619,108,11,Night
2221,8,968,374,2026-01-04,1047,882,107,2,Evening
2222,20,563,203,2026-06-14,954,768,29,7,Evening
2223,17,13,37,2026-02-08,821,727,76,8,Morning
2224,8,200,430,2026-02-15,1190,741,89,5,Morning
2225,22,691,442,2026-04-15,871,630,8,25,Evening
2226,19,632,88,2026-01-18,1191,1089,96,16,Evening
2227,18,779,208,2025-11-09,1176,666,57,15,Evening
2228,1,388,206,2025-12-10,1068,736,68,25,Evening
2229,22,497,120,2025-07-16,801,645,25,21,Morning
2230,6,845,82,2026-03-27,1087,983,33,6,Morning
2231,17,325,341,2025-09-24,948,773,32,6,Evening
2232,3,934,37,2025-12-03,912,768,97,4,Night
2233,22,522,368,2026-05-01,858,683,76,18,Night
2234,3,915,297,2026-06-14,1193,928,118,7,Evening
2235,3,881,105,2025-11-17,1033,880,30,9,Evening
2236,8,915,79,2026-04-16,1196,1023,84,10,Morning
2237,16,774,207,2026-02-03,1089,1064,117,11,Evening
2238,11,249,455,2026-06-10,947,854,73,7,Morning
2239,24,352,390,2026-06-20,916,836,37,16,Evening
2240,2,533,36,2026-06-01,836,615,37,14,Evening
2241,21,390,385,2025-07-17,938,879,59,6,Night
2242,13,901,297,2025-06-29,931,897,92,12,Evening
2243,8,977,424,2026-06-18,886,784,22,2,Night
2244,21,908,204,2026-05-06,995,910,20,4,Evening
2245,8,792,203,2026-01-04,1047,918,31,20,Morning
2246,4,125,476,2026-06-20,1089,785,73,7,Night
2247,2,846,304,2026-02-11,981,717,30,9,Morning
2248,10,183,281,2026-06-05,1069,1064,41,7,Morning
2249,19,381,124,2025-07-31,830,666,103,21,Morning
2250,2,610,213,2025-09-27,961,618,90,12,Night
2251,2,331,80,2025-08-13,958,942,78,10,Morning
2252,12,524,272,2026-04-02,849,703,34,16,Evening
2253,12,152,237,2025-08-19,1196,1017,9,19,Night
2254,15,647,14,2025-11-14,827,699,89,1,Night
2255,14,474,348,2026-03-21,1098,790,38,20,Night
2256,11,289,198,2025-11-18,952,818,65,9,Morning
2257,5,653,232,2026-01-28,1128,797,84,21,Morning
2258,20,935,459,2026-02-24,1081,885,118,1,Morning
2259,21,269,154,2025-08-18,910,783,45,19,Morning
2260,20,73,283,2025-07-10,1125,834,38,23,Morning
2261,5,299,416,2026-05-07,1135,629,56,19,Evening
2262,9,984,428,2026-06-21,903,670,80,25,Morning
2263,3,497,257,2026-05-18,926,651,119,7,Morning
2264,6,967,387,2025-11-14,966,684,79,2,Morning
2265,20,125,262,2026-05-28,1161,1159,68,11,Night
2266,15,665,349,2026-04-08,918,910,73,22,Evening
2267,21,417,296,2026-06-15,855,674,40,15,Morning
2268,19,920,319,2026-03-07,923,740,11,5,Evening
2269,20,337,198,2026-02-11,961,628,112,14,Night
2270,15,759,358,2025-07-08,990,890,46,16,Morning
2271,10,895,244,2025-11-15,862,741,65,18,Night
2272,16,611,87,2025-10-25,1161,762,109,0,Morning
2273,21,502,100,2025-12-26,1122,1088,42,0,Morning
2274,22,545,222,2026-04-03,885,846,83,18,Night
2275,14,222,155,2025-08-14,1073,711,35,6,Morning
2276,25,387,131,2025-08-23,1067,930,58,14,Evening
2277,25,312,361,2025-08-01,1193,1092,83,18,Night
2278,1,752,343,2025-08-02,1076,970,67,2,Morning
2279,9,330,135,2025-09-11,846,670,20,22,Night
2280,16,196,306,2026-04-09,1033,819,78,17,Morning
2281,12,710,140,2026-02-07,976,645,51,21,Night
2282,12,832,168,2025-11-09,807,695,116,15,Evening
2283,8,188,133,2026-03-16,1190,956,71,11,Morning
2284,3,653,308,2025-08-10,1096,940,75,9,Night
2285,1,634,28,2026-01-01,1132,644,37,2,Morning
2286,14,280,286,2025-12-18,839,642,29,1,Morning
2287,2,800,394,2026-03-05,946,677,81,8,Night
2288,11,260,495,2025-08-15,813,807,89,22,Evening
2289,17,324,426,2025-12-07,1081,1023,99,2,Night
2290,7,357,118,2026-01-16,1051,937,101,22,Night
2291,9,63,325,2025-09-15,876,645,108,11,Morning
2292,24,744,16,2025-12-03,925,860,66,16,Night
2293,18,137,79,2026-02-15,979,922,58,6,Evening
2294,1,378,140,2026-02-01,1073,684,4,24,Morning
2295,3,576,437,2026-05-07,906,682,40,16,Night
2296,10,463,405,2026-05-31,1068,635,44,6,Night
2297,13,229,244,2026-02-20,1027,752,86,17,Morning
2298,1,834,160,2025-10-06,943,614,18,21,Night
2299,11,614,211,2025-10-08,1128,874,35,24,Night
2300,9,830,455,2026-04-10,869,763,73,1,Night
2301,22,706,162,2025-12-20,1068,677,40,14,Night
2302,22,283,395,2025-11-01,1200,670,119,4,Morning
2303,3,162,348,2026-05-29,1130,987,79,0,Night
2304,11,137,494,2026-04-04,1186,660,44,10,Night
2305,7,442,475,2026-03-03,1152,789,2,5,Night
2306,7,527,468,2025-12-01,824,817,15,14,Evening
2307,23,549,117,2026-04-08,875,704,52,1,Morning
2308,9,667,53,2026-05-13,1080,969,118,11,Night
2309,8,251,191,2025-07-12,947,856,48,14,Evening
2310,13,539,27,2026-06-05,892,656,94,11,Evening
2311,5,77,142,2025-09-13,1157,1010,67,16,Morning
2312,11,733,98,2025-10-16,985,969,74,20,Morning
2313,14,90,490,2025-08-07,918,753,4,7,Evening
2314,24,472,292,2026-04-04,925,862,107,10,Night
2315,23,306,161,2025-09-24,1200,1134,65,16,Morning
2316,6,863,277,2026-02-17,1066,920,31,7,Evening
2317,9,426,5,2025-11-20,1073,1048,101,12,Night
2318,1,7,317,2025-11-21,803,767,89,11,Night
2319,21,135,234,2026-03-31,966,638,93,16,Morning
2320,13,643,80,2025-11-16,1032,682,109,22,Night
2321,14,754,99,2025-09-05,871,705,46,10,Evening
2322,6,795,197,2026-04-20,1039,615,23,10,Morning
2323,12,783,171,2026-03-01,1183,1033,115,25,Evening
2324,11,30,404,2026-02-02,1147,968,57,6,Night
2325,5,458,251,2026-01-02,922,615,80,14,Evening
2326,4,720,452,2026-05-01,1173,1051,76,1,Evening
2327,11,245,415,2025-09-22,1182,1009,117,4,Morning
2328,24,341,183,2026-01-12,865,805,1,1,Evening
2329,9,58,192,2025-07-17,990,634,28,23,Night
2330,12,273,434,2025-10-25,969,850,42,15,Night
2331,19,469,4,2026-01-29,1098,920,46,22,Evening
2332,4,117,103,2026-04-19,1080,606,43,6,Evening
2333,20,710,215,2025-07-25,1111,1078,116,21,Morning
2334,2,10,423,2026-06-07,997,938,107,14,Night
2335,7,760,253,2025-07-26,1034,1005,23,17,Evening
2336,15,488,206,2025-07-18,827,760,29,14,Night
2337,14,401,18,2026-01-04,1140,622,97,8,Morning
2338,6,687,164,2025-12-11,1108,810,33,24,Evening
2339,14,970,479,2026-03-17,802,695,50,12,Night
2340,15,525,463,2025-08-17,1009,634,111,16,Evening
2341,17,11,49,2026-06-19,924,825,74,18,Evening
2342,9,4,439,2025-08-02,803,748,90,6,Evening
2343,25,492,342,2025-08-11,832,730,110,20,Evening
2344,9,363,368,2026-01-19,835,607,26,4,Evening
2345,17,644,352,2026-05-08,1197,1124,62,11,Evening
2346,17,108,249,2025-08-18,907,672,13,18,Morning
2347,3,36,18,2026-02-01,1143,705,45,25,Morning
2348,6,238,367,2026-03-30,972,772,98,24,Morning
2349,16,161,269,2025-11-28,1179,1011,52,22,Morning
2350,2,168,383,2025-10-29,1187,1172,29,20,Night
2351,15,13,427,2026-04-01,996,756,103,14,Evening
2352,25,247,418,2025-12-25,873,860,91,25,Morning
2353,14,447,116,2025-08-06,1082,963,97,20,Morning
2354,17,876,171,2025-07-07,1192,979,51,18,Evening
2355,2,913,247,2025-09-22,1038,869,116,4,Evening
2356,3,143,5,2026-02-26,805,753,2,5,Morning
2357,25,774,436,2025-08-14,882,774,91,18,Morning
2358,21,661,236,2025-11-15,1134,685,73,14,Morning
2359,12,215,400,2025-07-17,1110,890,28,24,Night
2360,14,395,341,2026-03-20,1034,808,115,4,Morning
2361,24,422,210,2025-12-23,1054,886,19,11,Night
2362,5,451,290,2025-10-12,1111,1062,100,6,Night
2363,25,547,48,2025-07-06,1106,784,75,1,Evening
2364,20,545,351,2026-06-05,1182,960,57,20,Evening
2365,9,956,150,2025-11-10,912,719,15,7,Night
2366,4,749,202,2026-03-02,1115,1011,44,6,Evening
2367,10,90,263,2025-08-18,1068,1066,18,5,Evening
2368,24,214,79,2026-06-05,1098,701,12,16,Morning
2369,25,120,23,2026-03-04,1015,790,87,16,Morning
2370,8,656,433,2025-11-29,866,748,35,21,Night
2371,16,236,179,2025-10-20,1070,938,89,15,Morning
2372,22,881,57,2025-11-04,1057,965,105,4,Night
2373,20,155,338,2026-06-20,1066,944,76,0,Morning
2374,2,305,321,2026-05-18,1067,769,27,18,Morning
2375,6,760,497,2026-04-02,971,612,86,8,Morning
2376,20,615,442,2026-02-05,984,923,48,7,Morning
2377,6,149,440,2026-01-20,817,624,9,15,Morning
2378,14,322,439,2026-01-06,966,717,117,25,Morning
2379,21,63,430,2026-02-15,856,849,101,2,Evening
2380,21,908,374,2026-05-15,872,637,86,4,Morning
2381,16,710,445,2025-11-10,905,692,64,25,Evening
2382,11,108,312,2026-05-25,1146,1065,14,4,Evening
2383,10,340,337,2026-06-08,1074,626,95,0,Evening
2384,22,757,223,2025-08-10,929,666,63,9,Morning
2385,21,238,112,2025-10-22,1192,1091,117,15,Evening
2386,10,482,27,2025-09-30,956,833,102,25,Night
2387,6,708,58,2026-02-16,868,820,10,20,Night
2388,24,728,19,2026-03-29,837,735,73,14,Morning
2389,7,279,37,2026-01-15,946,719,91,15,Evening
2390,14,112,185,2025-09-10,1126,882,54,21,Morning
2391,8,801,294,2025-10-21,820,670,74,16,Morning
2392,6,597,456,2026-03-22,1145,902,66,20,Morning
2393,22,921,152,2025-09-04,1138,835,62,2,Evening
2394,7,63,218,2026-03-05,1030,997,65,14,Evening
2395,13,123,379,2026-05-17,861,722,70,21,Night
2396,3,761,10,2026-01-29,1126,843,67,2,Morning
2397,25,397,112,2025-08-04,876,740,69,0,Night
2398,6,670,382,2026-04-27,961,860,101,0,Night
2399,12,825,363,2026-02-21,1099,1071,21,2,Evening
2400,16,289,136,2025-10-19,1040,797,26,3,Night
2401,18,814,422,2025-10-06,1047,709,120,18,Evening
2402,6,638,365,2025-08-13,888,648,37,7,Night
2403,11,842,45,2025-09-19,1169,1154,58,11,Evening
2404,17,528,458,2026-03-21,910,729,65,23,Night
2405,5,658,304,2025-10-23,1027,873,104,7,Evening
2406,9,389,82,2026-05-25,931,703,64,4,Evening
2407,14,545,163,2025-12-27,840,752,83,15,Night
2408,9,920,256,2025-10-16,1100,970,46,13,Morning
2409,11,891,248,2026-05-13,1098,1086,117,23,Night
2410,10,946,479,2026-04-28,1180,1022,4,20,Morning
2411,3,429,221,2026-03-18,903,619,95,6,Evening
2412,15,9,261,2025-10-17,823,651,47,3,Night
2413,23,279,184,2026-04-26,920,849,32,4,Evening
2414,21,62,77,2025-07-29,994,638,55,0,Evening
2415,10,933,495,2025-10-26,1032,778,100,0,Morning
2416,22,70,319,2026-03-31,869,780,44,8,Evening
2417,25,466,420,2026-02-09,884,840,20,6,Morning
2418,22,892,74,2025-09-05,1081,922,71,24,Evening
2419,4,295,11,2026-05-30,945,839,43,20,Morning
2420,9,201,269,2026-04-03,985,779,80,23,Night
2421,19,674,92,2026-03-31,1039,915,35,9,Morning
2422,15,742,142,2025-12-06,1101,676,100,18,Morning
2423,23,889,47,2025-07-26,961,743,11,7,Night
2424,23,4,146,2026-02-06,1083,766,20,13,Morning
2425,1,597,349,2025-08-19,964,913,114,12,Morning
2426,21,963,265,2025-11-11,1092,994,108,4,Morning
2427,19,627,319,2026-04-05,1088,1047,15,19,Evening
2428,13,766,115,2026-05-19,803,715,117,22,Night
2429,9,922,275,2026-06-18,909,809,111,18,Morning
2430,18,840,271,2026-04-06,930,611,2,18,Evening
2431,25,267,465,2026-02-02,1036,845,31,9,Night
2432,5,792,142,2025-07-15,1133,768,105,14,Evening
2433,14,923,14,2025-07-24,939,687,23,3,Evening
2434,14,370,417,2025-12-03,1036,904,86,2,Night
2435,7,480,276,2026-05-17,901,744,62,7,Night
2436,10,532,333,2025-12-29,1109,1075,42,9,Night
2437,7,149,70,2026-05-28,1161,1012,22,23,Morning
2438,15,29,410,2026-03-23,1130,739,120,0,Evening
2439,18,564,101,2026-01-06,804,670,67,1,Night
2440,8,906,202,2025-07-18,1127,617,119,22,Night
2441,20,841,269,2025-06-24,1051,743,52,10,Night
2442,19,681,215,2025-08-19,1172,1082,70,20,Morning
2443,4,782,315,2026-04-20,1081,644,55,0,Evening
2444,4,448,403,2025-10-02,1038,653,110,9,Evening
2445,8,36,366,2026-05-23,1116,1060,49,9,Morning
2446,3,506,222,2025-07-22,976,902,39,22,Night
2447,10,809,143,2025-11-24,1007,746,88,1,Morning
2448,19,325,489,2025-08-23,957,890,54,25,Evening
2449,15,763,408,2025-07-28,1197,879,32,3,Night
2450,22,783,93,2025-07-25,922,908,29,6,Evening
2451,6,404,482,2025-12-21,1066,633,87,3,Morning
2452,7,898,319,2025-10-09,872,771,70,23,Night
2453,5,699,215,2026-02-05,1008,638,8,25,Morning
2454,17,902,66,2026-05-07,1062,696,1,18,Morning
2455,3,635,93,2025-08-01,864,797,15,4,Night
2456,12,595,314,2026-01-28,958,802,76,23,Night
2457,2,215,402,2026-05-14,1021,746,71,20,Morning
2458,13,659,42,2026-02-21,1151,717,9,8,Morning
2459,1,269,323,2025-08-18,1124,877,91,18,Evening
2460,7,969,43,2026-04-19,809,726,81,12,Night
2461,12,457,366,2025-10-30,1187,1094,76,10,Morning
2462,20,603,215,2025-08-18,1101,874,27,21,Night
2463,14,718,457,2025-09-04,1011,631,16,23,Morning
2464,14,266,497,2026-06-15,1094,1002,40,6,Morning
2465,19,593,80,2026-05-14,1137,1027,52,6,Night
2466,11,377,394,2026-05-31,933,709,71,15,Evening
2467,22,915,13,2026-01-01,996,726,51,15,Morning
2468,1,482,99,2025-07-23,846,759,17,19,Evening
2469,24,314,485,2025-12-24,977,934,105,20,Night
2470,6,812,381,2025-12-09,1177,927,24,4,Morning
2471,1,547,104,2026-04-25,1019,984,88,2,Night
2472,5,616,170,2025-10-16,964,752,5,0,Night
2473,20,452,113,2026-05-01,1008,818,30,18,Morning
2474,5,140,89,2026-04-16,1015,1009,70,17,Evening
2475,1,12,127,2026-06-16,814,685,23,8,Evening
2476,13,306,162,2026-01-23,921,885,73,5,Evening
2477,2,392,98,2026-01-08,831,619,53,19,Night
2478,4,470,369,2026-06-12,1044,639,49,7,Night
2479,6,605,331,2025-09-30,990,636,8,24,Night
2480,16,650,30,2025-07-05,1017,971,53,20,Morning
2481,4,930,135,2025-12-09,837,608,106,7,Evening
2482,20,938,136,2025-11-18,806,656,89,12,Evening
2483,2,223,237,2025-08-01,817,715,103,25,Evening
2484,4,914,36,2025-11-30,1184,1130,67,4,Evening
2485,14,154,360,2025-07-02,847,758,11,14,Evening
2486,4,596,237,2025-08-17,820,673,3,3,Evening
2487,9,365,145,2026-04-06,931,733,11,16,Morning
2488,13,560,221,2025-07-26,810,689,9,14,Morning
2489,4,788,262,2025-08-10,896,845,76,8,Morning
2490,9,133,81,2026-04-01,1119,1117,99,22,Evening
2491,10,411,138,2026-04-11,948,915,47,21,Morning
2492,5,17,49,2025-08-15,970,685,12,14,Morning
2493,14,474,246,2025-10-01,1134,789,1,3,Evening
2494,19,383,8,2025-12-28,1149,950,36,7,Evening
2495,14,308,10,2025-10-27,1179,991,92,20,Morning
2496,10,729,11,2025-07-01,989,958,1,10,Night
2497,3,818,197,2025-10-10,905,749,84,21,Morning
2498,22,43,365,2026-04-28,830,765,113,11,Morning
2499,9,380,163,2025-12-22,898,641,2,4,Night
2500,2,809,472,2026-04-13,1060,893,59,24,Evening
2501,11,741,152,2026-04-19,1137,1105,36,14,Night
2502,5,243,55,2025-07-16,1145,976,33,1,Morning
2503,11,9,153,2025-09-30,1190,1006,68,11,Evening
2504,15,117,77,2026-04-16,815,701,94,1,Morning
2505,11,114,172,2025-07-15,831,686,119,1,Night
2506,11,510,377,2025-06-23,1071,972,56,5,Night
2507,22,504,411,2025-12-27,953,853,112,1,Evening
2508,8,510,358,2025-08-23,1135,852,115,17,Night
2509,11,142,71,2026-05-02,837,807,29,3,Morning
2510,2,15,377,2026-06-21,1044,1014,21,25,Night
2511,9,910,238,2025-11-22,1139,778,48,20,Morning
2512,6,388,223,2026-03-19,887,761,9,23,Night
2513,16,533,314,2026-03-02,1031,1029,58,19,Evening
2514,6,466,36,2026-03-09,911,772,42,16,Evening
2515,4,186,197,2025-10-21,871,708,5,18,Morning
2516,18,298,34,2026-01-02,821,685,16,24,Night
2517,6,131,149,2026-06-07,1004,650,94,8,Night
2518,15,582,205,2026-06-21,891,814,28,6,Morning
2519,9,357,471,2025-11-30,985,835,16,1,Night
2520,16,278,164,2025-12-30,1107,667,116,20,Morning
2521,4,713,311,2026-01-25,932,678,35,12,Morning
2522,25,410,190,2025-11-23,891,612,12,3,Morning
2523,5,410,381,2026-02-24,815,734,9,3,Night
2524,8,400,174,2025-11-15,925,648,107,13,Night
2525,11,485,170,2025-12-13,913,614,26,25,Morning
2526,13,255,280,2026-02-21,1060,646,46,22,Evening
2527,14,417,195,2026-02-19,1121,1086,119,15,Evening
2528,23,387,294,2026-05-08,974,818,53,21,Evening
2529,11,105,326,2026-02-28,929,622,6,14,Night
2530,10,641,252,2025-11-17,1057,1000,102,16,Evening
2531,12,654,120,2025-12-06,846,787,55,5,Evening
2532,4,315,212,2025-11-05,962,666,18,17,Evening
2533,11,749,121,2026-05-01,1193,714,72,20,Night
2534,12,393,378,2025-09-01,1175,726,114,12,Night
2535,4,279,354,2026-01-27,1165,1128,55,8,Evening
2536,4,728,107,2025-12-07,1083,838,9,9,Morning
2537,5,49,375,2025-07-04,996,729,73,16,Evening
2538,11,407,104,2026-02-16,1095,856,74,23,Evening
2539,15,822,159,2025-08-10,895,780,26,1,Evening
2540,9,138,365,2026-06-18,1038,795,10,12,Morning
2541,8,773,46,2026-01-20,1064,827,84,15,Night
2542,22,236,174,2025-10-25,1124,771,95,3,Morning
2543,10,87,416,2026-04-29,800,650,2,22,Night
2544,7,302,180,2026-06-06,1033,859,36,21,Morning
2545,5,166,492,2025-12-19,1005,730,50,25,Night
2546,13,592,361,2026-03-03,804,665,23,7,Morning
2547,4,7,363,2025-07-15,841,610,91,19,Night
2548,2,321,333,2025-09-23,887,733,3,18,Night
2549,22,943,27,2025-12-07,1080,855,58,2,Evening
2550,4,240,148,2025-09-26,836,736,98,9,Night
2551,25,8,236,2025-07-05,999,626,39,8,Morning
2552,14,232,232,2025-12-26,1070,697,103,23,Night
2553,19,985,316,2026-03-29,1192,976,11,17,Evening
2554,20,561,323,2025-09-12,906,697,91,18,Night
2555,22,742,482,2025-11-13,920,844,90,22,Night
2556,12,665,303,2026-05-28,1099,845,17,9,Night
2557,8,944,431,2026-02-03,883,672,27,24,Morning
2558,4,151,334,2025-12-03,1165,1017,87,11,Evening
2559,2,59,28,2026-04-03,1083,1017,8,22,Evening
2560,20,197,376,2026-01-30,998,670,28,11,Morning
2561,25,816,115,2026-05-06,942,611,66,6,Night
2562,14,818,7,2025-07-19,1010,833,41,3,Night
2563,16,792,422,2025-11-20,1193,676,48,21,Morning
2564,11,65,296,2025-10-24,1198,761,118,11,Morning
2565,18,326,445,2025-11-09,885,801,11,0,Morning
2566,13,79,320,2025-09-01,872,867,31,0,Evening
2567,24,262,185,2025-11-08,875,676,43,22,Evening
2568,22,937,275,2025-07-28,1137,1076,65,0,Night
2569,11,757,199,2026-04-29,909,612,113,1,Evening
2570,4,685,239,2025-12-04,969,834,1,2,Night
2571,25,905,487,2025-08-08,863,690,5,15,Evening
2572,9,194,217,2026-03-11,1191,1043,14,11,Morning
2573,10,16,47,2025-10-21,946,834,100,2,Night
2574,2,950,184,2026-01-02,846,622,35,13,Morning
2575,8,221,122,2026-01-25,1152,670,115,11,Night
2576,4,670,100,2026-03-19,1145,1060,73,25,Night
2577,13,958,326,2026-02-07,1021,654,71,24,Evening
2578,15,296,477,2026-04-23,1019,756,10,8,Night
2579,25,841,208,2026-03-06,1033,991,60,5,Night
2580,24,655,365,2025-07-18,1093,767,35,18,Evening
2581,6,1000,112,2026-06-17,900,736,64,11,Night
2582,24,124,442,2026-01-19,937,691,16,23,Evening
2583,1,107,36,2025-09-25,814,705,61,13,Night
2584,20,803,474,2025-08-07,1050,835,85,25,Morning
2585,2,316,62,2026-03-26,1002,957,24,14,Morning
2586,17,399,107,2026-06-19,1039,624,49,6,Evening
2587,21,24,292,2025-10-31,800,718,56,8,Evening
2588,18,508,218,2025-11-10,812,679,32,22,Night
2589,7,31,32,2025-11-16,859,762,59,7,Night
2590,2,320,289,2025-09-04,938,743,72,19,Morning
2591,16,39,267,2026-02-14,842,646,13,7,Evening
2592,2,188,98,2025-08-30,1044,802,43,2,Morning
2593,23,397,471,2026-01-21,988,906,40,13,Night
2594,25,518,368,2025-10-26,900,849,66,23,Evening
2595,18,296,100,2026-01-31,849,678,14,19,Night
2596,11,732,195,2025-12-13,1128,875,46,23,Evening
2597,6,75,211,2026-05-16,950,696,91,2,Night
2598,17,329,265,2026-02-24,811,774,32,24,Night
2599,3,823,322,2025-12-26,1017,835,48,5,Morning
2600,7,984,489,2025-12-13,829,628,33,3,Morning
2601,15,369,17,2025-09-14,973,635,17,22,Evening
2602,6,232,380,2025-07-16,1053,1025,69,25,Evening
2603,15,192,204,2026-01-28,1074,1032,95,11,Night
2604,12,581,500,2026-02-18,807,691,89,18,Night
2605,15,617,45,2025-12-20,1047,1006,11,16,Morning
2606,24,383,85,2025-11-12,837,732,100,20,Evening
2607,7,106,405,2026-04-09,860,715,94,19,Morning
2608,17,124,180,2026-05-15,909,896,8,1,Evening
2609,13,83,360,2026-06-21,1145,788,20,18,Night
2610,18,476,128,2025-10-08,1106,758,86,9,Evening
2611,14,473,244,2025-07-02,1036,774,102,8,Night
2612,14,435,288,2026-01-08,943,886,1,11,Evening
2613,5,59,216,2025-06-28,1190,910,56,1,Night
2614,24,917,47,2026-01-18,1168,778,102,8,Evening
2615,16,192,162,2026-01-02,1180,781,99,2,Morning
2616,19,215,449,2026-03-29,1195,907,115,21,Night
2617,19,631,33,2025-10-04,952,808,73,24,Morning
2618,10,291,85,2025-07-21,1138,851,53,14,Morning
2619,1,571,139,2026-05-11,923,917,100,16,Evening
2620,4,107,256,2025-09-13,1060,634,32,8,Night
2621,9,9,92,2025-12-04,835,624,78,13,Night
2622,3,926,185,2026-05-06,843,704,119,12,Morning
2623,9,589,481,2026-04-13,941,866,105,3,Morning
2624,9,350,57,2026-04-09,1149,741,56,0,Evening
2625,25,47,207,2026-02-11,930,828,86,14,Night
2626,23,500,258,2025-12-01,1135,1097,91,22,Morning
2627,5,472,206,2025-08-02,1121,1118,78,5,Evening
2628,18,258,114,2025-11-16,913,836,65,23,Night
2629,14,98,286,2026-04-02,972,705,64,21,Evening
2630,20,398,295,2025-07-18,979,685,103,17,Morning
2631,12,955,216,2025-10-29,1000,913,54,14,Morning
2632,9,957,461,2025-07-14,915,767,90,15,Morning
2633,9,428,376,2025-08-10,986,779,81,10,Morning
2634,4,994,444,2025-09-14,833,699,93,11,Morning
2635,6,455,316,2025-12-22,1148,974,50,21,Morning
2636,25,684,430,2025-12-19,1064,847,31,21,Evening
2637,1,63,459,2025-07-06,853,640,51,16,Evening
2638,1,178,137,2025-12-04,1067,954,14,14,Evening
2639,4,191,320,2026-05-22,1052,690,57,20,Evening
2640,18,305,426,2025-10-01,1162,968,33,19,Night
2641,6,670,89,2025-09-18,931,920,70,20,Night
2642,24,162,303,2025-09-19,1072,833,63,13,Evening
2643,1,142,2,2025-10-07,1064,747,16,12,Evening
2644,7,384,203,2025-06-22,997,922,11,1,Night
2645,22,276,257,2026-02-05,946,726,99,7,Evening
2646,23,122,332,2025-08-28,1067,810,84,1,Evening
2647,11,735,63,2025-10-10,949,728,64,21,Night
2648,19,889,350,2026-04-12,1163,642,5,25,Evening
2649,20,781,181,2026-06-10,1109,793,95,8,Morning
2650,1,22,467,2025-12-16,808,690,38,22,Night
2651,1,167,383,2026-03-31,813,684,72,2,Morning
2652,16,790,310,2025-08-05,1168,908,66,18,Evening
2653,18,470,106,2026-02-01,874,710,90,23,Morning
2654,8,81,389,2025-12-14,1181,612,51,0,Night
2655,22,845,12,2025-08-22,1008,790,1,11,Morning
2656,25,859,170,2025-09-18,939,686,15,4,Evening
2657,18,332,331,2026-06-16,882,615,97,20,Evening
2658,6,890,404,2025-11-22,808,621,97,2,Evening
2659,2,608,202,2025-11-17,816,678,12,1,Morning
2660,6,79,407,2025-11-22,1136,1120,40,19,Evening
2661,16,81,344,2025-07-24,1198,941,71,9,Evening
2662,23,904,64,2025-12-31,859,746,91,17,Morning
2663,23,191,331,2026-06-05,1042,1037,62,21,Morning
2664,2,33,51,2025-09-29,1192,1041,119,23,Night
2665,10,559,25,2025-12-30,988,665,22,21,Evening
2666,1,351,479,2025-08-20,801,630,116,9,Morning
2667,1,85,206,2025-10-15,1196,1046,44,4,Evening
2668,15,957,57,2025-10-15,948,719,32,15,Night
2669,23,343,232,2026-02-09,975,605,42,0,Morning
2670,11,713,216,2025-11-22,909,759,109,11,Morning
2671,14,624,171,2026-05-21,1098,1006,74,19,Evening
2672,20,708,354,2025-10-07,1099,1063,15,18,Morning
2673,18,397,130,2026-05-17,1108,768,68,7,Night
2674,8,798,457,2025-08-20,1133,982,77,23,Night
2675,13,8,343,2026-01-30,888,702,23,0,Night
2676,18,426,260,2026-01-31,1062,1024,39,23,Night
2677,10,728,61,2025-07-06,938,792,46,0,Evening
2678,25,817,495,2025-10-04,1022,825,11,23,Evening
2679,25,140,495,2025-07-14,870,621,107,21,Night
2680,12,172,350,2026-03-07,946,720,10,16,Morning
2681,22,240,230,2025-09-20,1167,1142,48,25,Night
2682,15,540,445,2026-01-28,1004,846,40,2,Morning
2683,3,3,10,2025-11-21,888,665,68,15,Morning
2684,19,108,75,2026-06-11,949,863,50,21,Night
2685,16,365,414,2025-12-29,1146,1080,109,12,Morning
2686,6,293,292,2025-11-14,883,602,81,14,Morning
2687,19,400,312,2025-07-20,1141,1070,11,11,Night
2688,7,755,302,2026-02-09,1086,695,32,6,Morning
2689,12,78,185,2026-05-04,1040,1008,9,20,Evening
2690,20,504,417,2025-09-25,1090,978,65,19,Evening
2691,19,299,389,2025-11-04,1014,707,99,6,Night
2692,5,192,186,2025-08-02,1095,792,99,17,Morning
2693,23,276,209,2025-10-15,873,686,37,3,Evening
2694,10,690,207,2025-12-12,861,736,65,21,Morning
2695,25,377,488,2025-10-17,931,882,117,20,Night
2696,17,63,338,2025-10-01,1199,849,20,21,Evening
2697,10,423,273,2025-10-27,1106,911,25,2,Morning
2698,1,579,183,2026-01-15,859,693,25,25,Evening
2699,20,448,102,2026-05-09,1057,1055,99,14,Evening
2700,17,550,399,2025-07-12,1026,634,31,11,Morning
2701,21,208,387,2025-12-28,857,784,45,22,Night
2702,21,507,380,2026-01-21,815,785,113,10,Night
2703,18,274,471,2026-01-16,984,950,30,0,Morning
2704,1,48,61,2025-11-18,1159,666,22,24,Morning
2705,16,385,330,2025-10-22,1157,946,14,7,Evening
2706,11,846,181,2025-09-24,890,874,80,14,Night
2707,18,356,374,2026-03-30,835,645,105,16,Night
2708,1,19,466,2025-09-21,800,762,50,15,Night
2709,11,294,50,2026-06-18,981,741,74,5,Morning
2710,17,953,218,2025-08-13,939,622,119,6,Evening
2711,16,166,109,2025-12-21,1093,715,54,21,Evening
2712,15,271,145,2026-06-10,962,933,5,4,Morning
2713,22,653,403,2025-07-15,821,628,120,10,Evening
2714,2,771,171,2025-11-26,1049,626,20,0,Evening
2715,17,266,102,2026-03-22,1180,1140,15,0,Evening
2716,9,135,263,2025-11-06,1104,771,43,5,Morning
2717,6,3,52,2026-01-09,810,775,19,23,Morning
2718,1,42,159,2025-12-05,1176,672,88,20,Night
2719,1,247,388,2025-08-09,1102,923,16,19,Morning
2720,7,667,301,2026-02-09,902,665,6,24,Night
2721,3,931,455,2026-04-24,1057,967,73,12,Morning
2722,14,664,44,2025-09-13,900,647,104,18,Morning
2723,21,623,194,2025-10-03,1144,753,37,23,Evening
2724,21,761,169,2025-12-17,979,846,27,12,Night
2725,13,687,389,2025-12-17,915,844,34,19,Morning
2726,9,582,247,2026-04-20,1078,979,41,5,Morning
2727,17,699,163,2025-09-07,908,603,83,24,Morning
2728,2,317,146,2026-02-11,1001,916,65,15,Morning
2729,2,27,52,2026-04-01,983,633,17,17,Evening
2730,12,661,211,2026-04-03,847,656,63,18,Night
2731,18,275,24,2026-01-31,860,716,18,22,Night
2732,24,286,261,2025-10-31,844,608,44,12,Night
2733,9,973,164,2025-06-30,1094,809,109,9,Night
2734,5,135,165,2026-05-03,1127,835,0,0,Evening
2735,13,900,112,2025-10-07,854,766,45,11,Evening
2736,4,241,210,2026-01-28,952,712,81,5,Night
2737,19,201,344,2026-01-10,859,735,61,19,Morning
2738,21,163,144,2026-05-04,1024,920,96,10,Evening
2739,4,450,247,2025-08-30,1192,994,94,3,Evening
2740,19,269,233,2026-01-14,1165,885,70,21,Evening
2741,16,287,498,2026-06-03,864,760,11,16,Morning
2742,2,81,357,2026-06-18,1004,784,104,4,Morning
2743,2,73,497,2026-04-12,1078,648,34,14,Morning
2744,19,43,338,2025-10-07,871,728,103,5,Night
2745,11,368,185,2025-12-01,1102,1081,36,20,Night
2746,18,229,456,2025-08-11,1095,799,90,23,Morning
2747,18,702,148,2026-06-09,1003,929,77,5,Night
2748,20,750,238,2025-12-28,843,793,81,16,Night
2749,16,384,62,2025-10-18,859,851,35,15,Night
2750,13,32,25,2026-01-24,1129,1021,64,5,Evening
2751,3,865,96,2025-08-21,845,844,38,13,Morning
2752,14,648,403,2026-04-02,883,818,8,4,Morning
2753,22,703,451,2026-05-24,838,695,40,16,Morning
2754,12,927,106,2025-07-24,894,872,86,4,Night
2755,2,748,373,2026-02-13,1128,602,36,6,Night
2756,17,602,225,2026-01-25,1130,694,119,12,Night
2757,24,602,165,2025-07-19,1147,1023,66,25,Morning
2758,9,870,151,2026-05-13,824,662,47,21,Evening
2759,21,753,127,2025-07-11,1044,821,78,6,Morning
2760,10,759,436,2025-09-19,1067,890,117,18,Evening
2761,6,964,100,2026-04-24,1134,962,56,24,Evening
2762,25,315,335,2026-01-23,947,921,65,14,Evening
2763,16,134,25,2025-11-17,994,714,14,25,Morning
2764,24,389,371,2025-08-12,1183,1013,8,0,Evening
2765,7,123,392,2026-03-09,1050,986,97,4,Morning
2766,8,469,47,2025-11-06,1180,660,22,18,Evening
2767,9,435,39,2026-01-17,823,661,55,2,Evening
2768,7,265,155,2025-07-12,1112,1075,51,6,Morning
2769,5,108,339,2025-12-30,1145,791,71,14,Night
2770,17,455,128,2025-11-11,836,684,83,23,Evening
2771,9,215,433,2026-06-03,836,725,90,9,Morning
2772,19,273,81,2025-10-14,919,724,73,21,Night
2773,6,392,413,2025-09-12,838,697,14,5,Night
2774,4,43,254,2026-06-07,1133,818,40,18,Morning
2775,21,621,492,2025-09-16,1168,1134,31,21,Evening
2776,24,468,493,2025-12-25,979,803,120,7,Morning
2777,11,739,387,2025-12-04,1000,997,33,4,Morning
2778,21,688,465,2026-05-20,810,750,61,24,Morning
2779,13,332,479,2025-06-22,817,691,114,5,Evening
2780,21,469,246,2026-01-23,1045,865,2,16,Evening
2781,15,492,59,2026-02-07,1126,988,85,16,Night
2782,5,778,190,2025-11-26,1009,956,19,3,Evening
2783,3,533,214,2026-01-11,1048,740,112,2,Night
2784,23,506,154,2026-06-10,868,778,15,3,Night
2785,22,964,170,2025-10-02,1175,935,98,12,Night
2786,2,973,235,2026-02-07,993,832,94,20,Evening
2787,9,579,297,2025-07-18,888,754,47,23,Night
2788,18,558,436,2025-07-12,800,682,10,18,Morning
2789,12,214,102,2026-01-11,1046,1025,12,24,Night
2790,7,336,62,2025-09-03,1105,1026,69,21,Night
2791,11,612,156,2026-02-02,1001,937,54,14,Morning
2792,22,649,102,2025-07-01,1165,884,98,2,Evening
2793,4,702,270,2026-05-09,854,777,101,14,Night
2794,11,981,249,2026-03-27,1166,735,42,13,Evening
2795,4,846,104,2025-11-27,830,726,11,6,Night
2796,16,672,291,2026-02-16,1072,974,16,10,Evening
2797,6,850,468,2026-01-08,1073,910,8,23,Evening
2798,22,716,330,2026-04-21,1173,961,112,10,Evening
2799,11,914,128,2025-10-05,869,645,45,3,Morning
2800,13,840,309,2025-12-24,1142,741,104,12,Morning
2801,1,936,42,2026-01-21,1035,826,59,25,Evening
2802,3,77,149,2025-10-26,819,739,104,25,Night
2803,20,542,303,2025-11-27,960,755,79,13,Evening
2804,25,244,97,2025-11-30,939,841,47,25,Morning
2805,17,357,158,2025-08-24,887,853,0,9,Night
2806,17,529,41,2025-08-05,810,716,22,16,Evening
2807,21,580,462,2025-07-17,827,617,29,22,Night
2808,5,938,171,2026-03-04,991,912,45,10,Night
2809,8,542,286,2025-09-05,1054,633,46,15,Morning
2810,20,588,256,2025-09-19,1046,959,118,8,Morning
2811,16,555,120,2025-07-12,1077,631,1,20,Evening
2812,23,142,206,2026-03-14,843,810,68,14,Night
2813,8,460,130,2025-07-19,861,702,53,12,Night
2814,20,227,195,2025-07-17,863,745,5,19,Morning
2815,10,530,123,2025-09-11,877,678,28,0,Evening
2816,14,264,366,2025-11-03,937,799,43,4,Evening
2817,19,242,122,2026-01-13,1045,929,86,2,Evening
2818,21,859,67,2026-06-21,913,885,88,10,Evening
2819,3,976,127,2025-08-10,888,777,52,18,Morning
2820,22,737,498,2026-02-27,1117,1072,119,23,Night
2821,10,902,375,2026-05-17,906,663,35,22,Night
2822,13,958,77,2026-02-19,964,919,39,16,Evening
2823,5,317,147,2025-10-02,875,837,99,6,Morning
2824,1,610,172,2025-10-02,883,855,85,23,Morning
2825,16,323,10,2025-11-28,1182,939,1,21,Morning
2826,22,216,169,2025-08-27,953,833,93,9,Evening
2827,22,710,360,2026-05-27,989,821,26,10,Evening
2828,1,538,485,2025-10-04,1041,991,99,12,Evening
2829,5,373,11,2025-07-08,1183,861,94,4,Morning
2830,24,217,229,2026-01-06,1190,1137,39,8,Evening
2831,15,525,283,2025-11-16,873,755,86,7,Evening
2832,24,448,128,2026-02-02,987,701,91,13,Night
2833,6,552,52,2026-02-20,996,801,119,24,Night
2834,14,176,249,2025-06-25,836,739,53,1,Morning
2835,2,576,380,2026-03-04,1063,664,38,10,Evening
2836,2,250,113,2026-04-08,1061,691,60,19,Night
2837,10,839,494,2026-01-26,968,939,4,13,Morning
2838,12,215,127,2025-10-29,1132,766,15,4,Morning
2839,4,769,101,2025-10-24,1066,840,61,1,Night
2840,22,577,195,2025-11-04,920,897,40,21,Night
2841,14,478,97,2025-11-16,1095,844,23,12,Evening
2842,21,482,487,2025-07-08,978,871,92,23,Night
2843,17,733,48,2025-09-20,1062,1024,67,23,Evening
2844,5,422,4,2025-09-19,897,608,26,25,Night
2845,16,567,308,2026-03-28,952,607,21,11,Night
2846,6,925,169,2026-03-05,1079,829,10,21,Morning
2847,19,450,268,2025-12-29,912,879,51,15,Evening
2848,22,927,388,2026-04-14,1117,883,95,4,Night
2849,22,257,461,2025-12-24,1181,658,32,16,Night
2850,6,626,494,2026-06-14,1097,625,0,17,Night
2851,5,59,143,2025-11-05,812,687,21,22,Night
2852,2,524,475,2026-03-01,864,755,78,12,Morning
2853,14,426,235,2025-12-08,984,956,67,11,Evening
2854,12,975,304,2026-02-24,1158,902,33,19,Night
2855,17,456,128,2026-04-12,1195,787,37,20,Morning
2856,6,320,199,2026-03-12,857,608,109,24,Evening
2857,13,684,11,2026-04-15,1081,835,46,10,Evening
2858,2,281,56,2025-11-08,1136,985,87,22,Morning
2859,1,354,118,2025-09-29,1102,715,99,3,Morning
2860,17,733,207,2025-07-29,1057,975,52,7,Evening
2861,9,229,319,2026-01-01,1024,991,118,9,Night
2862,1,254,253,2025-11-12,1153,1005,48,19,Night
2863,10,271,20,2025-09-25,927,817,110,9,Night
2864,11,880,478,2026-05-10,934,830,84,18,Night
2865,6,432,401,2026-05-08,1055,903,12,13,Morning
2866,4,559,19,2025-08-04,1155,813,39,24,Morning
2867,8,271,105,2025-09-07,898,871,85,24,Night
2868,4,173,315,2026-03-13,1138,988,44,20,Evening
2869,22,191,196,2026-02-02,1010,997,89,6,Evening
2870,12,973,372,2026-04-12,974,746,51,15,Night
2871,16,342,235,2026-03-24,1177,881,39,6,Evening
2872,25,893,268,2025-10-14,1065,827,118,22,Night
2873,10,846,125,2026-03-15,1086,877,91,10,Night
2874,13,845,113,2026-04-02,891,842,31,3,Evening
2875,8,343,91,2025-08-05,924,809,4,23,Morning
2876,25,691,200,2026-02-18,1031,844,71,7,Night
2877,2,327,99,2025-11-03,1018,843,95,5,Night
2878,10,234,357,2025-12-14,977,946,34,13,Morning
2879,8,884,454,2026-05-27,1185,922,93,21,Morning
2880,23,741,56,2026-03-10,1167,932,20,17,Night
2881,10,485,498,2026-02-01,845,613,105,0,Night
2882,11,286,477,2026-03-17,1117,891,8,15,Morning
2883,22,469,497,2025-09-16,1184,955,4,9,Evening
2884,9,571,149,2025-09-29,1046,1042,47,17,Night
2885,4,399,99,2025-12-10,1105,886,109,9,Night
2886,11,180,62,2026-03-03,909,719,67,11,Morning
2887,4,212,41,2026-05-04,1083,832,18,25,Evening
2888,21,529,368,2026-01-15,1056,799,24,11,Night
2889,3,901,190,2026-01-04,914,778,111,3,Morning
2890,13,964,238,2026-04-07,918,760,8,18,Morning
2891,9,563,307,2025-08-12,822,752,109,15,Evening
2892,17,718,154,2025-10-22,1174,827,58,20,Night
2893,10,795,377,2026-05-22,1127,798,37,14,Morning
2894,16,959,133,2026-03-26,1161,1112,103,25,Morning
2895,3,842,491,2025-09-23,1178,643,21,3,Night
2896,21,294,456,2025-10-18,1119,810,30,7,Morning
2897,24,441,367,2026-06-02,973,633,33,3,Night
2898,4,649,233,2025-12-05,1135,667,42,6,Night
2899,7,553,373,2025-09-27,1149,1052,22,9,Evening
2900,14,346,116,2026-05-23,1008,799,111,9,Night
2901,19,719,195,2025-07-11,977,781,98,18,Night
2902,9,842,307,2025-12-20,944,888,48,10,Evening
2903,22,353,34,2025-08-12,1142,792,69,8,Evening
2904,10,66,348,2025-12-22,905,727,74,7,Night
2905,14,822,323,2025-10-29,1107,665,68,2,Evening
2906,2,958,238,2025-10-06,1103,897,54,12,Morning
2907,23,821,387,2025-08-23,910,839,8,15,Morning
2908,25,255,187,2025-09-19,879,617,101,8,Morning
2909,6,372,296,2026-01-06,1111,960,74,12,Evening
2910,23,566,385,2025-09-02,930,792,114,13,Evening
2911,7,526,436,2026-02-28,1024,953,88,18,Morning
2912,21,419,237,2026-03-16,1124,1032,31,7,Evening
2913,2,928,315,2025-12-22,811,699,67,5,Night
2914,3,318,481,2025-10-28,837,787,85,2,Morning
2915,17,19,375,2025-12-29,930,774,8,1,Night
2916,20,491,100,2025-08-25,1139,732,40,7,Morning
2917,14,66,398,2026-01-01,1045,879,34,9,Night
2918,23,444,72,2025-07-15,1137,1052,91,24,Evening
2919,10,320,222,2026-02-18,961,879,24,1,Evening
2920,13,897,385,2025-09-08,933,927,2,19,Morning
2921,14,457,198,2026-03-03,1048,711,112,18,Morning
2922,21,394,322,2025-07-23,803,732,6,25,Morning
2923,13,13,72,2025-07-28,1194,709,42,1,Evening
2924,8,458,166,2025-11-11,884,747,42,8,Night
2925,5,616,355,2025-07-06,1124,682,19,13,Night
2926,6,46,133,2025-12-14,1021,886,32,2,Night
2927,25,768,42,2025-12-03,1001,679,80,19,Night
2928,11,851,140,2026-06-20,885,794,101,19,Night
2929,21,156,167,2025-09-24,908,837,21,9,Morning
2930,25,305,199,2025-11-05,1183,1037,28,25,Night
2931,25,701,395,2025-12-23,957,705,10,21,Evening
2932,5,930,450,2025-09-11,1010,865,79,13,Night
2933,16,496,461,2026-01-04,1061,1047,71,11,Night
2934,9,381,86,2025-09-23,904,606,108,14,Night
2935,12,392,136,2025-11-23,1126,751,107,4,Night
2936,19,588,91,2025-12-15,1002,633,64,21,Morning
2937,9,789,345,2025-06-26,889,753,102,15,Night
2938,11,950,428,2025-12-14,1028,772,49,12,Morning
2939,15,243,59,2025-11-10,930,758,106,21,Morning
2940,8,361,465,2026-02-07,1007,608,34,15,Night
2941,17,33,1,2025-11-12,840,669,11,5,Morning
2942,7,166,198,2026-01-11,903,737,95,14,Evening
2943,24,127,465,2026-05-04,972,716,0,18,Morning
2944,23,624,413,2026-05-01,1182,965,101,12,Evening
2945,8,390,71,2026-03-13,1164,778,98,14,Night
2946,17,941,321,2025-07-27,1110,874,10,7,Night
2947,15,19,485,2026-05-06,1027,887,76,3,Evening
2948,24,157,158,2025-07-05,1092,878,55,18,Night
2949,5,782,355,2026-01-11,865,664,33,11,Night
2950,17,517,343,2025-10-17,1185,807,109,14,Night
2951,21,768,61,2026-06-12,1199,1065,39,17,Evening
2952,24,954,121,2025-08-28,951,797,24,7,Night
2953,16,947,63,2025-09-02,949,687,93,7,Evening
2954,25,42,247,2025-12-27,943,831,60,4,Evening
2955,23,830,91,2025-08-19,979,845,15,6,Evening
2956,6,977,337,2026-01-15,908,832,94,21,Night
2957,3,259,420,2026-05-11,968,634,53,10,Morning
2958,12,354,237,2026-04-18,969,870,44,8,Night
2959,13,518,272,2025-07-21,909,767,23,6,Evening
2960,17,965,185,2025-08-19,1187,851,76,18,Night
2961,25,462,467,2026-05-15,1079,1017,38,8,Night
2962,8,472,370,2025-10-27,980,789,108,2,Night
2963,17,454,36,2026-02-05,1128,1092,103,15,Morning
2964,5,9,120,2025-07-07,1029,933,75,1,Night
2965,8,169,348,2025-07-08,941,851,18,20,Evening
2966,22,465,252,2025-11-11,1107,1102,36,1,Evening
2967,11,31,208,2025-11-29,1078,699,94,10,Night
2968,8,641,246,2026-02-09,1093,784,14,6,Evening
2969,7,416,92,2025-10-31,951,792,18,21,Evening
2970,16,581,184,2025-07-11,1190,1129,113,5,Morning
2971,4,368,305,2025-08-23,840,726,0,6,Evening
2972,10,440,85,2026-05-07,855,843,46,18,Evening
2973,21,46,264,2025-06-30,993,986,77,23,Morning
2974,9,976,81,2026-06-16,1099,934,87,2,Evening
2975,20,245,232,2026-01-04,868,826,65,19,Evening
2976,2,39,492,2025-12-27,894,750,39,8,Night
2977,21,361,189,2026-03-12,884,725,32,7,Morning
2978,16,374,66,2025-11-02,959,784,31,5,Morning
2979,24,604,151,2026-04-07,1139,866,99,7,Morning
2980,23,995,352,2026-05-14,846,696,116,16,Evening
2981,1,643,102,2025-10-22,1163,869,76,23,Morning
2982,15,69,99,2026-06-09,821,656,31,5,Night
2983,10,558,396,2026-03-11,1041,770,105,20,Morning
2984,6,267,19,2026-01-20,938,634,46,7,Evening
2985,25,502,254,2025-09-24,862,711,2,1,Evening
2986,21,259,483,2026-05-17,1059,706,108,23,Morning
2987,20,53,331,2026-06-08,903,687,4,4,Evening
2988,7,699,8,2025-10-30,1119,639,64,5,Evening
2989,18,736,197,2026-04-27,879,875,107,3,Night
2990,7,657,347,2025-09-16,1085,930,93,21,Evening
2991,18,573,313,2025-12-09,1138,969,88,20,Morning
2992,22,686,135,2026-05-11,1076,824,102,17,Morning
2993,14,522,378,2025-11-15,913,768,83,23,Morning
2994,13,982,285,2025-07-29,815,619,88,13,Evening
2995,21,940,361,2025-07-21,1154,891,96,7,Morning
2996,12,289,195,2025-09-16,964,619,14,20,Night
2997,23,977,140,2026-03-23,1099,633,3,13,Evening
2998,3,492,255,2025-08-02,1058,832,94,8,Morning
2999,15,279,328,2026-04-27,1131,862,20,9,Morning
3000,11,61,229,2026-01-03,1176,1019,56,8,Evening
3001,3,724,494,2025-09-23,1024,853,18,23,Evening
3002,11,384,307,2025-08-16,956,947,110,15,Night
3003,3,518,397,2025-11-15,1087,624,72,0,Night
3004,20,943,417,2025-06-25,920,784,35,3,Night
3005,1,113,299,2025-12-28,1114,828,116,7,Night
3006,22,64,500,2026-04-06,969,763,3,21,Evening
3007,7,562,355,2026-03-18,962,962,7,11,Evening
3008,5,474,188,2025-10-13,989,809,49,6,Night
3009,4,13,416,2026-06-10,963,702,82,25,Night
3010,10,164,37,2026-06-13,1132,992,25,7,Morning
3011,24,769,303,2025-11-28,971,758,70,3,Morning
3012,20,636,491,2026-03-19,835,643,63,15,Night
3013,14,447,273,2026-05-04,1127,1111,1,7,Night
3014,14,475,401,2025-09-13,1056,958,2,7,Night
3015,7,897,258,2026-06-06,971,954,100,18,Morning
3016,17,802,122,2025-12-16,1066,938,23,9,Morning
3017,2,101,108,2026-04-11,1128,678,48,23,Evening
3018,23,157,325,2026-04-24,929,692,103,3,Night
3019,21,709,447,2026-05-19,877,672,1,15,Morning
3020,21,146,108,2026-03-06,880,852,77,24,Night
3021,15,593,214,2025-11-25,848,690,5,4,Night
3022,19,338,167,2025-08-08,829,675,112,16,Night
3023,24,143,496,2026-04-27,1179,615,64,2,Morning
3024,22,777,413,2026-03-03,929,921,7,10,Morning
3025,4,133,65,2026-02-28,1144,621,94,23,Evening
3026,6,660,227,2025-08-13,942,672,40,25,Night
3027,12,460,22,2026-05-12,1006,777,15,23,Evening
3028,3,809,369,2026-05-09,869,687,94,1,Evening
3029,14,747,201,2025-10-05,1193,668,19,9,Night
3030,7,844,470,2026-04-06,1054,770,59,8,Morning
3031,4,438,272,2026-04-17,906,774,4,11,Morning
3032,2,676,136,2025-08-03,1192,715,69,7,Evening
3033,3,78,130,2025-08-30,860,634,2,0,Morning
3034,17,152,418,2025-08-05,1024,660,25,18,Evening
3035,21,203,267,2025-12-11,892,790,29,16,Morning
3036,11,178,194,2025-11-20,814,696,101,0,Evening
3037,14,431,339,2025-12-26,1148,765,55,24,Night
3038,10,14,496,2025-10-08,1070,776,0,10,Night
3039,1,882,205,2026-03-22,863,768,90,14,Evening
3040,22,17,281,2026-06-06,986,740,75,3,Night
3041,22,554,153,2026-01-02,1162,869,27,4,Night
3042,21,92,221,2025-10-27,1103,805,103,22,Evening
3043,5,263,490,2026-03-04,1098,1092,37,14,Morning
3044,3,894,156,2025-09-05,1109,1015,99,15,Morning
3045,13,76,219,2025-12-08,1065,956,78,3,Evening
3046,8,866,400,2026-05-01,1062,949,5,8,Night
3047,3,943,204,2025-12-12,1071,727,42,7,Morning
3048,5,429,41,2025-12-26,1064,1062,30,20,Morning
3049,5,784,360,2025-09-18,1050,811,105,23,Evening
3050,2,871,429,2025-11-25,1139,787,47,25,Night
3051,2,735,151,2025-08-09,1177,1024,30,18,Evening
3052,21,776,224,2025-12-23,958,844,13,24,Evening
3053,19,406,448,2025-09-25,898,698,61,16,Evening
3054,25,671,482,2026-06-18,1143,790,25,24,Night
3055,17,630,442,2025-11-24,1079,729,111,22,Evening
3056,21,811,312,2025-06-24,850,783,93,15,Morning
3057,24,490,36,2026-05-04,1072,662,30,5,Evening
3058,16,185,285,2026-02-08,1022,642,93,8,Evening
3059,2,414,221,2026-01-23,1173,624,106,3,Night
3060,6,497,149,2025-10-30,1148,1115,66,0,Evening
3061,12,899,317,2025-10-31,806,657,67,1,Evening
3062,22,719,79,2025-07-23,968,898,48,15,Evening
3063,16,173,172,2026-04-15,1192,725,54,21,Morning
3064,21,903,362,2026-06-06,807,697,39,0,Night
3065,15,5,297,2026-03-16,1089,681,40,25,Morning
3066,15,318,292,2026-04-24,1149,1070,114,8,Night
3067,16,789,453,2025-08-21,948,926,36,7,Evening
3068,11,159,404,2025-11-07,889,835,22,12,Evening
3069,3,5,289,2026-06-07,1174,1058,90,6,Morning
3070,7,594,105,2026-03-06,1121,623,1,7,Morning
3071,18,256,396,2025-07-25,1160,930,70,0,Morning
3072,12,101,176,2025-09-11,1065,664,120,13,Evening
3073,13,241,222,2026-04-24,877,843,23,1,Morning
3074,22,249,80,2026-05-18,876,727,34,11,Night
3075,3,595,265,2025-11-04,1083,935,23,0,Morning
3076,17,659,93,2026-03-23,847,653,15,24,Night
3077,3,706,455,2025-08-01,1170,959,58,6,Night
3078,15,348,257,2026-01-01,1160,894,46,19,Evening
3079,10,503,121,2025-07-13,818,621,74,0,Evening
3080,5,698,484,2026-03-16,872,863,114,4,Evening
3081,10,585,64,2025-10-23,1018,657,65,8,Morning
3082,17,690,258,2025-09-03,1007,881,61,3,Night
3083,6,316,20,2026-04-19,839,789,111,17,Morning
3084,6,832,351,2026-02-26,849,835,38,4,Morning
3085,16,867,72,2026-01-28,876,811,26,3,Evening
3086,24,696,348,2026-02-11,1167,893,109,21,Evening
3087,10,601,21,2026-03-15,998,823,93,15,Evening
3088,2,109,374,2025-10-19,1032,740,103,25,Night
3089,4,100,385,2026-02-15,1175,914,117,15,Morning
3090,2,928,35,2025-12-13,800,708,106,24,Night
3091,1,73,416,2025-07-25,1157,892,25,5,Evening
3092,4,43,286,2025-11-02,841,668,42,0,Night
3093,17,886,358,2026-06-02,1153,1134,73,24,Night
3094,11,495,271,2026-01-19,1009,889,55,24,Morning
3095,24,69,286,2025-11-29,1168,1161,64,19,Night
3096,18,380,421,2026-05-16,915,689,31,4,Morning
3097,3,196,52,2025-12-03,1139,1091,96,20,Night
3098,5,584,104,2025-08-21,821,711,51,14,Night
3099,17,550,167,2026-04-27,940,679,92,0,Evening
3100,9,339,490,2026-04-21,1123,848,113,24,Night
3101,14,397,310,2025-07-02,856,745,81,19,Morning
3102,15,259,473,2025-11-30,962,649,100,2,Morning
3103,5,567,216,2026-01-22,970,816,66,10,Night
3104,9,185,206,2026-06-10,1007,885,11,0,Morning
3105,9,69,457,2026-03-13,946,754,76,25,Night
3106,13,863,490,2026-02-08,1050,1048,83,5,Morning
3107,8,263,131,2025-12-03,828,817,4,25,Night
3108,13,656,299,2025-07-09,828,753,114,0,Evening
3109,5,607,469,2025-07-23,911,869,86,5,Morning
3110,22,758,18,2026-01-06,953,827,104,6,Morning
3111,10,465,347,2026-04-06,1014,691,7,23,Morning
3112,22,57,486,2026-01-10,800,662,63,17,Morning
3113,14,537,487,2026-05-28,1189,811,34,4,Morning
3114,12,874,204,2026-04-13,876,710,21,4,Evening
3115,11,228,88,2025-07-09,853,769,95,23,Evening
3116,5,988,262,2026-03-15,821,642,73,0,Night
3117,21,174,383,2026-03-14,869,626,86,8,Morning
3118,15,456,25,2025-10-19,864,860,23,5,Morning
3119,14,166,195,2026-03-11,801,774,59,22,Night
3120,19,716,263,2026-02-18,1018,861,114,11,Night
3121,4,877,93,2025-10-28,1149,833,118,2,Evening
3122,25,698,492,2025-12-06,899,669,97,21,Evening
3123,16,57,404,2026-02-26,1073,787,101,15,Night
3124,12,956,231,2025-09-08,1198,1198,16,18,Morning
3125,24,747,75,2025-12-21,825,692,22,13,Evening
3126,9,127,303,2026-06-09,1062,732,24,6,Night
3127,19,254,295,2026-04-17,1178,768,63,17,Night
3128,10,714,191,2026-01-15,1041,837,7,7,Night
3129,8,926,228,2026-03-10,848,733,67,16,Night
3130,17,689,50,2025-10-03,912,653,10,16,Night
3131,11,495,296,2025-06-30,811,800,60,8,Night
3132,18,292,183,2026-06-20,857,776,19,8,Night
3133,6,201,426,2025-07-28,1017,828,72,15,Night
3134,13,476,377,2026-04-25,1033,940,22,25,Evening
3135,18,783,432,2025-12-03,1098,1051,106,12,Evening
3136,12,305,145,2025-07-27,1032,767,39,24,Evening
3137,12,213,232,2025-10-25,976,607,107,25,Night
3138,23,862,104,2025-12-01,923,714,61,19,Morning
3139,12,129,193,2025-09-14,936,688,3,12,Night
3140,15,241,47,2026-02-10,1139,969,63,5,Night
3141,8,478,174,2025-07-26,1028,689,46,23,Evening
3142,18,142,199,2025-08-15,1074,910,117,5,Morning
3143,15,746,115,2026-03-29,1119,843,51,10,Night
3144,11,353,234,2025-11-16,897,872,44,23,Evening
3145,17,252,321,2026-03-23,1139,817,56,1,Morning
3146,7,828,422,2026-02-25,834,772,17,9,Evening
3147,16,765,214,2026-04-05,997,696,43,25,Evening
3148,14,18,466,2026-01-19,939,935,4,2,Night
3149,9,579,137,2026-01-17,848,761,73,3,Evening
3150,25,225,95,2026-04-05,1031,636,58,21,Morning
3151,5,383,92,2025-09-29,1178,1074,24,11,Morning
3152,21,58,247,2025-11-28,885,720,52,16,Morning
3153,11,613,478,2026-03-27,800,610,46,16,Evening
3154,6,446,455,2026-01-21,975,724,56,13,Morning
3155,20,617,149,2025-10-19,931,756,11,14,Evening
3156,23,778,240,2026-03-08,932,668,88,6,Night
3157,6,615,388,2025-07-18,998,984,27,21,Night
3158,9,395,250,2025-07-24,978,772,114,20,Morning
3159,21,899,175,2025-06-26,1183,1115,119,17,Night
3160,7,151,269,2025-08-09,939,898,93,19,Evening
3161,16,897,443,2025-08-25,1017,734,38,20,Night
3162,21,720,491,2025-10-05,965,910,57,8,Night
3163,11,329,500,2025-12-03,1015,914,49,7,Night
3164,24,235,176,2026-03-28,1154,837,15,10,Night
3165,12,453,273,2025-09-24,899,612,120,17,Morning
3166,8,320,49,2025-07-26,803,797,94,21,Evening
3167,14,414,2,2025-12-07,963,620,84,12,Evening
3168,13,731,335,2026-03-03,1191,1039,12,22,Evening
3169,17,448,90,2025-11-08,1170,887,107,16,Evening
3170,22,26,203,2026-01-29,1113,961,63,24,Evening
3171,1,796,424,2025-11-20,818,768,118,20,Night
3172,12,133,294,2026-05-30,1090,713,37,6,Evening
3173,11,880,32,2025-10-03,1178,896,63,21,Morning
3174,16,882,120,2026-03-06,1187,1057,35,17,Evening
3175,16,270,109,2026-03-25,947,609,42,3,Morning
3176,8,152,154,2025-12-02,997,891,118,19,Evening
3177,10,110,359,2025-09-26,1053,803,31,23,Morning
3178,17,369,230,2025-08-27,940,774,70,3,Evening
3179,18,628,384,2025-12-16,1068,668,36,13,Night
3180,17,632,464,2025-06-26,1157,1072,107,24,Night
3181,23,957,209,2025-09-17,1152,1027,23,3,Morning
3182,21,312,156,2026-02-14,930,702,51,10,Night
3183,1,958,61,2025-09-05,1174,878,58,21,Morning
3184,11,496,281,2026-06-20,805,628,76,9,Evening
3185,23,410,500,2025-12-01,1079,703,7,13,Morning
3186,2,763,230,2026-05-20,1076,972,46,13,Morning
3187,5,453,268,2026-04-05,858,603,67,1,Night
3188,5,858,242,2026-06-09,1099,827,82,17,Evening
3189,18,927,109,2025-07-26,1169,902,47,18,Night
3190,23,247,350,2025-07-06,847,753,14,23,Evening
3191,17,968,81,2025-12-11,915,881,86,21,Night
3192,21,750,491,2025-09-14,858,696,50,19,Morning
3193,24,167,409,2025-09-11,1027,905,110,10,Night
3194,23,411,132,2025-08-05,1129,1045,120,14,Night
3195,8,812,121,2025-09-21,865,750,4,13,Night
3196,12,79,334,2025-11-06,811,745,49,5,Night
3197,20,771,243,2026-05-11,1025,861,103,10,Morning
3198,9,962,483,2026-02-12,1195,977,27,16,Night
3199,1,380,452,2025-07-06,1047,716,63,14,Night
3200,5,29,485,2026-01-31,861,856,83,15,Night
3201,16,825,300,2025-10-11,1122,930,71,11,Morning
3202,1,269,195,2025-12-03,1091,946,112,3,Evening
3203,14,42,348,2025-10-19,1069,683,113,25,Evening
3204,9,921,498,2025-12-28,930,901,117,10,Morning
3205,14,891,362,2026-03-27,1038,651,100,23,Morning
3206,3,628,243,2026-01-27,809,657,3,17,Night
3207,13,810,242,2026-02-09,1160,693,96,7,Evening
3208,6,546,356,2026-06-05,1038,985,53,1,Evening
3209,10,332,375,2025-08-01,901,772,52,13,Evening
3210,21,321,246,2025-10-15,896,841,12,13,Morning
3211,19,189,397,2025-08-22,1113,1108,65,0,Night
3212,7,966,316,2026-02-03,1001,697,97,0,Evening
3213,14,428,150,2026-02-21,1149,628,86,8,Morning
3214,20,92,467,2025-08-07,945,915,25,19,Night
3215,4,629,127,2025-12-06,997,614,104,20,Night
3216,22,687,126,2026-05-25,961,650,70,5,Evening
3217,1,867,170,2026-01-12,820,621,12,1,Morning
3218,1,877,71,2026-03-05,1040,821,113,2,Morning
3219,13,955,233,2026-06-12,979,604,97,18,Morning
3220,14,283,186,2026-02-11,1119,662,77,12,Morning
3221,5,423,296,2026-04-17,982,739,109,0,Evening
3222,9,964,439,2026-02-19,1041,779,38,19,Night
3223,4,900,295,2026-06-07,1133,994,110,17,Morning
3224,6,312,161,2025-09-29,946,612,5,4,Night
3225,3,394,446,2025-12-31,1139,958,33,18,Morning
3226,21,563,171,2026-05-16,940,743,79,24,Evening
3227,5,476,117,2025-08-13,1019,791,32,1,Morning
3228,21,424,73,2025-09-30,951,845,77,7,Night
3229,25,604,306,2025-07-22,1032,861,45,16,Morning
3230,20,417,196,2025-12-13,1082,1049,10,4,Evening
3231,5,878,51,2026-03-03,900,748,80,2,Morning
3232,15,231,310,2025-11-22,1081,621,11,17,Evening
3233,13,733,472,2025-10-09,1112,782,19,22,Evening
3234,18,282,47,2026-01-12,1126,1074,3,13,Night
3235,16,530,274,2026-06-15,1071,686,22,1,Night
3236,17,373,122,2025-09-06,874,624,17,15,Evening
3237,13,415,44,2026-02-10,984,613,96,10,Morning
3238,12,365,39,2025-06-21,1037,696,38,12,Morning
3239,22,316,72,2026-06-02,1104,874,40,6,Evening
3240,8,160,263,2026-05-22,944,693,68,20,Night
3241,20,163,267,2026-05-13,918,858,79,8,Morning
3242,20,664,124,2026-02-01,1151,776,29,3,Morning
3243,25,274,289,2025-11-16,802,640,114,9,Night
3244,22,456,11,2025-09-02,1166,680,119,18,Morning
3245,6,397,246,2025-11-12,1094,617,2,1,Night
3246,13,92,160,2025-11-03,1105,660,48,15,Night
3247,7,724,468,2025-06-24,1198,708,71,9,Evening
3248,1,777,57,2025-12-29,1004,693,37,3,Morning
3249,5,490,345,2025-11-05,974,802,21,3,Morning
3250,10,378,159,2026-06-21,998,935,72,10,Morning
3251,1,978,164,2026-03-09,869,846,31,25,Morning
3252,19,362,323,2025-08-01,895,706,54,12,Night
3253,12,596,35,2026-05-07,824,763,33,12,Night
3254,7,684,178,2025-06-22,875,680,54,9,Evening
3255,6,693,356,2025-12-12,888,680,47,15,Morning
3256,3,538,166,2026-03-09,875,746,81,12,Morning
3257,14,646,480,2026-04-26,845,640,58,23,Night
3258,13,29,327,2025-12-20,1056,1049,65,10,Morning
3259,10,160,407,2026-02-05,1142,604,103,14,Evening
3260,12,424,245,2026-02-27,876,841,115,24,Night
3261,12,49,339,2025-10-17,873,727,91,7,Evening
3262,8,387,13,2026-03-08,864,762,97,12,Night
3263,9,287,140,2025-08-27,997,982,68,18,Morning
3264,23,488,308,2026-06-02,1102,730,76,22,Night
3265,14,310,81,2026-03-20,833,636,3,22,Evening
3266,25,863,126,2026-01-28,1183,655,71,17,Night
3267,9,204,401,2025-09-29,1134,844,21,18,Morning
3268,3,970,227,2025-10-23,1083,994,105,12,Night
3269,2,125,131,2026-01-10,945,795,112,25,Night
3270,23,163,378,2026-04-11,808,707,118,2,Night
3271,4,894,163,2025-06-21,978,781,48,11,Night
3272,22,220,374,2026-01-15,865,826,11,15,Night
3273,16,657,469,2026-05-27,1150,1103,104,9,Morning
3274,21,336,234,2026-03-07,972,885,21,3,Morning
3275,22,758,476,2026-04-20,940,833,105,18,Morning
3276,8,637,494,2026-02-13,860,682,101,5,Evening
3277,7,574,449,2025-12-02,1089,958,88,3,Morning
3278,20,580,455,2025-12-04,843,668,41,1,Morning
3279,11,89,466,2025-06-23,1143,713,29,11,Morning
3280,22,667,133,2026-05-29,1147,1038,91,5,Evening
3281,16,909,351,2025-12-02,987,738,11,24,Night
3282,10,394,321,2025-09-10,947,650,66,7,Evening
3283,17,354,165,2025-10-31,825,729,106,2,Evening
3284,16,894,415,2025-08-25,869,855,12,17,Evening
3285,4,956,413,2025-06-26,1129,1037,78,4,Morning
3286,17,280,159,2025-09-20,806,706,5,6,Morning
3287,21,249,409,2025-07-09,931,786,93,21,Night
3288,20,555,345,2025-09-22,1180,844,56,21,Evening
3289,5,376,249,2025-12-26,1137,969,119,25,Evening
3290,10,57,465,2025-10-06,896,782,82,5,Evening
3291,1,552,45,2025-08-14,1079,754,67,17,Morning
3292,10,824,78,2026-03-18,853,744,69,15,Morning
3293,10,921,92,2025-08-17,948,610,7,13,Evening
3294,11,324,77,2025-11-18,1029,601,33,22,Night
3295,10,561,285,2025-09-05,1186,1160,117,2,Night
3296,5,260,467,2026-05-29,984,838,43,11,Evening
3297,17,297,373,2025-12-19,910,708,15,11,Night
3298,13,501,206,2025-11-10,1050,942,89,8,Evening
3299,23,180,177,2025-12-30,919,774,17,13,Night
3300,7,383,67,2026-01-23,962,943,55,25,Evening
3301,19,798,353,2025-12-25,1163,788,21,3,Morning
3302,14,911,116,2025-07-19,1017,627,113,10,Night
3303,2,560,349,2025-12-16,1024,766,73,12,Morning
3304,19,149,154,2025-08-25,849,619,115,17,Morning
3305,22,171,493,2025-06-23,929,770,1,17,Morning
3306,18,554,4,2026-03-06,953,923,119,22,Night
3307,4,941,294,2026-01-15,991,805,1,13,Night
3308,15,506,26,2025-07-19,1016,792,97,1,Morning
3309,12,627,453,2026-03-12,1071,880,54,0,Night
3310,21,249,219,2025-09-26,916,776,74,3,Evening
3311,3,628,172,2026-01-09,1147,709,20,18,Morning
3312,9,806,79,2025-10-21,1051,762,82,21,Evening
3313,22,688,97,2026-06-05,1145,1106,90,14,Morning
3314,6,65,448,2025-09-21,1172,1047,56,21,Night
3315,18,485,282,2025-12-31,1131,605,89,19,Morning
3316,17,965,392,2026-05-07,880,658,1,21,Night
3317,23,149,333,2025-10-08,1025,896,47,25,Night
3318,16,66,470,2026-04-10,806,789,34,8,Night
3319,19,624,30,2026-04-02,1041,638,8,25,Morning
3320,22,535,159,2026-03-23,832,730,25,10,Morning
3321,23,83,422,2025-12-04,1132,1043,46,15,Morning
3322,16,375,429,2026-06-08,871,644,52,2,Morning
3323,21,486,101,2025-11-11,815,634,113,0,Night
3324,25,453,482,2025-08-09,940,837,111,22,Night
3325,10,840,162,2026-04-11,996,982,110,13,Evening
3326,5,508,295,2025-10-22,940,733,55,18,Evening
3327,10,474,184,2025-07-31,1008,802,68,18,Night
3328,19,773,390,2025-09-17,1194,1077,20,3,Evening
3329,21,162,470,2025-10-18,887,811,66,15,Evening
3330,21,492,329,2025-09-25,1020,771,17,6,Evening
3331,15,19,499,2026-04-21,1082,1064,4,9,Evening
3332,2,999,180,2025-08-12,1163,704,104,1,Morning
3333,1,137,265,2026-01-31,1189,1101,116,3,Night
3334,17,827,416,2025-06-25,831,772,114,2,Night
3335,18,107,290,2026-04-05,867,858,42,25,Morning
3336,25,361,470,2026-03-20,1163,678,21,24,Evening
3337,21,392,495,2025-11-25,998,642,109,21,Evening
3338,20,376,119,2026-02-17,1092,920,17,17,Morning
3339,21,192,446,2025-11-28,1086,716,98,17,Night
3340,13,646,119,2025-09-26,1048,1002,73,20,Morning
3341,20,532,100,2025-08-18,1012,801,72,24,Morning
3342,25,149,270,2025-09-04,1182,887,17,17,Night
3343,10,322,88,2026-06-18,1116,1067,109,23,Morning
3344,20,124,455,2025-11-02,1019,1006,63,4,Evening
3345,13,119,316,2026-03-30,1178,1123,23,5,Evening
3346,20,195,388,2026-06-05,1089,971,27,13,Morning
3347,21,485,381,2026-05-27,1155,920,87,24,Evening
3348,9,285,411,2026-04-27,1088,720,87,22,Morning
3349,23,566,87,2025-09-11,1169,1148,120,3,Night
3350,2,804,118,2025-12-06,982,629,102,23,Morning
3351,4,288,170,2025-09-30,1152,937,21,4,Night
3352,14,874,94,2026-06-14,1167,958,20,20,Morning
3353,21,816,251,2025-07-14,915,708,7,24,Evening
3354,18,611,237,2026-04-03,879,724,84,13,Night
3355,7,13,484,2025-08-21,946,701,103,3,Night
3356,16,108,3,2026-02-25,826,724,43,8,Night
3357,6,76,429,2026-03-03,952,748,24,24,Night
3358,4,435,434,2026-01-05,1155,1029,40,24,Morning
3359,2,505,470,2025-08-08,1114,1001,51,6,Evening
3360,25,313,111,2025-06-24,948,762,20,3,Morning
3361,23,260,263,2026-03-24,982,633,2,21,Morning
3362,11,55,265,2025-08-12,973,784,47,24,Night
3363,7,834,128,2025-06-23,1109,1037,57,11,Night
3364,22,502,315,2026-03-24,805,758,45,25,Night
3365,3,133,102,2026-01-19,1064,750,80,8,Morning
3366,10,39,257,2025-09-17,928,881,37,25,Morning
3367,12,519,2,2026-01-22,1149,870,96,15,Morning
3368,6,556,17,2026-02-27,816,737,96,21,Evening
3369,6,771,498,2025-07-02,1048,1008,118,22,Morning
3370,14,661,46,2025-08-06,1052,999,86,3,Night
3371,25,282,417,2025-09-01,913,899,68,3,Morning
3372,14,608,11,2026-03-08,982,726,78,10,Morning
3373,15,738,491,2025-12-15,858,822,21,25,Night
3374,23,711,55,2025-11-25,863,665,58,4,Night
3375,13,748,296,2025-07-01,873,723,34,23,Evening
3376,3,352,81,2025-12-08,1014,711,104,24,Evening
3377,22,204,112,2026-01-11,816,795,96,17,Morning
3378,7,392,435,2026-01-22,1188,768,71,10,Morning
3379,23,348,306,2025-09-14,1115,1050,61,11,Evening
3380,3,687,205,2026-01-12,834,624,61,15,Evening
3381,18,306,73,2025-10-27,953,779,78,0,Evening
3382,21,985,473,2026-06-06,961,797,5,15,Morning
3383,25,341,188,2025-11-13,903,861,70,12,Morning
3384,17,5,371,2025-08-05,940,773,42,14,Evening
3385,19,638,449,2025-08-28,1021,782,26,12,Evening
3386,20,650,482,2026-02-03,1152,940,91,3,Evening
3387,13,416,271,2025-08-22,1047,854,89,25,Morning
3388,14,250,285,2025-10-09,928,876,0,17,Night
3389,9,35,452,2026-04-29,1136,881,95,12,Evening
3390,13,123,18,2026-04-04,1069,1011,41,21,Night
3391,2,445,468,2026-01-20,1083,1006,8,20,Evening
3392,13,292,436,2026-02-16,1043,802,29,20,Night
3393,3,115,26,2025-08-29,1170,1164,9,15,Night
3394,7,79,170,2026-03-02,1044,787,63,7,Evening
3395,5,917,205,2026-04-19,1171,1151,39,19,Night
3396,6,902,434,2026-05-06,961,602,4,19,Evening
3397,19,873,88,2026-01-07,1033,828,112,17,Night
3398,24,355,434,2025-10-05,811,781,104,2,Night
3399,3,488,107,2026-02-12,978,676,45,3,Morning
3400,25,130,52,2026-04-18,1134,702,112,23,Night
3401,24,610,377,2026-02-10,1030,630,2,0,Morning
3402,22,67,254,2025-09-29,937,893,57,2,Evening
3403,8,817,356,2025-10-27,1193,922,106,10,Morning
3404,19,206,431,2026-03-11,827,610,119,16,Night
3405,21,375,484,2026-05-14,1010,746,45,11,Morning
3406,12,552,92,2026-02-15,1070,633,100,11,Morning
3407,3,600,357,2026-04-11,1025,616,101,21,Evening
3408,25,983,449,2025-08-12,965,671,102,11,Evening
3409,9,490,289,2026-04-14,1032,1025,25,18,Night
3410,4,47,128,2025-09-30,820,711,36,14,Morning
3411,21,942,339,2025-10-24,1139,817,19,19,Evening
3412,14,76,318,2026-02-28,1023,917,60,3,Night
3413,24,73,449,2025-08-24,1123,627,103,15,Morning
3414,25,37,279,2026-05-15,1024,717,114,8,Evening
3415,10,396,233,2025-09-28,941,900,29,16,Morning
3416,21,51,270,2025-11-11,816,754,88,18,Night
3417,3,799,63,2025-10-22,1149,1080,46,11,Evening
3418,21,324,285,2025-12-31,1066,1039,99,24,Night
3419,13,626,190,2026-02-06,985,756,118,6,Night
3420,24,299,61,2025-08-16,1197,1065,69,16,Morning
3421,5,36,421,2026-03-08,903,628,35,24,Night
3422,17,883,398,2025-09-05,802,604,18,2,Morning
3423,3,734,105,2025-07-10,888,841,1,12,Morning
3424,20,499,168,2026-01-25,934,791,71,7,Morning
3425,6,378,198,2026-03-28,1116,721,2,17,Night
3426,20,145,363,2025-09-25,821,677,21,5,Morning
3427,24,567,90,2025-08-16,852,656,8,7,Morning
3428,16,375,42,2025-08-18,803,733,6,4,Morning
3429,6,601,391,2025-10-27,995,743,108,18,Evening
3430,7,790,82,2026-06-18,1147,1113,58,24,Night
3431,15,231,109,2025-09-23,1170,1029,54,24,Morning
3432,17,536,333,2025-11-20,1079,922,13,10,Morning
3433,16,587,341,2026-02-07,1096,687,73,11,Night
3434,15,972,312,2026-04-19,1016,920,95,2,Morning
3435,11,637,271,2025-06-25,1177,1118,31,12,Night
3436,10,398,103,2026-01-23,1024,842,105,13,Morning
3437,17,748,269,2026-01-20,1159,887,35,5,Evening
3438,15,453,411,2026-06-21,826,703,24,5,Morning
3439,24,613,156,2025-12-08,1102,937,34,4,Night
3440,11,840,400,2025-10-06,1079,849,89,10,Evening
3441,14,209,89,2025-11-11,927,769,37,21,Evening
3442,10,963,27,2026-05-03,1061,688,71,25,Morning
3443,17,456,163,2026-03-11,981,834,24,16,Night
3444,19,641,497,2026-04-08,808,613,49,8,Morning
3445,16,957,394,2025-11-15,1090,729,34,21,Morning
3446,1,950,295,2025-12-07,1021,920,41,22,Morning
3447,23,542,195,2026-04-25,1068,714,68,8,Evening
3448,5,43,192,2025-12-07,1014,737,41,11,Evening
3449,20,426,477,2025-12-09,1100,998,1,16,Morning
3450,15,778,412,2026-03-08,1099,873,117,5,Night
3451,9,686,21,2025-11-13,1124,807,93,22,Evening
3452,18,396,233,2026-03-27,1059,1039,97,11,Morning
3453,11,584,9,2025-07-12,831,720,114,2,Morning
3454,21,938,149,2026-01-25,1181,1014,88,11,Night
3455,24,821,44,2025-09-10,915,700,6,10,Night
3456,2,364,459,2025-10-08,1195,924,106,24,Evening
3457,18,458,218,2026-05-30,1006,704,36,10,Evening
3458,10,137,265,2026-01-13,1021,651,25,5,Morning
3459,23,796,471,2025-11-02,840,640,27,24,Evening
3460,21,718,227,2025-08-31,1128,658,71,22,Morning
3461,19,191,362,2025-11-24,1149,718,19,13,Night
3462,13,49,12,2025-07-08,1063,1060,67,13,Night
3463,19,131,300,2026-01-12,993,963,98,21,Night
3464,2,394,243,2026-04-12,816,627,36,17,Morning
3465,20,429,119,2026-05-03,1127,609,17,7,Night
3466,2,401,196,2025-12-24,1093,782,29,13,Night
3467,11,216,404,2025-06-24,1074,876,76,8,Morning
3468,25,884,164,2026-03-15,985,856,20,6,Morning
3469,5,820,190,2026-05-06,987,634,14,22,Night
3470,7,911,133,2025-07-04,899,823,48,8,Evening
3471,13,730,169,2025-08-21,956,867,75,5,Night
3472,19,726,19,2026-02-08,915,840,94,3,Morning
3473,3,439,74,2025-08-17,915,876,67,13,Night
3474,6,345,160,2025-07-03,800,746,106,3,Morning
3475,8,658,66,2025-12-17,1199,689,91,6,Morning
3476,24,117,213,2026-06-21,1095,820,54,5,Evening
3477,23,856,24,2025-07-03,865,863,35,6,Evening
3478,8,263,149,2026-05-25,814,689,84,10,Evening
3479,21,200,94,2026-06-20,1034,735,41,22,Morning
3480,23,967,474,2025-12-13,853,842,12,24,Evening
3481,21,534,404,2025-12-03,997,855,115,16,Evening
3482,11,549,451,2026-04-17,1184,832,96,1,Night
3483,19,315,152,2026-04-22,1040,709,0,12,Evening
3484,2,938,61,2025-08-29,1016,624,13,20,Night
3485,17,506,182,2026-06-03,1040,714,100,23,Evening
3486,19,603,446,2025-09-26,1018,1013,82,1,Evening
3487,8,696,131,2025-07-08,1119,779,16,21,Night
3488,9,196,245,2025-12-24,1131,664,82,18,Night
3489,5,49,6,2026-02-17,1031,847,45,17,Evening
3490,1,905,388,2026-05-10,993,722,107,6,Morning
3491,17,434,43,2025-11-03,1127,1013,68,16,Morning
3492,10,796,423,2025-10-27,992,685,104,4,Night
3493,3,763,49,2025-07-23,939,758,11,9,Night
3494,11,809,251,2025-08-23,866,730,89,2,Morning
3495,21,397,153,2026-06-15,866,717,116,23,Evening
3496,5,617,178,2025-11-30,870,796,67,25,Morning
3497,7,923,487,2025-07-18,1057,672,23,12,Morning
3498,19,559,292,2025-10-28,1169,1155,108,3,Night
3499,3,253,402,2026-02-25,915,800,105,0,Night
3500,6,569,468,2026-03-23,1051,879,18,14,Night
3501,7,719,33,2026-05-01,1029,1014,36,6,Evening
3502,10,610,15,2025-10-05,1123,721,81,19,Evening
3503,4,38,85,2026-01-17,849,696,25,12,Evening
3504,21,82,391,2026-06-01,1122,766,47,5,Morning
3505,21,466,185,2026-04-12,1077,851,4,12,Evening
3506,18,794,15,2026-06-04,1192,1055,73,18,Evening
3507,17,756,418,2026-05-27,1096,997,119,12,Evening
3508,21,147,212,2026-01-22,1189,769,83,7,Evening
3509,22,445,213,2026-01-07,826,722,34,7,Evening
3510,18,261,15,2025-07-24,1012,953,46,4,Morning
3511,25,73,134,2026-03-08,882,614,80,3,Night
3512,11,16,65,2025-08-18,1011,929,38,5,Morning
3513,8,452,190,2025-08-13,1053,605,36,24,Evening
3514,9,364,380,2025-10-10,873,871,6,1,Night
3515,2,567,124,2026-05-09,969,804,34,14,Morning
3516,3,809,79,2025-12-10,1150,1050,42,5,Night
3517,22,17,366,2025-12-13,1147,809,69,10,Morning
3518,6,115,356,2025-10-23,1051,997,61,20,Evening
3519,2,21,159,2025-11-26,1168,1050,116,11,Evening
3520,16,220,316,2025-11-19,833,728,13,6,Morning
3521,14,876,329,2026-05-12,828,691,8,15,Morning
3522,11,652,209,2026-03-24,1013,699,90,18,Evening
3523,19,526,19,2026-01-21,974,872,21,21,Evening
3524,8,775,13,2025-12-23,1129,676,65,9,Evening
3525,20,259,298,2026-06-20,1059,1043,107,7,Night
3526,14,965,381,2025-08-09,1183,791,61,10,Morning
3527,5,416,351,2026-03-02,812,690,62,23,Morning
3528,6,505,425,2025-12-06,881,657,120,21,Evening
3529,10,407,391,2025-11-25,1178,1104,67,12,Night
3530,25,238,447,2026-06-11,967,797,70,4,Morning
3531,24,922,272,2026-06-08,1005,693,50,13,Morning
3532,16,73,174,2025-11-28,910,827,63,8,Evening
3533,17,931,428,2025-06-26,1164,734,79,14,Night
3534,8,320,488,2026-01-11,994,994,9,3,Night
3535,9,329,89,2026-01-11,1022,925,51,5,Evening
3536,2,590,127,2025-09-19,932,735,111,22,Evening
3537,24,841,161,2026-03-10,1063,988,42,10,Morning
3538,20,70,306,2025-08-20,1051,705,12,20,Evening
3539,22,403,360,2025-07-24,1157,849,45,3,Evening
3540,17,373,52,2026-02-10,902,678,39,7,Morning
3541,17,710,292,2026-05-18,976,660,50,19,Night
3542,25,136,480,2026-03-21,891,688,76,8,Night
3543,10,178,149,2026-03-14,991,704,20,6,Night
3544,1,521,344,2026-02-06,1134,637,44,16,Morning
3545,11,294,87,2026-01-21,823,635,119,7,Night
3546,19,173,497,2025-11-06,844,687,19,24,Night
3547,1,73,347,2025-07-06,989,651,111,4,Morning
3548,20,629,137,2025-07-03,1120,877,93,5,Evening
3549,21,1,175,2025-12-27,869,796,82,13,Evening
3550,22,16,67,2025-11-09,1025,1001,93,5,Morning
3551,10,603,290,2026-02-07,870,622,45,7,Morning
3552,19,296,25,2026-03-26,909,769,8,0,Night
3553,13,719,489,2025-08-27,1125,666,103,15,Morning
3554,25,278,36,2026-04-14,870,775,120,6,Morning
3555,5,404,104,2026-01-17,1098,872,28,3,Evening
3556,19,406,460,2025-08-21,975,820,57,15,Evening
3557,25,92,169,2025-08-21,1060,639,73,18,Night
3558,8,527,450,2026-01-06,999,917,19,15,Evening
3559,12,301,496,2025-11-20,877,659,13,9,Night
3560,20,331,91,2025-09-19,857,739,6,6,Night
3561,10,170,5,2025-10-31,1011,790,41,9,Evening
3562,25,201,64,2025-09-04,1167,943,16,18,Night
3563,20,357,330,2026-01-21,1057,780,29,19,Evening
3564,14,288,268,2026-06-10,1056,945,9,1,Evening
3565,10,556,117,2026-02-08,903,805,96,1,Evening
3566,19,947,390,2026-05-13,933,921,23,12,Night
3567,3,183,170,2026-02-21,867,721,98,7,Evening
3568,10,177,404,2025-09-19,894,688,39,19,Morning
3569,15,61,433,2025-11-23,990,818,111,11,Morning
3570,10,442,192,2025-12-05,1167,882,10,3,Night
3571,16,133,485,2025-09-24,1104,986,21,22,Morning
3572,7,353,140,2026-04-24,1168,976,11,8,Morning
3573,8,6,435,2025-08-10,1198,1017,118,4,Night
3574,21,301,115,2026-06-21,912,684,68,16,Evening
3575,14,659,224,2025-09-22,815,803,105,12,Evening
3576,25,602,302,2026-01-17,933,718,68,4,Morning
3577,5,524,20,2026-05-04,946,881,72,12,Morning
3578,4,400,66,2026-06-06,1034,747,80,3,Night
3579,20,235,134,2025-09-23,1125,914,65,2,Evening
3580,11,65,190,2026-03-02,802,792,45,5,Evening
3581,1,539,278,2026-01-30,903,874,25,15,Evening
3582,16,503,158,2026-04-23,980,736,105,19,Morning
3583,18,276,72,2026-05-10,994,619,17,3,Evening
3584,17,790,190,2025-11-29,1133,867,112,8,Morning
3585,20,224,355,2026-04-24,1148,800,40,14,Evening
3586,8,523,80,2025-10-18,1145,665,56,6,Evening
3587,6,718,23,2025-12-06,1018,794,36,5,Night
3588,19,920,73,2026-04-02,1199,625,83,4,Night
3589,25,573,85,2025-06-26,945,683,77,14,Night
3590,16,626,483,2026-03-10,893,792,24,11,Morning
3591,25,104,132,2026-03-29,826,648,116,14,Night
3592,23,234,372,2026-04-26,1183,926,32,12,Evening
3593,6,155,428,2026-05-30,858,660,64,13,Evening
3594,21,440,282,2025-07-13,1122,965,107,7,Night
3595,14,424,347,2025-08-02,1163,833,114,12,Morning
3596,13,938,195,2025-06-30,968,760,119,0,Morning
3597,3,706,420,2026-01-05,971,649,79,3,Morning
3598,16,335,366,2026-06-03,1084,1007,46,9,Night
3599,23,290,221,2026-05-26,1061,845,22,11,Evening
3600,25,217,37,2026-05-20,823,634,47,10,Morning
3601,22,453,347,2025-12-25,1117,619,120,14,Morning
3602,4,352,370,2026-03-24,1139,824,62,9,Night
3603,10,423,212,2026-04-24,902,894,13,14,Evening
3604,10,102,34,2025-06-21,947,650,79,1,Night
3605,9,848,104,2026-03-24,1139,1008,93,14,Morning
3606,4,379,220,2026-02-15,1036,941,9,13,Morning
3607,10,179,303,2026-05-22,1024,834,26,1,Evening
3608,16,770,180,2025-07-09,828,791,115,4,Evening
3609,12,55,321,2025-08-16,882,639,51,7,Morning
3610,20,912,432,2025-11-29,1058,692,11,12,Evening
3611,3,362,28,2026-01-19,1114,749,59,16,Morning
3612,12,718,326,2026-05-09,1170,913,116,15,Night
3613,2,509,72,2025-08-28,1198,1023,49,6,Evening
3614,3,768,376,2025-08-07,1169,1158,10,17,Evening
3615,24,668,15,2026-04-10,906,727,104,2,Morning
3616,10,983,89,2025-10-26,1165,910,86,10,Morning
3617,13,736,497,2025-12-06,1028,678,44,4,Evening
3618,21,822,103,2025-07-12,817,781,27,6,Night
3619,5,15,490,2026-02-25,1199,1046,40,19,Morning
3620,13,487,451,2026-03-17,984,728,51,18,Morning
3621,8,248,470,2026-06-15,1071,734,54,7,Evening
3622,14,982,341,2025-09-14,1116,996,55,20,Night
3623,11,487,405,2025-11-10,814,740,50,12,Evening
3624,10,38,435,2026-06-01,1066,792,93,0,Morning
3625,12,959,64,2025-08-14,825,628,81,14,Night
3626,16,934,157,2025-10-14,1109,976,16,24,Morning
3627,1,879,266,2026-03-05,1060,817,18,15,Night
3628,11,514,451,2025-12-31,1002,836,37,3,Night
3629,14,388,460,2025-11-25,1000,926,100,8,Evening
3630,6,675,493,2026-03-21,842,841,6,3,Evening
3631,20,175,212,2026-05-08,1065,984,46,12,Night
3632,13,283,233,2026-01-28,991,741,55,23,Morning
3633,18,639,169,2026-04-15,1133,1096,16,7,Night
3634,23,116,198,2025-12-18,1075,650,32,14,Evening
3635,16,569,472,2026-03-20,1082,1011,88,20,Morning
3636,7,308,474,2026-01-08,1150,699,22,0,Evening
3637,4,182,167,2026-04-26,892,761,57,4,Morning
3638,19,168,59,2026-04-17,923,791,106,6,Evening
3639,3,698,426,2026-02-10,942,729,94,14,Night
3640,23,52,32,2026-02-10,1112,1096,50,15,Evening
3641,10,119,173,2025-12-12,1066,696,1,16,Morning
3642,25,589,221,2025-07-04,1182,633,71,11,Morning
3643,15,671,145,2026-03-26,878,837,82,3,Evening
3644,18,422,48,2026-06-14,883,649,24,2,Evening
3645,6,777,203,2025-10-17,1026,667,48,18,Evening
3646,13,792,414,2025-12-26,832,693,110,17,Morning
3647,2,570,181,2026-05-25,1002,601,77,12,Night
3648,12,493,163,2025-10-12,908,746,46,5,Evening
3649,9,115,181,2025-08-14,973,700,76,16,Evening
3650,23,718,23,2025-08-04,902,678,109,14,Evening
3651,15,676,272,2026-03-02,1147,796,96,2,Night
3652,19,281,339,2026-06-11,819,645,10,13,Morning
3653,17,804,85,2026-04-03,1198,1119,58,16,Night
3654,12,786,360,2026-06-07,1182,1073,4,21,Evening
3655,2,681,364,2025-10-15,806,696,94,22,Night
3656,4,509,14,2026-05-19,1108,626,106,4,Morning
3657,15,906,85,2026-03-31,1197,933,44,0,Night
3658,1,871,120,2025-08-27,1052,617,74,6,Evening
3659,3,63,164,2026-01-03,803,623,42,20,Night
3660,20,572,166,2025-12-29,915,628,11,7,Evening
3661,8,394,354,2025-12-08,995,775,31,21,Evening
3662,13,24,153,2026-02-18,966,735,78,1,Evening
3663,13,733,36,2026-03-20,810,798,91,4,Evening
3664,13,12,168,2026-03-29,918,670,120,16,Night
3665,19,780,212,2025-09-05,974,900,102,21,Night
3666,22,743,446,2025-10-04,985,923,18,2,Morning
3667,11,135,97,2026-06-04,1013,669,76,6,Night
3668,9,606,175,2026-03-13,993,703,82,21,Evening
3669,25,455,282,2025-10-14,1191,994,85,15,Morning
3670,9,50,275,2025-10-27,1052,1021,50,18,Night
3671,7,419,16,2026-04-08,901,645,22,0,Night
3672,14,965,420,2025-07-28,985,791,42,19,Night
3673,21,522,170,2026-01-11,1134,620,70,24,Evening
3674,9,866,415,2025-06-26,1035,1002,91,20,Night
3675,10,252,1,2026-04-25,1055,1036,21,8,Evening
3676,13,506,280,2025-07-19,1060,725,101,5,Morning
3677,13,660,247,2026-01-28,1128,995,20,9,Morning
3678,9,462,208,2026-05-16,898,770,73,23,Night
3679,18,398,469,2025-09-21,1060,837,50,25,Night
3680,10,282,466,2025-10-12,893,704,87,19,Night
3681,17,162,234,2026-03-12,866,621,84,11,Evening
3682,7,317,20,2025-08-24,1042,904,42,14,Evening
3683,4,462,62,2025-12-08,907,759,5,8,Night
3684,22,475,324,2026-02-21,862,643,120,16,Night
3685,14,615,470,2025-10-06,809,719,46,19,Night
3686,18,454,201,2026-01-03,1074,675,84,19,Night
3687,7,722,441,2026-04-21,909,724,30,18,Evening
3688,6,291,499,2025-09-22,1076,711,16,18,Evening
3689,1,629,30,2025-07-22,985,880,11,3,Morning
3690,7,429,215,2025-12-10,1106,829,98,6,Morning
3691,3,444,319,2025-09-03,880,808,98,5,Morning
3692,14,401,278,2026-03-18,1088,745,21,4,Night
3693,11,399,205,2025-06-30,872,868,41,15,Evening
3694,20,747,476,2025-07-07,880,714,39,23,Evening
3695,4,606,253,2025-12-22,830,656,71,17,Morning
3696,15,152,394,2026-03-19,1169,817,112,2,Evening
3697,19,946,391,2025-08-23,893,828,55,11,Morning
3698,21,660,334,2025-07-02,879,878,71,20,Night
3699,13,993,490,2025-08-11,1181,866,112,0,Evening
3700,19,385,176,2026-05-16,859,724,35,12,Morning
3701,15,56,457,2026-01-02,1024,917,12,15,Evening
3702,4,752,244,2026-06-13,953,863,110,23,Morning
3703,22,268,79,2026-01-07,1092,651,93,12,Night
3704,8,98,456,2025-12-23,965,700,83,16,Morning
3705,1,195,433,2025-07-14,850,807,56,24,Evening
3706,6,373,189,2026-05-20,998,641,40,5,Morning
3707,18,777,426,2025-07-17,1097,699,94,7,Evening
3708,7,77,261,2026-02-17,853,708,14,8,Morning
3709,22,695,124,2025-12-04,1001,625,70,13,Evening
3710,25,918,201,2025-07-07,1071,853,49,14,Evening
3711,11,33,346,2026-01-28,864,681,34,13,Morning
3712,12,827,251,2025-06-25,945,763,85,2,Night
3713,9,591,492,2025-12-04,1002,700,82,13,Night
3714,20,358,4,2025-08-11,839,648,58,20,Morning
3715,22,782,257,2025-11-23,1139,1060,109,22,Night
3716,13,281,484,2025-08-22,1180,713,113,1,Night
3717,25,109,232,2026-03-14,978,905,62,24,Evening
3718,14,31,371,2025-11-08,1019,920,60,25,Morning
3719,21,177,359,2025-06-28,1193,676,92,23,Morning
3720,3,706,360,2025-08-26,1007,720,70,19,Morning
3721,13,515,302,2026-04-02,1158,662,16,13,Night
3722,9,35,147,2025-12-20,988,828,89,21,Morning
3723,5,409,250,2025-10-01,1048,611,69,19,Evening
3724,16,207,15,2025-08-25,1062,1029,63,8,Evening
3725,16,275,354,2026-05-24,1138,1129,53,11,Morning
3726,16,426,491,2025-07-25,937,748,6,3,Night
3727,10,911,156,2025-10-02,950,788,117,4,Night
3728,1,720,457,2025-10-23,812,620,22,6,Morning
3729,2,730,494,2025-07-15,972,947,72,0,Evening
3730,2,1000,362,2026-03-14,834,635,94,13,Evening
3731,19,543,393,2025-08-21,1096,775,41,0,Morning
3732,11,500,56,2026-04-27,1031,959,5,14,Night
3733,22,488,143,2026-01-13,1186,1148,49,19,Night
3734,2,28,222,2025-08-14,1056,813,12,21,Morning
3735,3,932,119,2025-06-27,960,897,0,11,Night
3736,11,902,462,2025-11-11,887,791,3,16,Evening
3737,23,980,29,2025-07-23,838,612,45,22,Evening
3738,14,875,155,2026-02-16,1153,779,31,19,Night
3739,10,912,14,2025-10-12,969,707,107,11,Evening
3740,4,225,340,2026-02-16,833,753,15,8,Morning
3741,3,334,338,2025-10-14,937,814,116,14,Morning
3742,1,517,80,2025-09-18,972,784,7,13,Morning
3743,12,884,496,2026-03-04,805,782,116,21,Night
3744,25,66,137,2025-07-23,885,863,77,17,Evening
3745,2,217,482,2025-07-27,1183,1168,108,1,Night
3746,5,229,366,2025-06-27,1012,1003,73,4,Night
3747,23,88,126,2026-03-06,1144,606,5,11,Morning
3748,23,636,151,2026-03-21,1080,655,85,6,Night
3749,20,721,55,2025-07-29,1090,770,98,4,Morning
3750,22,309,349,2026-04-01,980,692,40,8,Night
3751,16,506,44,2025-12-11,910,649,20,23,Evening
3752,17,306,281,2025-07-17,993,708,79,22,Evening
3753,2,857,261,2026-02-15,1197,747,97,4,Night
3754,1,229,69,2026-03-09,912,667,78,22,Night
3755,19,327,175,2025-07-19,854,684,91,22,Morning
3756,22,513,394,2025-12-03,956,696,38,2,Night
3757,16,187,157,2025-10-14,1003,932,70,1,Morning
3758,21,218,2,2025-07-07,1135,794,3,23,Night
3759,16,400,400,2025-09-01,1105,903,99,22,Evening
3760,16,838,497,2026-03-02,1099,998,64,15,Morning
3761,24,789,462,2025-11-19,913,676,46,6,Evening
3762,23,479,366,2026-03-09,1038,876,107,16,Night
3763,1,159,3,2026-03-20,1178,922,25,8,Evening
3764,16,259,163,2026-02-07,1030,607,103,19,Morning
3765,9,13,428,2026-01-31,1060,829,75,21,Night
3766,5,27,90,2025-12-27,875,867,83,12,Morning
3767,18,63,108,2026-02-03,940,822,82,3,Evening
3768,5,394,87,2025-10-03,1122,751,31,19,Night
3769,23,510,156,2025-12-01,1103,602,13,19,Morning
3770,9,312,389,2025-11-19,972,865,92,17,Morning
3771,8,808,99,2025-06-21,1086,1004,113,7,Night
3772,9,849,472,2026-06-07,820,787,32,15,Morning
3773,3,158,69,2025-12-28,1024,835,3,5,Evening
3774,17,710,323,2026-04-30,980,692,16,1,Morning
3775,22,297,495,2026-02-02,865,858,0,21,Evening
3776,15,825,110,2025-10-09,991,735,11,24,Night
3777,15,128,162,2026-06-12,815,772,110,13,Night
3778,2,569,429,2026-03-24,1024,944,34,3,Evening
3779,4,45,111,2025-08-26,1077,725,13,25,Night
3780,21,332,89,2026-05-08,1079,627,92,12,Evening
3781,15,842,473,2026-04-06,962,857,71,14,Evening
3782,3,80,287,2025-10-08,1140,614,46,7,Night
3783,22,561,21,2025-09-26,916,789,6,15,Night
3784,13,454,83,2025-10-09,1080,1030,22,19,Evening
3785,1,522,169,2026-02-14,1181,729,97,15,Evening
3786,5,972,246,2026-03-21,905,627,98,22,Night
3787,13,834,363,2026-05-09,1051,961,8,22,Evening
3788,19,520,84,2025-09-14,880,615,117,23,Evening
3789,10,37,368,2025-11-28,1062,781,43,24,Evening
3790,22,471,279,2026-03-27,899,820,39,8,Morning
3791,10,881,38,2026-05-19,856,703,39,17,Evening
3792,2,314,460,2026-02-01,953,870,105,4,Morning
3793,18,653,389,2025-08-19,1024,658,63,5,Morning
3794,24,691,37,2026-01-31,896,649,89,7,Night
3795,7,326,450,2025-10-07,875,731,67,22,Evening
3796,2,787,451,2026-01-17,1139,1105,39,18,Evening
3797,25,311,205,2026-02-25,1063,875,62,15,Night
3798,7,223,248,2025-07-12,957,668,104,4,Evening
3799,6,858,427,2025-10-01,1089,649,101,3,Morning
3800,21,159,32,2025-11-26,803,722,18,1,Morning
3801,4,909,298,2025-10-27,1056,971,63,12,Night
3802,2,282,255,2026-01-25,1160,1139,105,22,Night
3803,18,167,371,2026-05-14,899,859,77,13,Evening
3804,17,4,485,2026-02-20,1007,649,116,1,Night
3805,23,315,38,2026-04-17,1200,1116,77,13,Morning
3806,13,68,472,2026-06-16,830,740,114,19,Morning
3807,17,962,365,2025-09-24,1120,739,97,25,Night
3808,16,576,482,2025-12-11,1033,704,113,25,Evening
3809,11,246,171,2025-09-16,874,826,93,18,Evening
3810,19,369,60,2025-08-15,1015,927,110,7,Evening
3811,13,302,408,2025-12-13,1193,1189,27,13,Night
3812,3,598,361,2025-09-25,891,827,15,9,Evening
3813,20,573,424,2026-04-17,883,851,0,18,Evening
3814,25,954,192,2026-02-03,907,763,30,12,Morning
3815,7,153,285,2025-07-09,881,824,55,3,Evening
3816,24,118,420,2025-09-04,1045,638,20,1,Night
3817,3,258,101,2025-08-14,955,863,11,13,Evening
3818,3,39,369,2025-10-11,1137,673,120,18,Night
3819,3,555,386,2026-04-28,889,800,60,21,Night
3820,14,794,381,2026-04-04,809,806,51,5,Evening
3821,12,977,311,2025-07-26,894,769,25,7,Night
3822,15,829,412,2026-04-05,1044,895,39,21,Morning
3823,5,343,470,2026-02-25,1061,1048,7,19,Morning
3824,10,203,396,2025-09-01,1158,1139,31,10,Morning
3825,21,204,232,2026-01-25,827,787,11,6,Evening
3826,23,798,226,2025-08-13,1091,1052,109,24,Evening
3827,19,100,95,2025-06-21,971,814,15,16,Night
3828,19,137,497,2025-11-14,952,843,62,9,Evening
3829,10,629,81,2025-12-23,1186,782,57,16,Evening
3830,13,536,129,2026-04-04,1169,764,23,3,Evening
3831,1,150,244,2025-10-13,1089,1067,77,18,Evening
3832,21,28,157,2025-10-07,1196,1080,54,17,Evening
3833,21,398,367,2025-12-26,1015,631,2,16,Morning
3834,19,971,433,2025-08-14,806,741,13,6,Night
3835,16,817,315,2026-02-11,1134,684,71,9,Night
3836,23,605,192,2026-01-06,918,682,19,1,Morning
3837,7,745,63,2025-10-30,897,713,33,23,Night
3838,16,736,305,2026-06-21,844,661,74,15,Morning
3839,18,950,223,2026-02-20,1134,1047,39,9,Morning
3840,12,433,108,2026-01-31,1130,734,61,11,Night
3841,6,302,87,2026-01-27,1082,648,27,24,Night
3842,23,802,435,2026-02-17,1097,980,22,24,Night
3843,7,172,100,2026-03-15,1182,1164,89,7,Evening
3844,6,776,270,2025-07-23,807,602,72,24,Morning
3845,24,538,133,2025-11-27,850,735,75,2,Evening
3846,25,816,358,2026-06-18,904,721,41,2,Night
3847,13,440,316,2026-05-20,973,751,15,12,Evening
3848,16,222,261,2025-10-16,944,667,88,21,Morning
3849,20,914,283,2026-04-20,918,903,79,24,Evening
3850,19,549,322,2025-09-11,942,614,104,4,Evening
3851,20,297,42,2025-11-27,1002,647,11,25,Evening
3852,14,635,475,2026-01-30,999,839,48,2,Evening
3853,20,654,390,2025-07-17,826,617,115,2,Morning
3854,1,621,80,2026-06-16,929,661,47,9,Evening
3855,22,568,53,2025-11-19,968,669,58,23,Night
3856,9,314,298,2026-01-29,1150,1087,54,3,Night
3857,22,606,374,2025-07-14,878,616,76,17,Morning
3858,21,608,407,2026-01-09,1111,1026,2,7,Night
3859,4,406,398,2025-08-10,1174,1161,38,2,Night
3860,10,231,291,2025-11-10,890,756,105,21,Morning
3861,16,986,313,2026-04-17,954,858,73,6,Morning
3862,11,498,234,2025-07-12,935,785,105,22,Morning
3863,22,747,235,2025-11-02,834,792,78,10,Morning
3864,4,984,322,2026-05-01,973,777,40,23,Morning
3865,17,133,351,2026-01-13,850,742,66,8,Morning
3866,22,660,494,2026-02-13,824,681,97,1,Evening
3867,13,983,269,2025-09-14,857,826,83,6,Evening
3868,2,335,327,2025-10-17,1004,679,57,1,Evening
3869,3,526,338,2025-08-31,1176,656,56,10,Evening
3870,17,233,80,2026-03-31,886,706,93,10,Morning
3871,25,763,110,2026-01-04,868,747,91,21,Night
3872,23,952,171,2026-01-18,1078,793,64,0,Morning
3873,14,117,153,2025-11-09,889,842,42,11,Morning
3874,5,743,489,2025-09-01,914,762,76,3,Evening
3875,21,665,252,2025-09-17,962,848,16,14,Morning
3876,13,96,385,2025-10-19,1182,951,95,21,Morning
3877,18,26,409,2026-02-05,1015,720,42,5,Morning
3878,12,262,10,2026-06-12,804,734,68,21,Night
3879,3,862,219,2026-01-09,910,700,60,24,Night
3880,22,752,372,2025-08-19,1049,976,111,11,Night
3881,8,99,383,2025-11-20,843,781,110,10,Evening
3882,20,723,424,2026-02-11,1079,1033,57,3,Night
3883,12,213,416,2026-03-13,941,919,109,17,Night
3884,25,275,215,2026-02-28,1179,1159,8,23,Morning
3885,6,180,434,2025-08-27,1086,1071,54,18,Morning
3886,15,86,10,2026-03-26,913,604,85,20,Morning
3887,1,839,118,2026-01-26,1179,1000,88,3,Morning
3888,25,931,248,2025-12-02,873,782,108,1,Morning
3889,15,889,334,2025-09-22,1107,620,56,8,Morning
3890,18,630,19,2025-08-13,1053,906,119,5,Evening
3891,12,497,137,2026-03-20,1045,748,61,25,Night
3892,16,78,40,2025-08-23,841,709,39,16,Evening
3893,16,495,473,2025-10-31,952,779,41,2,Morning
3894,15,502,132,2026-06-06,904,761,75,11,Evening
3895,3,75,281,2025-11-22,1018,716,36,25,Night
3896,8,670,162,2025-07-27,1132,601,103,14,Evening
3897,23,596,73,2025-09-20,1159,838,106,1,Night
3898,24,820,460,2025-11-26,845,604,35,23,Evening
3899,21,138,218,2025-07-28,1087,978,33,12,Evening
3900,21,870,53,2025-09-19,1077,919,31,4,Evening
3901,6,857,137,2026-06-03,1194,1031,94,16,Evening
3902,15,236,96,2025-11-15,1064,1003,108,2,Morning
3903,11,731,242,2026-04-18,1106,645,95,5,Night
3904,9,448,167,2025-06-23,1164,680,63,8,Morning
3905,25,92,334,2025-08-23,1098,901,83,4,Evening
3906,10,756,325,2025-07-30,1105,775,18,20,Evening
3907,7,471,135,2026-05-27,1159,650,66,15,Morning
3908,3,759,174,2026-02-17,1018,692,11,23,Night
3909,14,244,439,2026-03-09,1180,1162,86,9,Morning
3910,21,398,175,2025-10-26,944,648,85,8,Morning
3911,4,141,280,2025-10-17,879,867,39,13,Morning
3912,4,673,45,2025-08-09,876,768,119,3,Night
3913,23,562,20,2026-01-28,1117,897,9,3,Evening
3914,5,579,66,2025-11-15,950,892,30,7,Evening
3915,2,915,360,2026-04-28,831,674,72,18,Morning
3916,21,492,135,2025-08-14,1030,600,51,11,Morning
3917,6,16,7,2026-01-05,804,799,57,7,Evening
3918,7,991,83,2026-05-29,823,637,111,20,Morning
3919,1,863,367,2026-06-20,1096,684,93,10,Evening
3920,17,453,388,2025-10-22,1127,773,27,9,Morning
3921,19,109,495,2025-07-25,1032,621,71,19,Morning
3922,24,666,315,2026-01-10,1050,1038,76,13,Evening
3923,18,610,8,2025-09-20,1167,998,24,9,Night
3924,25,518,196,2025-09-01,911,802,61,1,Evening
3925,19,622,133,2026-06-06,922,921,27,24,Evening
3926,5,488,247,2026-03-31,801,605,45,15,Night
3927,9,672,11,2026-03-02,1028,683,111,22,Night
3928,5,999,330,2025-11-15,1057,620,61,15,Evening
3929,10,193,37,2026-05-01,1177,650,95,20,Morning
3930,22,985,374,2026-06-06,914,844,76,5,Evening
3931,21,501,208,2026-03-17,913,771,93,7,Evening
3932,16,459,478,2025-11-18,843,737,71,9,Evening
3933,1,45,489,2025-10-19,867,759,7,9,Evening
3934,7,441,223,2025-12-14,832,625,95,24,Evening
3935,19,618,413,2025-10-23,1112,1037,33,0,Morning
3936,25,835,242,2026-03-18,1192,1138,59,20,Morning
3937,22,578,355,2026-06-16,1011,1006,51,25,Night
3938,23,493,363,2025-11-13,1062,994,96,18,Evening
3939,17,284,62,2025-12-15,901,743,9,18,Morning
3940,10,866,484,2025-07-24,1004,821,1,16,Night
3941,25,310,357,2026-06-14,950,645,64,23,Evening
3942,5,554,225,2025-07-04,875,850,69,24,Night
3943,12,44,149,2025-12-21,970,966,41,2,Evening
3944,19,847,5,2026-06-14,935,611,54,5,Evening
3945,5,741,112,2025-09-13,825,669,36,13,Morning
3946,15,866,368,2025-08-28,1079,801,95,4,Night
3947,2,672,107,2026-04-24,1155,1090,80,24,Morning
3948,5,748,444,2025-11-01,1029,791,72,1,Evening
3949,10,590,448,2025-08-04,1135,766,2,9,Evening
3950,1,972,368,2025-11-07,976,712,51,10,Night
3951,6,557,188,2025-07-09,905,867,114,7,Night
3952,14,425,262,2025-08-06,944,814,43,20,Morning
3953,19,676,56,2026-01-22,1046,610,92,9,Night
3954,13,869,349,2026-02-08,1031,625,112,25,Evening
3955,2,119,316,2025-08-02,975,680,104,11,Evening
3956,20,522,170,2026-02-12,814,690,48,13,Evening
3957,5,73,123,2025-06-22,1077,1008,78,23,Morning
3958,22,266,153,2026-04-10,1161,1161,44,3,Morning
3959,21,60,399,2025-11-12,949,702,7,4,Morning
3960,16,416,236,2025-09-24,1051,1004,78,22,Morning
3961,17,180,331,2026-01-27,847,772,6,8,Morning
3962,9,425,163,2025-12-15,1027,916,30,21,Evening
3963,19,265,292,2026-05-17,1098,612,28,17,Morning
3964,7,599,189,2025-06-23,1137,887,53,3,Morning
3965,3,957,336,2025-10-17,940,840,24,5,Evening
3966,2,43,113,2025-10-30,1200,791,114,14,Night
3967,15,588,243,2025-11-24,1016,744,72,19,Evening
3968,8,970,432,2026-06-19,804,631,96,21,Evening
3969,14,351,426,2026-05-29,1170,836,74,0,Evening
3970,7,997,312,2025-10-25,1113,911,67,15,Evening
3971,6,649,110,2026-02-14,816,717,61,23,Evening
3972,19,516,323,2026-04-17,928,807,16,7,Night
3973,13,896,478,2025-08-03,977,770,29,10,Night
3974,19,104,426,2025-09-17,974,892,85,20,Morning
3975,12,394,29,2025-10-19,800,741,20,15,Evening
3976,19,819,449,2025-08-17,1143,781,1,6,Night
3977,24,804,418,2026-03-02,1106,600,13,6,Morning
3978,4,557,274,2026-03-09,806,639,82,0,Evening
3979,8,956,139,2025-08-05,952,645,41,24,Night
3980,25,599,276,2026-01-29,944,744,61,12,Morning
3981,23,593,275,2026-01-20,829,814,61,24,Morning
3982,24,99,249,2026-04-23,947,687,107,13,Night
3983,18,262,413,2025-06-23,1114,665,37,14,Evening
3984,3,490,430,2026-01-18,962,942,14,18,Evening
3985,14,640,15,2025-08-30,820,669,53,23,Evening
3986,17,531,484,2026-02-08,924,704,0,19,Night
3987,11,777,297,2026-04-06,946,939,53,9,Morning
3988,19,771,306,2025-12-30,897,828,57,16,Night
3989,7,251,379,2025-11-06,849,641,111,11,Evening
3990,8,797,478,2026-02-18,1054,611,64,1,Morning
3991,17,906,410,2025-08-25,829,629,12,2,Morning
3992,18,689,93,2026-04-14,1061,1007,53,25,Morning
3993,12,746,316,2026-02-13,1110,789,67,16,Evening
3994,24,766,8,2025-10-01,945,784,100,12,Evening
3995,7,410,56,2026-03-10,1132,630,112,8,Morning
3996,14,804,1,2026-03-08,902,768,13,3,Morning
3997,14,778,51,2025-10-21,985,816,27,20,Evening
3998,11,505,133,2025-06-26,1087,1029,72,25,Morning
3999,25,829,37,2025-09-14,1134,789,104,25,Night
4000,6,434,5,2026-02-19,1178,653,43,12,Evening
4001,1,732,376,2025-09-01,1191,601,32,8,Evening
4002,1,866,327,2025-08-28,1036,658,56,17,Evening
4003,9,32,12,2025-12-26,960,916,108,6,Evening
4004,14,630,21,2025-11-25,827,823,23,3,Morning
4005,20,831,499,2025-10-15,1043,862,39,25,Morning
4006,16,879,63,2026-02-23,1072,627,12,8,Morning
4007,21,745,65,2026-02-11,1052,936,33,23,Morning
4008,20,246,152,2026-04-03,1142,748,36,14,Night
4009,11,254,22,2026-05-12,1177,904,109,9,Night
4010,12,828,205,2025-12-28,1133,922,18,7,Morning
4011,25,26,320,2025-12-04,1018,807,115,21,Morning
4012,7,719,175,2025-11-25,1145,728,84,6,Evening
4013,9,597,147,2025-09-28,902,818,60,21,Night
4014,2,455,245,2025-12-12,807,684,14,20,Morning
4015,12,899,352,2025-08-26,822,723,110,4,Night
4016,22,956,390,2025-08-19,846,719,72,21,Evening
4017,12,671,362,2025-12-28,1045,731,108,15,Night
4018,15,920,283,2026-03-28,984,738,32,21,Morning
4019,18,773,308,2026-04-19,1073,911,98,25,Morning
4020,10,192,38,2025-07-11,941,929,59,10,Morning
4021,6,303,36,2025-07-05,957,857,51,4,Evening
4022,24,938,310,2026-03-20,1191,1131,1,5,Night
4023,19,855,229,2025-09-30,823,736,107,13,Night
4024,19,722,41,2025-11-07,1078,611,27,1,Evening
4025,1,6,358,2026-06-21,1122,700,93,17,Morning
4026,10,47,120,2025-07-26,875,818,95,10,Night
4027,3,121,353,2026-04-02,879,787,94,24,Morning
4028,6,649,370,2026-02-27,992,856,18,13,Evening
4029,10,962,30,2026-05-22,989,985,55,8,Night
4030,14,357,279,2025-08-31,1194,781,9,12,Morning
4031,20,752,335,2025-11-02,1127,953,24,15,Morning
4032,13,679,397,2026-03-07,842,733,114,21,Evening
4033,15,597,55,2026-05-31,1079,974,25,24,Morning
4034,21,52,94,2025-08-30,1137,906,110,19,Evening
4035,22,751,375,2026-02-20,896,767,36,8,Morning
4036,15,511,444,2025-10-12,917,664,49,5,Night
4037,7,398,49,2025-11-04,1129,960,45,7,Night
4038,24,200,96,2025-10-23,818,755,47,18,Evening
4039,2,756,339,2026-03-18,833,771,120,1,Evening
4040,25,929,370,2025-11-17,1189,610,22,17,Morning
4041,10,204,112,2025-09-25,1132,679,119,5,Morning
4042,11,148,338,2026-01-08,1145,844,41,8,Night
4043,25,846,469,2025-07-08,1116,672,87,20,Night
4044,7,536,170,2025-11-01,834,757,104,17,Evening
4045,21,628,150,2026-04-10,948,814,97,10,Night
4046,1,533,475,2025-12-17,924,826,33,8,Morning
4047,23,661,385,2025-08-16,1106,829,85,21,Night
4048,24,940,230,2025-11-16,840,678,66,20,Night
4049,6,427,46,2026-03-13,1154,1027,27,7,Evening
4050,11,367,380,2025-06-21,994,839,39,1,Night
4051,10,7,75,2026-02-03,1012,663,4,10,Evening
4052,4,367,474,2025-10-01,927,679,107,22,Morning
4053,24,835,365,2026-01-22,1120,838,27,5,Night
4054,13,518,203,2025-10-09,1176,833,16,7,Morning
4055,16,246,217,2025-12-23,1076,851,112,21,Morning
4056,20,315,82,2025-11-13,1116,635,7,22,Night
4057,23,440,315,2026-04-30,1141,1125,30,15,Evening
4058,17,563,478,2026-01-19,807,684,117,18,Evening
4059,14,789,184,2026-03-06,969,951,28,13,Night
4060,3,546,490,2026-03-28,995,901,101,20,Morning
4061,15,213,112,2026-01-18,831,768,74,9,Morning
4062,22,668,18,2026-04-28,838,731,57,20,Night
4063,17,893,28,2025-08-04,1079,742,23,16,Morning
4064,15,292,203,2026-04-19,847,777,49,20,Night
4065,20,810,348,2025-10-23,1032,789,27,15,Evening
4066,19,919,440,2026-02-09,1052,730,38,12,Evening
4067,7,289,158,2026-06-14,1168,775,21,19,Night
4068,21,492,441,2026-05-16,815,652,89,12,Morning
4069,11,545,430,2025-09-28,967,827,71,1,Night
4070,8,954,10,2025-10-10,809,682,76,7,Morning
4071,20,764,179,2025-11-23,1036,787,10,17,Evening
4072,24,184,44,2025-07-09,914,704,78,14,Morning
4073,19,610,77,2025-09-02,938,811,28,17,Morning
4074,16,927,248,2025-07-05,815,688,31,18,Evening
4075,10,742,478,2026-04-01,818,749,97,7,Evening
4076,4,794,166,2026-06-20,1006,763,67,1,Night
4077,14,30,280,2025-08-02,1067,749,100,14,Night
4078,22,922,90,2026-03-02,1146,670,9,3,Evening
4079,17,362,140,2026-06-15,1019,605,56,2,Night
4080,6,40,192,2026-04-18,993,922,53,6,Evening
4081,18,418,289,2026-01-31,1157,1119,56,14,Morning
4082,21,237,137,2025-12-09,1103,1060,104,4,Evening
4083,20,568,19,2025-11-26,943,913,48,25,Morning
4084,18,246,139,2026-02-14,1074,688,59,4,Evening
4085,14,818,48,2026-03-04,1097,946,29,13,Evening
4086,24,945,358,2026-05-29,957,651,112,23,Evening
4087,3,774,163,2025-12-04,1154,786,45,23,Evening
4088,14,948,468,2025-06-26,1007,865,55,10,Night
4089,24,30,181,2025-11-02,811,730,106,24,Evening
4090,3,527,123,2026-05-17,1130,1103,120,24,Night
4091,2,316,115,2026-05-27,878,614,115,7,Morning
4092,3,284,176,2025-07-23,1107,1022,80,5,Evening
4093,10,64,5,2026-05-23,894,730,111,6,Morning
4094,2,226,258,2026-01-22,946,843,38,18,Evening
4095,16,283,472,2025-07-05,1081,911,106,13,Morning
4096,6,855,215,2026-03-23,1050,860,82,6,Morning
4097,2,760,129,2025-09-24,902,738,20,7,Night
4098,6,734,34,2025-06-24,963,944,15,0,Morning
4099,24,66,431,2025-08-18,946,893,14,10,Evening
4100,11,869,86,2025-10-17,1188,1008,67,25,Morning
4101,1,996,416,2025-07-21,847,614,103,19,Evening
4102,15,941,110,2026-03-01,1098,871,98,2,Night
4103,24,403,177,2026-01-30,978,906,100,5,Night
4104,6,165,283,2025-06-27,1018,793,67,18,Night
4105,4,531,287,2026-05-19,1082,684,103,4,Night
4106,21,155,421,2026-01-14,830,725,35,25,Morning
4107,17,592,113,2026-02-23,913,728,106,6,Night
4108,21,245,339,2025-12-14,1042,898,10,11,Evening
4109,1,887,303,2025-10-01,1180,853,5,5,Night
4110,9,163,385,2025-08-17,912,805,76,1,Morning
4111,15,20,496,2025-07-08,1186,620,24,17,Night
4112,9,973,430,2026-05-11,817,751,119,20,Morning
4113,14,190,310,2026-04-19,1182,961,22,8,Morning
4114,8,856,108,2026-06-09,817,746,25,24,Morning
4115,10,699,332,2025-07-06,1009,916,108,5,Morning
4116,3,240,344,2026-05-06,1003,747,30,15,Night
4117,1,78,240,2025-07-12,1025,654,75,21,Evening
4118,13,646,489,2026-02-02,1117,1061,16,2,Morning
4119,7,907,187,2026-05-03,864,746,93,11,Night
4120,24,870,91,2025-07-18,1178,811,92,12,Evening
4121,10,41,276,2025-10-17,825,718,109,17,Evening
4122,19,70,337,2025-07-17,1011,659,64,21,Night
4123,22,661,81,2026-04-07,909,809,38,7,Morning
4124,18,966,90,2025-08-10,820,734,119,20,Night
4125,15,379,239,2026-04-08,903,657,108,21,Night
4126,14,568,184,2025-12-27,1178,654,100,4,Evening
4127,8,62,257,2025-07-21,1029,933,90,8,Morning
4128,8,281,107,2026-03-02,1058,848,31,6,Evening
4129,22,865,358,2026-02-12,1076,691,83,0,Morning
4130,5,235,344,2026-01-08,865,673,2,8,Evening
4131,22,99,214,2026-03-21,990,831,36,24,Night
4132,11,771,47,2026-02-13,809,727,29,8,Morning
4133,11,748,177,2026-02-11,1103,1055,73,20,Morning
4134,25,943,97,2026-05-24,862,681,64,20,Night
4135,11,678,10,2026-05-11,1025,974,50,6,Evening
4136,23,908,256,2025-08-29,883,648,110,15,Night
4137,20,930,191,2025-07-10,1188,1077,33,20,Morning
4138,3,609,114,2026-02-18,1044,1025,65,22,Morning
4139,5,773,278,2025-06-25,955,668,82,5,Evening
4140,17,973,335,2026-02-01,1084,1052,64,14,Night
4141,20,617,27,2025-07-11,898,723,39,19,Evening
4142,21,108,327,2025-10-21,918,753,87,22,Night
4143,21,370,398,2025-10-26,1033,806,55,25,Evening
4144,25,884,56,2026-06-17,921,621,23,15,Evening
4145,22,999,495,2026-05-01,803,781,74,7,Evening
4146,21,383,84,2025-10-13,931,729,92,22,Morning
4147,3,465,447,2026-01-21,936,875,56,9,Morning
4148,18,236,442,2026-02-09,866,751,39,22,Night
4149,18,844,27,2026-05-20,1103,996,26,15,Morning
4150,18,431,337,2025-10-25,914,653,85,24,Morning
4151,16,15,209,2026-03-04,1089,759,106,25,Morning
4152,3,954,384,2026-04-27,856,685,79,8,Evening
4153,21,602,164,2025-10-30,925,918,62,20,Morning
4154,13,653,291,2026-03-20,1053,959,52,22,Evening
4155,12,368,198,2026-05-03,810,608,0,22,Morning
4156,5,634,201,2025-12-01,867,664,44,9,Evening
4157,7,351,275,2025-11-17,1174,1132,83,17,Evening
4158,17,596,131,2025-08-08,1110,891,33,19,Evening
4159,23,339,462,2025-09-01,996,680,89,12,Evening
4160,24,500,411,2025-09-05,946,936,6,20,Morning
4161,9,192,100,2025-12-25,1113,768,73,0,Morning
4162,5,19,96,2026-04-02,1024,729,97,0,Night
4163,21,543,461,2026-02-07,961,605,80,23,Evening
4164,9,164,92,2026-05-03,1185,1144,109,16,Morning
4165,23,863,189,2026-02-17,1163,806,28,7,Night
4166,6,555,401,2025-10-30,947,669,89,0,Night
4167,17,860,52,2025-10-28,988,808,55,2,Morning
4168,18,750,365,2026-02-27,937,820,72,4,Night
4169,18,39,298,2025-06-30,1135,869,101,14,Morning
4170,6,558,212,2026-02-19,1076,802,5,7,Night
4171,20,978,350,2025-12-26,862,711,9,5,Evening
4172,12,250,218,2026-05-25,1094,1036,66,10,Morning
4173,19,292,88,2026-02-22,1091,679,19,9,Morning
4174,19,766,147,2026-06-20,1064,719,117,2,Morning
4175,22,695,239,2025-10-09,873,770,14,11,Night
4176,11,941,189,2025-10-11,942,895,52,19,Night
4177,19,241,141,2025-12-11,878,860,112,10,Evening
4178,18,513,439,2026-05-18,887,785,88,11,Evening
4179,19,914,291,2026-03-24,921,785,17,13,Evening
4180,4,210,51,2026-02-14,849,840,27,5,Morning
4181,20,730,210,2025-12-22,1155,850,59,19,Morning
4182,15,451,50,2026-06-21,1010,689,93,2,Night
4183,15,341,244,2026-01-28,897,678,78,21,Evening
4184,9,659,192,2025-10-08,1195,920,30,2,Morning
4185,4,411,89,2026-04-13,927,620,43,5,Evening
4186,12,200,430,2026-04-05,1070,696,35,23,Night
4187,3,52,359,2025-07-06,1000,676,8,6,Evening
4188,11,133,315,2025-12-01,832,623,2,0,Evening
4189,19,871,376,2026-05-01,1130,717,16,11,Morning
4190,10,868,248,2025-07-24,1129,947,35,21,Evening
4191,17,608,145,2025-09-03,915,649,114,9,Morning
4192,4,690,229,2025-10-16,1073,1011,4,6,Morning
4193,17,283,184,2026-04-20,873,813,88,1,Evening
4194,22,298,252,2025-10-20,1133,1010,12,12,Morning
4195,7,520,36,2026-06-20,916,874,115,24,Night
4196,18,79,27,2025-09-14,857,661,31,18,Night
4197,9,872,180,2025-08-07,903,724,66,6,Night
4198,21,84,189,2026-01-10,1164,689,107,21,Morning
4199,17,656,68,2025-08-28,1115,829,60,8,Night
4200,15,251,44,2025-09-25,1008,604,62,22,Night
4201,18,465,333,2026-05-31,1156,617,15,8,Night
4202,18,121,228,2026-01-22,995,876,32,2,Morning
4203,24,177,429,2025-07-03,1059,626,79,23,Morning
4204,11,339,190,2025-10-09,912,898,113,0,Evening
4205,23,868,428,2026-02-21,1057,920,118,17,Night
4206,21,617,112,2026-02-22,939,721,74,1,Night
4207,2,295,482,2026-03-06,865,745,111,13,Morning
4208,8,76,498,2025-11-16,1012,949,36,17,Evening
4209,17,593,475,2025-10-16,1075,618,2,19,Morning
4210,2,92,152,2025-07-17,857,731,24,5,Evening
4211,25,464,243,2026-06-15,981,756,91,3,Evening
4212,8,462,153,2025-11-20,865,724,101,11,Morning
4213,19,769,119,2026-06-21,1100,945,42,15,Evening
4214,23,533,385,2025-12-05,1131,721,36,13,Evening
4215,22,410,312,2025-08-20,883,862,33,7,Night
4216,13,228,403,2025-12-06,1090,956,20,24,Morning
4217,14,84,499,2025-09-12,1177,875,62,14,Night
4218,21,635,168,2026-02-27,965,625,109,18,Morning
4219,15,566,246,2025-11-06,911,895,39,25,Night
4220,14,595,337,2026-04-03,933,607,24,16,Morning
4221,14,241,342,2026-06-08,988,844,100,9,Evening
4222,18,350,73,2025-09-28,936,742,83,7,Morning
4223,2,568,313,2026-06-19,1169,1017,16,4,Morning
4224,12,892,245,2026-06-04,963,770,83,6,Evening
4225,12,140,343,2026-05-22,982,861,30,15,Morning
4226,10,19,18,2025-12-05,979,722,34,12,Night
4227,18,249,365,2026-04-23,946,848,76,25,Night
4228,5,462,53,2025-09-09,864,807,110,23,Evening
4229,19,478,106,2025-12-13,887,801,51,20,Night
4230,21,444,328,2025-08-16,1142,908,86,9,Night
4231,18,286,122,2026-02-04,836,821,34,2,Evening
4232,21,870,456,2026-05-03,1017,972,4,9,Night
4233,14,45,55,2026-05-06,836,681,15,6,Evening
4234,4,989,45,2025-09-14,1142,1131,64,7,Evening
4235,21,895,180,2026-03-30,1012,609,43,16,Evening
4236,7,815,305,2026-06-19,1074,855,9,6,Evening
4237,14,472,447,2025-07-27,1005,654,69,13,Morning
4238,24,981,53,2025-08-15,910,881,41,6,Evening
4239,4,591,491,2025-07-04,1150,953,95,20,Morning
4240,12,844,241,2026-06-16,1010,944,28,7,Night
4241,8,294,279,2026-05-02,900,649,0,16,Morning
4242,23,904,202,2025-11-14,1024,865,117,6,Morning
4243,11,545,312,2025-09-18,977,801,33,21,Morning
4244,6,279,137,2025-07-16,1019,657,40,14,Morning
4245,9,606,8,2026-04-21,865,834,108,17,Night
4246,23,558,84,2025-11-15,1140,1008,85,10,Morning
4247,19,255,192,2026-03-01,889,799,89,7,Night
4248,8,77,403,2025-08-09,1154,972,96,1,Night
4249,2,882,193,2026-05-25,986,662,23,19,Morning
4250,13,965,93,2026-02-06,859,788,63,0,Night
4251,14,504,431,2025-09-26,1199,1115,107,19,Morning
4252,12,182,213,2026-05-29,946,638,22,1,Night
4253,1,934,54,2025-12-30,849,831,40,21,Night
4254,24,59,266,2025-09-16,1152,964,59,0,Evening
4255,19,93,387,2026-05-18,1174,663,51,1,Evening
4256,20,904,169,2025-12-30,964,824,95,24,Night
4257,1,581,143,2026-06-20,1156,671,22,1,Night
4258,25,380,474,2025-08-18,883,756,29,3,Evening
4259,8,449,21,2026-06-02,972,818,57,3,Morning
4260,23,556,326,2025-09-06,908,779,72,7,Evening
4261,2,988,491,2026-04-05,1072,765,54,6,Morning
4262,21,518,417,2026-01-01,821,681,61,12,Evening
4263,6,193,455,2025-12-31,810,600,13,23,Morning
4264,11,776,488,2026-05-19,944,786,114,6,Night
4265,24,552,322,2025-11-22,912,879,65,15,Evening
4266,11,970,359,2025-08-01,853,775,64,17,Night
4267,3,909,149,2026-04-12,1018,743,53,8,Night
4268,2,248,75,2026-01-18,1093,818,78,14,Night
4269,25,793,97,2025-11-17,1123,1075,91,23,Evening
4270,18,287,112,2025-06-21,957,884,100,9,Morning
4271,5,174,334,2026-01-16,820,773,48,10,Evening
4272,22,122,50,2026-06-18,912,802,70,25,Morning
4273,19,195,420,2025-06-25,1184,921,1,24,Morning
4274,2,9,387,2026-01-05,1094,755,0,24,Night
4275,12,999,210,2026-02-01,962,695,6,15,Night
4276,23,643,172,2025-07-19,854,786,79,11,Morning
4277,23,858,321,2026-02-21,1062,796,56,20,Evening
4278,6,455,277,2026-05-18,956,913,15,16,Morning
4279,12,276,1,2026-05-31,885,734,4,22,Evening
4280,23,21,140,2025-12-13,987,859,96,13,Evening
4281,20,692,154,2025-10-10,842,618,80,21,Night
4282,11,339,9,2026-05-12,1031,620,110,21,Night
4283,16,741,123,2026-03-28,971,776,63,9,Morning
4284,2,382,312,2026-03-14,941,807,99,10,Night
4285,4,974,85,2025-08-19,1140,814,62,16,Evening
4286,8,470,8,2025-09-07,954,861,109,22,Morning
4287,20,902,388,2025-09-04,1198,1173,6,9,Evening
4288,16,429,240,2025-12-10,1080,786,47,1,Evening
4289,22,981,410,2025-07-01,1137,1120,21,9,Night
4290,16,418,362,2026-02-18,945,825,86,25,Night
4291,15,818,397,2025-07-17,1036,692,13,1,Evening
4292,2,183,268,2026-03-09,1082,948,21,17,Morning
4293,21,79,22,2026-01-03,926,708,94,0,Night
4294,12,515,31,2025-12-31,861,693,100,15,Night
4295,25,739,239,2026-01-09,1048,990,117,0,Evening
4296,10,538,491,2026-05-07,973,601,68,15,Morning
4297,11,673,306,2025-09-26,851,615,76,7,Evening
4298,3,737,447,2025-11-04,1146,1116,75,23,Morning
4299,15,697,498,2026-01-14,857,803,23,5,Morning
4300,16,425,181,2025-12-19,941,875,107,0,Morning
4301,10,79,467,2026-06-04,997,786,6,8,Night
4302,11,598,399,2026-02-18,917,865,61,24,Morning
4303,10,603,59,2025-08-27,905,853,98,22,Evening
4304,25,359,458,2026-05-11,1161,838,71,18,Night
4305,2,102,308,2025-10-30,882,851,49,1,Morning
4306,25,994,149,2025-08-24,1109,1027,90,23,Evening
4307,1,998,420,2025-08-07,1029,770,44,5,Night
4308,6,884,261,2025-12-10,1077,616,31,21,Evening
4309,23,865,416,2025-11-16,874,783,112,7,Evening
4310,23,853,106,2025-09-19,1009,984,68,20,Morning
4311,10,600,47,2025-09-12,970,684,48,7,Morning
4312,3,129,195,2025-08-04,1025,946,1,19,Night
4313,13,314,398,2026-01-04,1139,1137,112,18,Night
4314,21,116,457,2025-07-01,931,676,86,22,Evening
4315,21,225,84,2026-03-15,832,806,112,24,Evening
4316,5,513,383,2025-10-22,1025,726,14,6,Morning
4317,23,350,81,2026-03-02,914,706,70,16,Evening
4318,18,241,45,2026-01-30,983,833,61,21,Evening
4319,3,354,349,2026-05-18,1030,900,36,25,Morning
4320,12,240,455,2025-10-20,1072,709,31,3,Night
4321,18,126,454,2025-08-20,1045,759,98,23,Night
4322,11,433,414,2025-11-07,1029,756,109,25,Night
4323,23,831,460,2025-07-11,1023,994,51,16,Evening
4324,14,460,487,2026-01-31,1057,683,40,17,Evening
4325,10,718,238,2026-06-01,1191,1115,10,23,Evening
4326,21,183,243,2026-03-25,1155,622,27,4,Night
4327,7,61,382,2026-05-12,1147,1067,91,4,Morning
4328,7,307,494,2026-03-25,1177,1137,33,2,Night
4329,22,684,387,2025-12-01,1108,1098,60,5,Night
4330,25,236,230,2025-08-12,1113,617,66,24,Night
4331,6,384,227,2026-06-04,874,633,11,19,Night
4332,8,279,393,2025-12-02,901,804,30,20,Evening
4333,20,930,98,2026-02-20,954,804,53,2,Morning
4334,22,64,285,2026-01-15,973,630,63,20,Morning
4335,24,375,55,2025-09-14,1161,639,17,23,Evening
4336,22,703,105,2025-10-31,1073,983,99,9,Evening
4337,9,757,482,2026-04-11,1102,722,16,22,Morning
4338,13,342,397,2026-04-01,1149,721,40,15,Morning
4339,10,819,34,2025-07-06,951,648,82,7,Morning
4340,23,261,223,2025-10-18,1021,629,4,16,Morning
4341,23,254,373,2026-03-22,940,931,93,5,Evening
4342,20,214,71,2026-06-03,1140,660,11,17,Evening
4343,15,469,217,2025-06-29,1087,818,1,2,Morning
4344,12,575,130,2026-04-17,955,750,2,21,Night
4345,24,135,379,2026-03-19,1120,724,24,11,Evening
4346,4,725,341,2025-12-10,916,915,40,17,Night
4347,9,951,278,2025-11-14,1034,690,57,7,Morning
4348,7,506,282,2025-06-24,1179,1032,91,25,Morning
4349,24,755,379,2025-07-24,824,622,78,12,Night
4350,6,817,322,2026-02-18,851,762,15,24,Evening
4351,1,483,442,2025-12-29,1058,888,74,19,Night
4352,14,665,476,2026-04-12,915,666,96,2,Morning
4353,22,466,415,2026-03-06,983,838,65,16,Morning
4354,6,128,490,2026-05-15,1184,685,77,0,Evening
4355,13,181,19,2025-10-20,1089,692,74,9,Morning
4356,21,615,474,2026-02-20,1197,988,109,9,Night
4357,4,403,2,2025-12-27,1141,1054,20,17,Morning
4358,2,600,161,2025-08-18,1104,1010,23,14,Evening
4359,23,879,272,2025-11-02,1170,651,109,7,Morning
4360,23,294,34,2025-11-05,994,984,75,8,Morning
4361,22,957,125,2026-06-01,1132,648,20,15,Morning
4362,12,481,120,2026-01-06,820,702,35,2,Evening
4363,22,805,58,2025-11-10,1105,985,26,10,Evening
4364,3,286,395,2026-01-13,1040,1034,65,17,Evening
4365,23,921,56,2026-03-01,829,705,81,4,Morning
4366,8,291,303,2026-05-31,1195,1089,75,9,Morning
4367,7,535,385,2026-05-02,1145,608,39,0,Morning
4368,23,169,282,2026-03-10,1131,727,11,19,Evening
4369,17,288,53,2025-07-17,913,661,45,25,Morning
4370,19,15,418,2025-09-02,1012,619,39,10,Evening
4371,23,540,328,2025-10-17,1166,694,117,24,Evening
4372,5,579,293,2026-03-11,1061,718,107,8,Evening
4373,13,749,438,2025-12-16,1043,921,95,3,Night
4374,21,223,487,2025-07-02,1073,846,100,0,Morning
4375,17,98,280,2026-03-21,888,877,62,16,Night
4376,10,900,54,2025-11-06,1082,907,35,9,Morning
4377,12,649,22,2025-10-29,975,925,16,9,Night
4378,7,327,265,2026-04-17,1053,737,53,2,Night
4379,19,394,383,2026-01-18,813,811,50,5,Night
4380,12,996,208,2026-05-18,1030,801,33,18,Evening
4381,5,328,151,2025-09-03,1157,925,12,7,Night
4382,6,319,404,2025-09-16,879,848,34,2,Evening
4383,10,513,210,2026-02-08,871,841,92,6,Morning
4384,18,521,47,2026-01-07,1060,830,84,8,Morning
4385,12,203,254,2026-06-07,1082,1025,32,1,Morning
4386,11,600,347,2025-10-22,1154,1053,96,3,Morning
4387,13,615,142,2026-06-16,1129,665,74,20,Morning
4388,9,921,156,2025-08-01,1159,1070,62,5,Evening
4389,12,213,458,2026-03-29,919,640,1,1,Morning
4390,13,205,350,2025-11-08,971,911,16,14,Evening
4391,8,692,285,2025-07-20,996,779,16,11,Morning
4392,3,945,270,2025-07-19,1070,953,9,19,Morning
4393,9,764,60,2025-07-12,1026,1011,42,1,Evening
4394,9,199,337,2025-08-30,1106,624,90,2,Evening
4395,22,739,440,2025-10-06,1005,990,109,20,Morning
4396,16,132,16,2026-06-08,993,714,21,12,Night
4397,24,317,340,2026-05-27,915,722,85,22,Night
4398,15,745,229,2025-12-27,838,668,110,12,Morning
4399,21,595,278,2025-08-15,841,728,16,11,Evening
4400,7,790,263,2025-08-08,993,876,66,2,Night
4401,2,182,18,2026-03-04,1194,1139,1,6,Night
4402,7,270,152,2026-05-05,1026,786,81,18,Morning
4403,3,346,266,2025-11-30,875,724,23,25,Morning
4404,2,822,209,2026-05-14,1147,680,39,22,Night
4405,24,485,135,2025-11-26,825,818,110,25,Evening
4406,21,936,139,2025-10-16,855,833,54,23,Evening
4407,8,144,447,2025-09-02,878,715,3,18,Evening
4408,2,517,142,2026-05-06,967,767,97,16,Morning
4409,11,176,474,2025-08-18,1075,1066,37,4,Night
4410,6,304,151,2026-02-28,1076,669,88,21,Evening
4411,25,151,319,2025-08-30,1140,1073,65,2,Night
4412,5,415,215,2025-11-08,1113,763,45,6,Evening
4413,13,908,320,2025-10-15,867,774,57,8,Morning
4414,1,637,228,2026-01-11,820,645,69,19,Morning
4415,19,664,34,2025-06-28,1062,690,12,7,Evening
4416,20,451,98,2025-08-28,1124,673,76,4,Morning
4417,24,843,378,2025-10-23,977,881,47,11,Night
4418,12,837,449,2026-05-01,1093,1012,28,12,Evening
4419,21,107,90,2025-11-22,1025,860,73,3,Night
4420,7,177,220,2025-10-15,805,764,92,10,Evening
4421,12,189,191,2026-03-01,855,636,50,16,Night
4422,1,326,155,2025-07-01,905,735,4,23,Evening
4423,1,60,86,2026-06-05,920,604,61,9,Evening
4424,21,954,260,2026-04-10,1050,613,29,8,Night
4425,18,980,300,2026-06-04,922,922,107,10,Night
4426,2,33,257,2025-12-18,1146,799,95,17,Evening
4427,25,401,412,2025-09-08,922,900,16,15,Evening
4428,16,445,441,2025-09-10,1167,1167,118,21,Morning
4429,25,761,450,2025-09-20,1027,796,5,9,Evening
4430,17,868,253,2025-07-26,1004,602,119,14,Night
4431,12,18,13,2026-01-02,890,770,22,0,Morning
4432,16,562,464,2025-08-01,846,721,93,3,Morning
4433,19,569,410,2025-12-26,1133,1119,63,12,Morning
4434,5,310,427,2025-07-06,967,859,90,19,Night
4435,20,558,336,2025-11-29,859,844,39,6,Night
4436,13,392,216,2025-11-05,852,629,46,21,Evening
4437,25,787,236,2025-11-15,933,652,91,12,Morning
4438,4,513,183,2025-11-25,901,600,16,14,Morning
4439,17,751,230,2025-07-12,1073,715,49,6,Morning
4440,9,42,464,2025-12-24,888,719,54,6,Evening
4441,9,330,301,2026-02-07,1010,1001,23,20,Morning
4442,2,11,225,2026-06-13,1002,769,27,25,Morning
4443,19,660,203,2025-10-26,840,616,79,8,Night
4444,1,886,54,2025-08-14,1199,636,106,2,Morning
4445,18,687,228,2025-08-28,1047,816,81,0,Night
4446,2,282,370,2025-07-24,963,930,1,5,Night
4447,8,930,82,2025-12-14,1174,874,93,11,Morning
4448,12,96,375,2025-11-24,944,836,12,23,Morning
4449,5,301,251,2026-01-27,1090,748,48,4,Night
4450,8,359,13,2026-01-22,1141,1049,78,13,Night
4451,15,739,127,2025-06-30,958,831,105,20,Morning
4452,15,975,55,2026-03-01,844,731,48,21,Morning
4453,17,465,82,2026-03-31,894,838,34,19,Evening
4454,13,747,197,2025-10-24,813,606,22,0,Evening
4455,23,682,223,2026-02-26,1075,650,8,24,Night
4456,21,908,285,2025-11-04,993,668,61,3,Morning
4457,8,551,22,2026-04-27,944,938,16,4,Night
4458,23,372,399,2025-10-23,856,634,29,14,Morning
4459,25,510,51,2025-08-21,1106,742,41,1,Night
4460,13,394,133,2025-11-01,922,798,56,21,Night
4461,23,903,319,2025-09-25,950,788,52,4,Night
4462,16,626,395,2025-08-20,917,763,79,15,Morning
4463,11,322,254,2026-05-22,1165,912,22,23,Evening
4464,21,947,189,2025-10-25,1073,787,68,19,Evening
4465,25,682,344,2025-07-11,1189,839,32,7,Night
4466,14,366,38,2026-05-11,1007,611,23,12,Evening
4467,24,572,205,2026-02-13,802,657,43,21,Night
4468,21,137,239,2026-05-25,1198,640,7,2,Night
4469,20,109,215,2025-11-11,1057,933,41,12,Morning
4470,6,433,229,2025-11-12,874,637,65,21,Morning
4471,17,537,498,2025-09-01,1189,774,81,20,Evening
4472,1,105,497,2026-05-23,877,677,94,12,Morning
4473,8,330,148,2025-06-29,800,628,54,14,Morning
4474,16,302,295,2025-07-26,820,805,34,3,Evening
4475,13,201,265,2025-08-03,1005,964,53,25,Night
4476,10,785,34,2025-07-14,983,684,94,10,Evening
4477,20,178,469,2026-06-07,1028,741,6,21,Night
4478,6,680,497,2025-07-16,1085,613,92,0,Night
4479,21,894,173,2026-02-22,921,809,65,3,Morning
4480,4,403,292,2026-05-11,1071,725,10,13,Night
4481,22,878,128,2025-10-19,1187,604,9,0,Evening
4482,9,885,291,2025-11-06,1138,1068,56,19,Night
4483,18,959,110,2025-11-28,832,620,16,9,Evening
4484,5,640,188,2025-10-31,907,721,9,17,Evening
4485,2,723,304,2025-07-21,978,904,38,21,Night
4486,17,833,271,2026-05-08,1057,761,34,0,Night
4487,20,895,136,2025-08-17,1019,940,63,15,Evening
4488,19,967,373,2025-12-20,1185,1083,9,12,Night
4489,16,868,353,2025-11-15,1052,657,116,5,Night
4490,25,590,467,2026-02-26,1098,821,36,20,Morning
4491,9,923,168,2025-12-09,1121,659,71,13,Night
4492,16,358,318,2025-09-26,834,607,72,9,Evening
4493,1,444,355,2025-10-14,907,830,109,2,Morning
4494,4,927,137,2025-12-10,1116,616,56,17,Night
4495,3,171,430,2025-07-08,1091,762,81,4,Evening
4496,15,873,44,2026-01-30,1096,639,120,22,Night
4497,21,209,423,2025-11-11,1035,829,16,6,Night
4498,17,125,441,2026-05-13,962,627,81,10,Morning
4499,25,842,50,2025-11-21,1102,746,98,17,Morning
4500,16,978,459,2026-03-01,1049,1021,9,22,Evening
4501,21,442,97,2026-02-25,959,944,75,2,Morning
4502,20,804,40,2026-05-22,962,950,66,4,Night
4503,7,157,180,2026-06-15,869,793,111,8,Morning
4504,11,373,119,2025-08-16,816,807,59,19,Morning
4505,23,382,210,2026-05-10,1122,981,112,17,Morning
4506,16,622,7,2025-12-04,896,780,60,1,Night
4507,23,854,135,2026-06-20,1198,1197,28,21,Evening
4508,12,292,460,2025-07-07,988,808,76,11,Evening
4509,9,331,212,2026-04-28,856,733,10,23,Morning
4510,5,126,5,2026-01-22,1193,1072,62,0,Night
4511,5,655,213,2026-06-13,1138,671,86,12,Morning
4512,12,607,452,2025-07-01,1081,888,68,6,Morning
4513,24,881,168,2026-05-29,1003,1002,69,12,Evening
4514,3,582,318,2026-02-07,954,795,28,22,Evening
4515,11,554,67,2025-09-19,940,690,101,18,Night
4516,9,396,437,2026-02-11,1120,650,5,13,Morning
4517,5,915,244,2025-09-19,986,632,25,9,Evening
4518,3,527,128,2026-02-15,859,777,70,23,Morning
4519,3,352,116,2025-12-14,1062,919,85,18,Night
4520,23,605,174,2026-05-10,1117,845,91,11,Night
4521,12,936,76,2025-12-23,1088,760,87,3,Evening
4522,15,969,198,2025-12-27,1127,930,44,17,Evening
4523,17,528,31,2025-09-20,952,664,59,18,Night
4524,8,652,187,2026-01-30,881,759,115,13,Evening
4525,19,834,486,2025-11-30,921,681,7,18,Evening
4526,23,152,429,2025-07-02,1144,738,64,2,Evening
4527,1,841,473,2026-05-18,1149,1085,116,17,Evening
4528,20,721,451,2025-10-06,963,720,101,19,Morning
4529,19,276,138,2025-11-01,1063,868,6,0,Evening
4530,23,399,129,2025-07-17,967,851,53,15,Evening
4531,7,470,276,2026-01-09,928,926,1,21,Night
4532,13,251,277,2026-02-11,1189,743,113,15,Evening
4533,19,111,184,2025-08-14,1096,937,70,1,Night
4534,6,275,353,2026-04-24,801,659,100,25,Morning
4535,7,189,472,2025-08-15,1196,629,12,2,Evening
4536,2,366,474,2025-11-16,1119,807,55,13,Evening
4537,17,771,251,2026-03-28,898,775,38,17,Evening
4538,18,341,355,2025-07-06,1171,775,15,19,Morning
4539,23,715,375,2026-03-30,1143,796,21,11,Morning
4540,12,252,243,2025-11-25,1162,1116,80,19,Night
4541,8,970,84,2026-05-17,941,895,17,1,Evening
4542,8,891,50,2025-11-08,1045,841,102,19,Morning
4543,16,968,469,2026-05-15,1088,778,40,4,Night
4544,9,213,116,2025-07-06,1025,634,102,1,Night
4545,14,818,326,2026-01-22,1192,851,50,19,Morning
4546,10,235,23,2026-04-13,1091,821,119,17,Evening
4547,7,541,241,2026-04-08,1170,1118,18,15,Evening
4548,1,222,30,2026-03-17,825,771,52,15,Evening
4549,22,187,337,2025-09-14,1069,908,17,19,Morning
4550,1,780,141,2025-07-12,877,747,67,24,Evening
4551,22,950,240,2025-11-03,1053,935,84,17,Evening
4552,14,990,410,2025-07-23,1135,708,105,4,Night
4553,14,890,320,2026-05-09,1191,669,7,0,Night
4554,9,561,245,2026-03-06,941,770,60,4,Night
4555,24,906,261,2026-01-15,935,903,68,25,Night
4556,6,355,237,2026-05-11,862,799,40,3,Evening
4557,10,864,67,2026-04-05,824,824,16,2,Night
4558,7,215,119,2026-06-14,925,755,105,15,Evening
4559,13,396,386,2025-09-28,840,716,115,11,Night
4560,11,900,499,2025-06-24,986,902,28,23,Morning
4561,18,777,416,2026-02-02,978,757,6,9,Morning
4562,1,38,427,2026-02-28,1157,824,73,8,Morning
4563,9,315,412,2026-02-12,970,674,116,23,Night
4564,16,368,265,2025-07-18,963,760,116,1,Morning
4565,14,125,110,2026-05-03,806,789,105,3,Morning
4566,12,516,327,2025-08-12,944,641,78,13,Evening
4567,11,127,133,2026-04-05,902,788,70,6,Morning
4568,12,361,333,2025-08-18,1097,1041,93,13,Morning
4569,5,121,446,2025-07-21,1158,870,53,0,Evening
4570,2,669,410,2025-09-22,982,886,85,23,Night
4571,12,114,38,2026-01-28,1160,822,114,22,Evening
4572,15,925,305,2025-08-20,805,690,120,17,Night
4573,12,313,392,2025-06-27,1023,708,19,21,Morning
4574,8,929,259,2025-10-29,1039,1003,47,18,Evening
4575,24,58,231,2026-01-26,1031,631,116,3,Morning
4576,20,435,129,2025-11-20,863,666,45,17,Morning
4577,4,817,127,2025-09-03,834,712,26,16,Morning
4578,3,383,187,2025-08-01,1139,1108,114,8,Morning
4579,2,986,199,2026-02-09,1034,984,89,6,Evening
4580,13,795,295,2025-09-14,1193,950,67,20,Night
4581,21,469,491,2026-01-15,1070,609,6,11,Morning
4582,21,871,191,2025-12-12,822,686,64,13,Night
4583,9,245,455,2026-03-27,1194,1048,16,16,Evening
4584,12,72,161,2026-01-16,1099,990,52,7,Evening
4585,1,372,101,2025-08-10,828,816,119,2,Evening
4586,4,449,403,2025-12-22,885,841,78,20,Night
4587,23,218,189,2025-07-31,934,629,106,18,Morning
4588,9,330,266,2026-04-29,1180,925,19,4,Morning
4589,23,695,373,2026-03-28,1139,951,84,19,Night
4590,10,689,188,2025-11-22,909,687,38,3,Evening
4591,21,116,417,2026-03-28,857,719,76,12,Evening
4592,14,556,247,2026-04-02,869,794,106,10,Morning
4593,25,984,452,2025-11-29,1167,958,13,23,Night
4594,14,102,159,2025-10-05,908,757,73,4,Evening
4595,17,624,242,2026-04-30,901,683,83,22,Morning
4596,20,727,346,2025-10-28,1169,1108,68,9,Evening
4597,22,985,183,2025-09-07,1167,911,113,21,Morning
4598,15,538,462,2026-05-18,951,703,38,8,Evening
4599,24,751,461,2025-11-03,832,609,72,6,Night
4600,11,864,130,2025-12-15,1191,1009,53,23,Night
4601,6,211,295,2026-04-24,922,911,3,9,Night
4602,2,127,248,2026-04-07,1157,776,4,11,Morning
4603,7,804,50,2026-03-05,998,666,51,11,Morning
4604,23,839,49,2026-04-13,1181,1113,39,12,Morning
4605,17,468,222,2025-10-18,1075,751,24,0,Evening
4606,15,512,85,2026-06-18,1042,630,107,9,Morning
4607,22,754,312,2025-10-16,1108,750,91,13,Morning
4608,4,175,442,2025-12-17,970,922,81,20,Night
4609,18,64,482,2026-04-12,1026,726,41,8,Morning
4610,20,80,316,2025-10-06,1113,856,98,22,Evening
4611,25,389,326,2025-10-18,1012,922,22,5,Morning
4612,4,652,395,2026-05-26,997,768,81,1,Evening
4613,20,889,195,2026-03-20,1037,753,38,19,Night
4614,4,398,9,2026-05-07,1153,805,110,14,Evening
4615,17,44,367,2025-08-16,1033,783,5,18,Morning
4616,17,917,156,2025-08-24,846,683,105,14,Night
4617,5,142,494,2026-02-16,899,625,89,8,Evening
4618,11,260,481,2026-05-13,1102,747,32,7,Evening
4619,17,288,53,2026-01-15,1125,1064,106,20,Evening
4620,25,822,248,2026-05-22,935,832,51,18,Evening
4621,19,336,88,2025-06-25,848,604,82,24,Night
4622,1,928,110,2025-08-22,1007,896,65,14,Evening
4623,12,869,265,2025-12-08,1058,813,42,3,Evening
4624,10,444,360,2025-09-08,906,894,69,21,Night
4625,19,3,137,2026-01-29,1110,617,114,16,Night
4626,24,624,269,2025-08-02,1146,824,6,0,Evening
4627,15,569,247,2025-10-04,1122,650,41,20,Evening
4628,14,685,354,2026-03-11,995,616,82,10,Night
4629,3,838,160,2026-04-20,1063,889,15,19,Night
4630,21,853,395,2025-10-19,1105,1049,28,12,Night
4631,11,792,391,2025-08-03,958,830,36,25,Evening
4632,6,372,52,2026-06-20,966,655,71,12,Morning
4633,2,994,335,2026-01-05,1133,659,78,25,Evening
4634,11,778,262,2026-02-22,801,634,52,6,Morning
4635,13,608,177,2026-06-17,1194,876,16,5,Morning
4636,13,363,152,2025-09-10,1136,633,55,5,Night
4637,24,567,358,2025-12-16,963,941,65,15,Morning
4638,14,726,269,2025-07-25,860,658,5,17,Evening
4639,11,727,453,2026-05-29,988,762,0,14,Morning
4640,13,761,112,2026-05-25,1053,886,75,4,Evening
4641,1,992,453,2026-01-30,847,756,84,2,Evening
4642,6,712,361,2025-09-30,956,744,38,19,Evening
4643,18,157,86,2025-09-02,1012,725,61,7,Morning
4644,17,340,406,2026-04-27,958,807,59,7,Morning
4645,9,184,290,2025-10-19,1090,1031,89,5,Morning
4646,3,993,177,2025-11-16,921,684,54,23,Evening
4647,25,974,181,2026-04-14,1136,781,80,19,Evening
4648,18,765,315,2025-07-27,1180,981,83,9,Evening
4649,5,34,288,2025-07-15,956,924,106,7,Morning
4650,20,954,67,2026-02-06,1097,742,112,11,Evening
4651,16,916,294,2026-01-12,975,816,83,24,Night
4652,10,886,18,2026-03-08,1119,638,102,19,Evening
4653,21,934,298,2025-08-27,1056,831,30,1,Evening
4654,18,994,353,2026-02-20,1185,655,22,6,Night
4655,3,856,233,2025-08-24,807,653,105,19,Morning
4656,12,518,109,2025-07-15,913,774,40,4,Morning
4657,6,781,156,2025-07-25,963,961,34,10,Morning
4658,18,425,146,2025-07-18,1163,766,76,18,Morning
4659,20,228,61,2026-01-03,1150,697,51,20,Night
4660,4,109,293,2026-01-30,887,756,0,13,Evening
4661,12,980,355,2026-05-19,882,654,88,2,Night
4662,7,534,477,2026-05-25,1158,1022,40,18,Evening
4663,15,948,239,2025-07-13,917,698,81,0,Night
4664,4,732,91,2025-10-13,1190,617,89,25,Night
4665,13,561,93,2026-05-17,957,885,52,22,Evening
4666,7,69,416,2026-05-18,1147,1046,47,1,Night
4667,22,962,100,2025-07-01,899,664,106,22,Morning
4668,15,285,421,2025-09-20,1153,834,53,8,Morning
4669,16,60,224,2026-02-15,1113,752,13,25,Morning
4670,4,945,51,2026-02-21,1030,812,1,17,Morning
4671,19,521,96,2026-03-08,1088,815,6,20,Morning
4672,11,755,490,2025-11-20,1025,824,28,7,Evening
4673,11,902,26,2026-03-05,874,741,25,1,Night
4674,7,770,383,2026-05-02,1001,702,70,11,Night
4675,25,544,201,2025-10-20,1124,678,38,1,Night
4676,25,370,159,2025-09-20,890,741,74,6,Night
4677,23,540,404,2025-09-18,1096,921,111,1,Morning
4678,10,69,49,2025-09-09,1164,858,98,22,Night
4679,23,138,285,2025-07-20,875,606,65,0,Night
4680,21,689,270,2025-09-09,876,810,109,15,Night
4681,1,157,488,2025-08-18,1162,1009,41,1,Night
4682,21,889,148,2026-06-20,1022,945,75,15,Evening
4683,14,450,248,2026-02-18,1022,1001,38,24,Night
4684,13,271,365,2025-09-22,954,937,118,14,Evening
4685,19,259,94,2025-12-14,1157,1089,85,9,Morning
4686,2,611,16,2025-09-10,857,808,72,0,Night
4687,9,211,137,2026-01-25,1199,998,8,15,Night
4688,22,166,454,2026-01-22,869,641,75,6,Night
4689,17,799,420,2025-09-10,891,620,106,22,Morning
4690,11,141,127,2025-07-22,880,735,35,25,Night
4691,23,337,313,2025-09-13,1026,822,119,5,Morning
4692,12,22,193,2026-05-06,1031,931,87,3,Morning
4693,19,16,184,2025-08-02,918,695,89,17,Morning
4694,11,627,173,2026-02-12,893,626,80,14,Night
4695,13,298,222,2026-01-10,974,605,37,14,Evening
4696,1,13,290,2026-05-18,1182,1044,118,19,Night
4697,17,122,333,2026-01-21,852,807,15,15,Evening
4698,6,864,232,2025-09-23,1131,642,102,2,Evening
4699,3,274,406,2026-04-10,978,653,71,14,Evening
4700,21,383,2,2025-09-24,865,664,78,15,Night
4701,2,996,87,2025-07-11,1143,687,28,4,Evening
4702,12,902,346,2025-09-20,1069,951,21,11,Morning
4703,11,488,486,2026-05-24,1149,835,30,23,Night
4704,13,569,116,2025-09-04,999,901,49,23,Night
4705,13,537,396,2026-03-27,996,795,41,12,Morning
4706,6,1,219,2026-02-26,1170,614,82,10,Evening
4707,11,84,87,2026-06-06,988,918,99,11,Night
4708,10,514,379,2026-05-06,1063,857,42,11,Morning
4709,19,601,219,2026-04-09,952,861,62,14,Morning
4710,2,830,103,2025-07-15,1022,871,99,17,Night
4711,14,213,20,2026-03-25,823,715,72,0,Morning
4712,1,541,102,2025-07-22,847,676,64,14,Evening
4713,25,875,36,2025-09-13,878,715,48,0,Night
4714,24,389,364,2026-02-25,1086,919,91,15,Night
4715,2,444,476,2026-02-09,979,639,94,5,Night
4716,5,798,390,2026-06-01,899,894,109,2,Evening
4717,7,228,64,2025-08-19,1104,857,22,7,Morning
4718,20,360,381,2026-04-21,1086,668,27,18,Morning
4719,20,326,314,2026-03-11,1022,894,49,24,Evening
4720,6,298,380,2025-10-09,1015,859,12,24,Night
4721,23,73,144,2026-06-17,872,745,90,1,Evening
4722,22,169,22,2025-08-16,897,704,1,21,Night
4723,3,405,95,2026-01-25,1037,654,87,23,Night
4724,20,758,69,2026-03-26,833,628,73,7,Night
4725,15,191,482,2026-01-29,977,942,75,22,Evening
4726,15,362,358,2026-05-31,1000,799,85,7,Night
4727,16,332,373,2025-07-11,900,900,76,9,Evening
4728,16,205,398,2025-09-03,815,753,80,19,Night
4729,6,520,12,2026-01-02,947,902,26,0,Morning
4730,8,242,408,2026-02-08,1128,1028,84,17,Evening
4731,22,89,396,2025-12-01,993,662,76,19,Evening
4732,15,260,340,2026-03-19,988,666,70,0,Morning
4733,12,30,55,2025-08-30,1043,687,4,12,Night
4734,13,636,21,2026-06-07,994,938,101,15,Evening
4735,17,919,200,2025-11-18,1049,811,82,2,Morning
4736,15,821,234,2025-08-31,962,612,91,22,Morning
4737,12,661,410,2025-10-09,891,756,65,17,Morning
4738,2,400,62,2026-06-08,1079,978,118,18,Night
4739,8,300,196,2025-11-06,1176,930,89,25,Night
4740,22,534,160,2025-08-14,1188,1173,74,1,Night
4741,2,561,226,2026-04-12,1029,656,106,14,Night
4742,3,378,333,2026-02-27,942,681,95,8,Evening
4743,6,983,55,2026-06-19,987,978,52,16,Morning
4744,24,418,318,2026-06-02,856,685,60,18,Morning
4745,24,644,488,2025-09-09,813,675,83,22,Night
4746,20,87,485,2026-06-08,825,764,74,25,Evening
4747,16,21,471,2025-08-11,945,858,96,16,Night
4748,21,922,59,2025-09-26,871,760,12,15,Night
4749,7,956,275,2025-09-18,991,859,83,7,Night
4750,7,351,438,2026-01-08,906,660,112,17,Morning
4751,13,579,20,2026-02-21,934,627,112,15,Night
4752,1,297,475,2026-06-17,1069,746,62,22,Evening
4753,12,762,472,2026-05-16,1079,713,43,11,Night
4754,15,804,332,2025-11-13,1036,632,41,21,Night
4755,24,443,414,2025-10-31,833,711,33,24,Morning
4756,12,827,287,2025-07-18,907,748,112,2,Night
4757,8,413,194,2026-02-06,805,751,101,17,Night
4758,15,160,436,2025-10-29,841,662,64,17,Night
4759,24,35,210,2025-07-23,868,813,44,4,Night
4760,5,351,13,2026-03-26,894,796,102,0,Night
4761,8,954,202,2026-02-01,1019,722,88,3,Morning
4762,17,436,46,2025-06-25,1105,1040,65,2,Morning
4763,1,195,497,2025-10-12,977,744,43,23,Morning
4764,10,391,122,2025-07-12,882,671,49,0,Morning
4765,6,17,278,2025-11-05,1006,964,111,8,Morning
4766,9,998,312,2025-12-06,966,667,25,2,Morning
4767,2,860,399,2026-03-07,1090,965,70,3,Night
4768,13,652,482,2026-05-10,1034,911,97,17,Morning
4769,23,171,430,2026-03-09,1089,1029,70,11,Night
4770,4,955,318,2026-02-20,1167,1104,52,16,Evening
4771,10,649,115,2025-12-27,979,861,97,4,Evening
4772,25,996,6,2025-10-08,1163,777,49,4,Morning
4773,1,233,270,2025-09-10,1036,685,51,9,Evening
4774,9,136,9,2025-08-23,998,714,39,25,Night
4775,3,647,362,2025-09-22,970,769,25,13,Evening
4776,20,268,404,2026-02-09,924,795,51,6,Evening
4777,2,769,359,2026-02-26,1092,798,102,17,Night
4778,9,638,61,2026-02-06,1166,631,48,11,Evening
4779,18,871,377,2025-10-26,847,721,43,12,Morning
4780,25,691,237,2025-08-21,976,745,44,7,Night
4781,6,253,33,2025-11-18,937,637,21,13,Night
4782,11,301,248,2026-03-04,862,834,92,14,Night
4783,25,733,249,2025-07-30,863,637,105,2,Morning
4784,2,735,429,2026-03-13,1048,868,76,3,Morning
4785,24,863,287,2025-07-31,1115,659,56,25,Night
4786,10,604,12,2026-02-28,1020,750,71,6,Night
4787,25,439,430,2025-08-01,998,806,72,22,Morning
4788,10,99,184,2026-05-20,977,905,19,22,Night
4789,7,101,131,2025-11-17,1050,914,116,9,Evening
4790,3,837,211,2025-12-02,838,669,98,13,Morning
4791,7,678,12,2025-12-21,1074,703,72,22,Morning
4792,17,895,287,2026-05-01,880,657,75,1,Evening
4793,18,164,15,2026-05-09,925,690,80,25,Morning
4794,4,224,58,2025-09-05,1101,899,48,9,Evening
4795,22,568,85,2026-01-05,1037,857,106,0,Morning
4796,5,35,460,2026-05-05,1008,666,111,24,Morning
4797,21,287,226,2025-10-08,871,788,14,5,Night
4798,22,811,279,2025-10-28,1050,854,105,13,Night
4799,1,702,363,2026-06-19,831,772,97,11,Night
4800,24,807,246,2026-01-30,879,793,112,14,Evening
4801,21,35,275,2025-10-31,1013,832,10,11,Night
4802,12,163,393,2025-10-22,1011,676,28,15,Night
4803,23,639,411,2026-06-18,1062,888,5,15,Evening
4804,13,225,273,2025-08-31,877,736,116,25,Evening
4805,5,115,20,2026-05-19,822,739,48,14,Morning
4806,3,489,135,2026-01-25,998,825,41,13,Evening
4807,5,674,91,2026-02-01,1122,907,98,2,Evening
4808,4,725,115,2025-07-07,888,678,57,20,Evening
4809,3,896,457,2025-10-06,924,782,4,6,Night
4810,15,995,448,2026-01-07,1089,950,115,11,Night
4811,18,409,111,2025-08-05,1151,666,20,22,Morning
4812,4,692,419,2025-11-03,991,653,47,25,Night
4813,7,648,491,2025-09-06,975,808,58,3,Night
4814,20,695,446,2025-12-03,1098,785,120,0,Evening
4815,10,803,54,2025-09-08,892,657,71,12,Morning
4816,17,704,369,2025-08-15,1134,763,96,20,Evening
4817,16,324,75,2025-11-21,854,661,77,24,Night
4818,17,711,366,2026-05-16,1099,970,94,13,Evening
4819,24,122,489,2025-12-13,1140,1043,98,17,Night
4820,3,581,481,2025-09-09,1091,848,16,12,Night
4821,8,668,94,2025-09-21,979,790,57,14,Morning
4822,14,555,229,2025-09-25,972,961,22,17,Morning
4823,8,691,161,2026-01-26,1158,862,58,10,Night
4824,15,29,130,2026-06-09,868,760,100,14,Morning
4825,13,856,277,2025-06-22,886,645,54,21,Morning
4826,20,215,404,2025-08-05,960,627,106,14,Night
4827,1,720,400,2025-07-25,1004,892,73,12,Morning
4828,6,52,34,2025-09-26,911,632,70,11,Morning
4829,15,407,116,2026-03-29,916,788,75,16,Morning
4830,15,983,81,2026-05-10,1065,963,55,20,Morning
4831,19,83,165,2025-08-13,1061,993,37,8,Evening
4832,18,244,6,2025-12-12,1136,662,30,15,Morning
4833,17,395,82,2026-03-06,1168,675,59,2,Evening
4834,3,322,84,2026-02-23,940,686,44,12,Morning
4835,10,751,111,2026-05-30,1059,678,63,14,Morning
4836,10,283,33,2025-11-14,1075,782,23,22,Night
4837,2,195,485,2026-02-15,895,610,86,16,Evening
4838,4,192,192,2025-06-22,1045,952,77,10,Morning
4839,14,788,153,2026-01-26,1155,634,88,11,Evening
4840,11,205,198,2025-10-24,873,626,101,20,Morning
4841,4,769,349,2025-08-14,1162,885,39,12,Night
4842,20,853,77,2025-12-07,1109,993,39,11,Morning
4843,11,667,142,2026-01-14,1172,752,48,8,Night
4844,1,994,325,2025-07-16,927,741,119,15,Morning
4845,13,826,313,2025-07-29,814,729,70,22,Evening
4846,10,768,463,2026-06-03,801,764,16,7,Evening
4847,9,550,288,2025-12-14,1075,610,45,5,Evening
4848,6,882,202,2026-04-09,1137,835,66,25,Evening
4849,16,456,460,2025-10-03,834,610,64,0,Evening
4850,13,876,97,2025-07-30,1051,674,35,3,Night
4851,18,905,452,2025-07-05,933,681,25,14,Morning
4852,21,670,135,2026-04-29,834,813,22,9,Evening
4853,5,952,246,2026-05-03,1098,652,107,11,Morning
4854,23,610,190,2025-08-30,841,708,36,6,Morning
4855,14,582,498,2026-05-23,1156,853,98,11,Evening
4856,18,557,352,2025-06-28,925,675,11,6,Night
4857,20,993,496,2026-02-17,1014,650,112,24,Evening
4858,12,119,35,2026-05-19,800,778,33,22,Evening
4859,11,7,469,2026-01-19,873,729,40,1,Evening
4860,12,122,136,2026-05-09,1133,743,104,13,Morning
4861,4,856,440,2026-06-03,1028,935,114,3,Evening
4862,11,185,63,2025-11-12,873,823,29,11,Evening
4863,25,385,59,2025-10-28,851,635,98,13,Evening
4864,20,413,21,2026-03-09,835,814,3,6,Morning
4865,15,735,413,2025-12-31,1019,999,18,4,Evening
4866,7,104,449,2026-03-20,1116,1096,12,2,Night
4867,9,618,379,2026-05-24,1017,965,33,21,Evening
4868,21,512,215,2025-09-01,995,842,69,22,Night
4869,1,699,478,2025-12-03,1102,807,22,2,Morning
4870,14,828,275,2026-03-10,917,916,13,21,Night
4871,12,449,23,2025-12-14,1083,652,109,21,Evening
4872,1,259,392,2025-08-27,1128,921,20,23,Morning
4873,5,854,18,2025-12-13,1030,1002,53,15,Morning
4874,20,479,121,2025-09-29,1157,950,49,17,Morning
4875,20,49,106,2026-02-07,1062,822,4,3,Morning
4876,20,420,283,2026-06-12,874,649,106,3,Evening
4877,23,513,476,2025-12-19,806,682,50,11,Night
4878,17,135,264,2026-04-29,1162,687,72,25,Night
4879,3,463,310,2026-03-17,1033,808,7,3,Evening
4880,22,753,107,2026-03-22,897,712,24,22,Night
4881,24,88,452,2026-03-07,894,811,103,10,Evening
4882,8,715,3,2026-06-11,1105,1073,51,24,Night
4883,2,812,47,2025-09-07,924,816,16,21,Morning
4884,5,472,262,2026-02-05,1189,1109,61,24,Morning
4885,3,6,400,2025-10-21,1190,617,32,18,Evening
4886,9,152,344,2026-06-04,1037,610,63,1,Morning
4887,10,298,473,2026-03-12,823,791,108,13,Evening
4888,23,75,390,2025-06-28,982,756,110,9,Night
4889,2,661,231,2026-01-23,802,601,1,22,Night
4890,4,869,24,2025-09-28,1018,950,2,14,Night
4891,25,968,455,2025-07-11,1126,723,90,15,Evening
4892,25,705,2,2025-08-20,975,723,113,20,Morning
4893,6,234,185,2025-09-04,800,704,70,15,Morning
4894,20,526,47,2025-12-29,852,826,51,10,Morning
4895,3,156,14,2026-01-22,820,683,49,22,Morning
4896,13,573,102,2026-01-20,1013,779,19,16,Night
4897,3,13,328,2025-08-29,924,735,95,25,Evening
4898,8,474,111,2025-07-19,1151,875,16,2,Evening
4899,13,342,370,2026-04-21,1176,944,108,23,Morning
4900,21,345,358,2025-11-11,986,730,2,15,Morning
4901,19,963,497,2025-10-22,941,674,62,3,Evening
4902,1,617,58,2026-05-01,953,621,35,10,Night
4903,3,790,257,2025-08-13,1191,782,114,13,Evening
4904,5,137,256,2026-04-24,1009,888,45,18,Evening
4905,2,446,61,2026-03-01,1180,685,12,3,Evening
4906,18,63,214,2025-06-28,1199,1100,100,21,Evening
4907,21,5,237,2025-07-10,945,855,74,7,Morning
4908,25,52,350,2025-12-04,858,671,111,16,Night
4909,2,259,57,2025-12-13,1156,729,110,6,Night
4910,22,397,316,2026-01-01,838,647,120,5,Morning
4911,5,240,457,2025-10-23,1013,929,53,12,Evening
4912,10,758,136,2026-02-17,861,615,33,22,Evening
4913,16,226,484,2025-06-25,1193,1035,0,0,Evening
4914,12,927,345,2025-11-08,826,819,6,16,Night
4915,14,737,5,2025-11-24,1039,961,78,8,Evening
4916,20,778,346,2025-12-02,1039,757,37,11,Morning
4917,13,576,144,2025-09-12,1025,818,88,11,Morning
4918,15,569,401,2025-11-24,1003,889,53,0,Evening
4919,19,979,247,2026-04-14,903,767,3,22,Morning
4920,13,778,181,2025-09-17,1156,628,103,4,Morning
4921,2,622,446,2026-04-24,817,734,32,7,Night
4922,23,309,487,2026-03-06,1043,1034,33,8,Evening
4923,1,211,77,2026-06-16,1159,748,106,1,Morning
4924,25,162,436,2026-01-16,1060,829,54,3,Evening
4925,25,582,108,2026-01-05,1167,1096,76,24,Night
4926,9,523,275,2025-08-25,1096,685,58,11,Night
4927,14,890,80,2026-03-25,810,608,73,19,Night
4928,24,263,67,2026-06-02,914,869,118,12,Evening
4929,25,357,493,2026-05-09,1063,803,75,3,Evening
4930,22,663,274,2026-05-12,1175,1144,86,23,Morning
4931,19,694,252,2026-03-28,1051,704,81,8,Evening
4932,9,369,493,2026-05-15,937,669,98,0,Evening
4933,25,566,386,2026-02-09,1125,1060,120,11,Morning
4934,13,385,326,2025-08-20,966,848,5,17,Morning
4935,5,590,496,2026-03-10,976,624,82,10,Night
4936,6,189,142,2025-11-23,1083,797,102,14,Morning
4937,25,59,49,2026-06-13,1133,608,56,0,Night
4938,22,706,292,2025-08-15,985,964,33,14,Morning
4939,13,902,150,2025-07-30,947,691,8,21,Night
4940,17,651,200,2026-04-20,980,898,5,18,Evening
4941,8,282,53,2026-04-08,817,635,90,2,Night
4942,21,98,226,2026-03-11,866,757,36,1,Night
4943,9,947,270,2026-01-12,1115,772,50,18,Night
4944,22,852,257,2026-05-13,1057,1018,86,0,Night
4945,25,624,190,2025-11-21,1191,822,116,20,Night
4946,10,352,154,2026-04-02,962,893,66,21,Evening
4947,23,707,346,2026-03-21,1142,715,38,5,Evening
4948,8,143,117,2026-01-26,1066,948,26,10,Evening
4949,11,642,163,2026-02-04,984,906,119,6,Night
4950,10,833,430,2026-05-06,1170,1027,7,1,Morning
4951,18,553,298,2025-12-04,997,842,44,12,Night
4952,9,842,182,2025-09-23,961,622,119,14,Night
4953,20,881,186,2026-02-04,879,718,33,20,Morning
4954,18,812,234,2026-03-20,844,608,1,14,Night
4955,16,851,233,2026-01-17,1052,872,92,17,Morning
4956,15,788,11,2026-02-15,901,609,73,7,Evening
4957,11,46,419,2025-10-21,1178,763,110,8,Evening
4958,23,386,72,2026-04-07,847,626,22,0,Morning
4959,2,250,395,2026-01-06,1189,794,115,12,Night
4960,21,905,227,2026-03-23,998,918,106,1,Evening
4961,24,801,246,2026-01-03,1087,699,41,6,Night
4962,19,505,289,2026-03-01,850,625,36,6,Night
4963,25,3,160,2026-04-17,1178,774,68,9,Night
4964,15,692,369,2026-04-23,886,806,43,17,Night
4965,16,277,393,2026-04-18,884,866,34,14,Night
4966,7,513,363,2025-12-20,815,636,24,17,Morning
4967,4,461,208,2026-01-26,833,827,1,3,Evening
4968,24,612,406,2025-09-10,1168,1102,37,3,Evening
4969,15,735,316,2025-09-03,979,692,39,1,Night
4970,9,291,107,2025-09-29,973,946,102,9,Evening
4971,3,242,407,2025-08-31,889,792,35,7,Morning
4972,7,370,158,2025-07-30,1118,1081,41,8,Morning
4973,25,252,244,2025-07-22,1155,951,11,9,Morning
4974,8,862,183,2026-04-30,1152,769,9,10,Night
4975,24,904,277,2026-03-24,884,640,99,19,Night
4976,22,585,349,2026-03-15,1033,929,19,10,Evening
4977,25,424,67,2026-03-04,875,818,81,18,Night
4978,24,806,429,2025-12-10,1051,1011,44,17,Evening
4979,4,674,10,2025-12-29,1066,725,14,17,Evening
4980,7,402,112,2026-01-16,1108,1007,61,13,Morning
4981,11,249,319,2025-07-10,889,874,93,12,Evening
4982,13,719,495,2026-03-28,952,700,97,6,Night
4983,6,104,380,2026-06-04,840,622,34,23,Night
4984,22,901,444,2026-02-13,887,810,94,4,Night
4985,4,345,224,2025-12-19,1010,686,7,22,Evening
4986,9,182,77,2025-07-10,1056,1019,79,4,Evening
4987,4,377,103,2026-06-20,1123,873,112,1,Morning
4988,15,596,390,2026-05-22,991,974,29,14,Night
4989,13,690,114,2026-04-28,1099,890,32,19,Morning
4990,14,205,400,2026-03-26,1085,993,35,21,Evening
4991,17,776,362,2025-12-15,1067,648,39,24,Night
4992,25,247,372,2025-06-22,1011,730,104,9,Evening
4993,17,856,488,2025-12-05,1187,752,107,16,Evening
4994,10,300,99,2025-11-11,955,850,56,0,Morning
4995,24,542,430,2025-07-25,1119,1101,86,19,Evening
4996,10,150,61,2026-04-29,1090,752,84,14,Morning
4997,9,535,98,2025-10-10,986,704,45,16,Morning
4998,9,249,197,2025-08-25,1162,602,78,6,Night
4999,19,175,148,2025-11-03,1120,792,47,15,Evening
5000,5,713,375,2026-05-22,1018,952,41,0,Morning
5001,24,976,373,2025-10-20,1141,901,36,19,Morning
5002,5,604,56,2026-04-22,1181,1039,89,6,Evening
5003,21,223,500,2025-09-01,889,648,88,7,Evening
5004,10,37,81,2025-07-18,966,752,63,5,Morning
5005,1,831,18,2025-07-27,1165,888,101,6,Evening
5006,10,813,63,2026-03-19,809,701,108,1,Night
5007,20,345,196,2026-04-14,917,842,38,6,Evening
5008,3,185,329,2025-09-10,1176,935,42,17,Morning
5009,21,905,393,2025-12-18,964,844,113,9,Night
5010,9,712,263,2025-08-22,1119,1030,117,0,Evening
5011,2,933,466,2026-01-08,849,635,63,1,Evening
5012,25,391,223,2025-07-16,1047,842,66,11,Evening
5013,24,213,430,2026-06-06,873,752,8,16,Evening
5014,19,127,382,2025-07-07,898,683,100,22,Night
5015,21,794,72,2026-01-13,1029,730,114,23,Morning
5016,17,450,112,2025-08-18,1023,902,52,25,Morning
5017,7,98,227,2025-12-15,871,765,13,3,Night
5018,22,510,115,2026-04-05,986,768,19,17,Evening
5019,15,858,58,2026-06-13,904,802,48,21,Morning
5020,18,608,78,2025-11-10,871,765,20,25,Evening
5021,6,332,368,2026-03-28,884,761,72,10,Night
5022,21,615,469,2025-09-06,969,825,69,21,Night
5023,6,823,236,2026-03-18,1123,636,13,5,Morning
5024,3,504,105,2025-11-27,1193,718,50,14,Evening
5025,9,914,230,2025-08-19,1011,905,109,25,Night
5026,5,752,199,2026-05-18,938,851,82,25,Night
5027,15,295,393,2025-06-26,1078,1061,46,16,Morning
5028,4,181,291,2026-06-01,1194,603,63,25,Morning
5029,4,63,87,2025-10-15,1052,613,94,6,Morning
5030,17,82,434,2025-07-29,1040,868,97,24,Night
5031,3,245,147,2026-03-26,1120,998,59,24,Morning
5032,13,242,188,2026-03-23,955,894,118,7,Night
5033,11,288,500,2026-05-01,1130,876,16,22,Night
5034,2,594,225,2025-08-15,828,736,49,4,Evening
5035,11,256,158,2026-05-01,1185,766,42,23,Evening
5036,14,766,181,2026-01-13,869,700,57,25,Evening
5037,25,789,480,2025-10-24,1044,996,114,15,Morning
5038,18,945,362,2026-01-16,802,603,65,14,Night
5039,23,161,2,2025-08-27,1104,615,45,23,Night
5040,22,391,30,2026-03-19,1152,1014,5,3,Night
5041,18,990,408,2026-03-30,807,665,111,5,Morning
5042,21,721,216,2025-11-13,915,787,28,13,Morning
5043,3,978,41,2026-05-12,1114,845,112,20,Evening
5044,8,755,110,2025-09-28,1136,881,28,11,Morning
5045,18,480,61,2026-01-31,804,792,119,6,Evening
5046,2,378,410,2026-01-18,978,723,20,3,Night
5047,21,785,487,2026-01-15,1113,921,19,20,Morning
5048,8,116,292,2026-05-17,913,856,105,0,Evening
5049,22,67,423,2025-10-09,1040,750,92,20,Night
5050,4,913,443,2025-08-26,972,687,97,15,Morning
5051,13,379,331,2025-08-25,1156,851,109,25,Night
5052,16,753,236,2026-05-28,1089,715,79,0,Morning
5053,22,108,8,2026-01-18,1053,999,66,5,Night
5054,19,734,137,2025-09-17,938,725,102,14,Morning
5055,11,691,51,2025-12-28,810,788,50,0,Morning
5056,15,609,454,2025-10-10,955,903,71,25,Morning
5057,11,783,353,2025-09-06,947,753,92,4,Evening
5058,2,650,421,2026-01-14,819,712,19,5,Evening
5059,9,689,382,2026-02-09,881,604,14,18,Evening
5060,11,112,10,2026-01-19,1157,733,92,5,Night
5061,19,746,330,2026-04-25,1174,671,33,6,Evening
5062,7,79,110,2025-09-24,1103,653,60,8,Morning
5063,16,579,306,2026-04-17,863,812,52,7,Night
5064,20,190,356,2025-11-24,1029,668,110,25,Evening
5065,18,314,408,2026-06-01,1032,676,17,25,Morning
5066,17,749,47,2025-08-04,1165,1025,100,8,Evening
5067,13,24,88,2025-09-04,1117,1112,49,24,Morning
5068,4,409,18,2025-09-08,1186,691,8,10,Evening
5069,4,65,317,2025-08-19,996,709,33,11,Night
5070,19,635,127,2026-03-03,1055,801,16,15,Morning
5071,7,215,333,2025-06-30,1018,858,57,8,Morning
5072,21,674,315,2025-06-23,1007,686,76,6,Evening
5073,1,109,114,2026-05-23,1138,883,75,10,Morning
5074,20,305,228,2026-06-13,1022,879,89,15,Evening
5075,3,906,228,2025-07-13,910,806,86,6,Morning
5076,12,411,214,2025-10-16,1147,832,63,19,Night
5077,12,663,297,2025-10-23,1176,1006,38,12,Morning
5078,8,66,324,2025-11-07,845,822,94,9,Morning
5079,22,726,57,2025-10-01,1178,1001,119,18,Evening
5080,6,720,117,2026-04-29,837,602,109,18,Night
5081,8,84,350,2025-09-03,994,958,114,25,Morning
5082,20,69,205,2026-06-19,1097,908,106,19,Morning
5083,6,850,23,2026-03-11,970,641,75,23,Morning
5084,13,547,300,2025-11-20,1073,925,14,14,Evening
5085,16,959,253,2026-03-09,1042,604,108,3,Night
5086,7,527,352,2026-05-19,1075,752,103,12,Night
5087,2,907,495,2026-03-22,814,673,9,3,Morning
5088,8,35,11,2025-10-29,1176,1145,71,9,Night
5089,5,107,156,2025-06-27,1015,613,115,1,Night
5090,6,664,287,2026-02-06,880,697,47,15,Morning
5091,14,878,78,2025-11-13,1134,1078,113,12,Night
5092,25,335,67,2026-02-10,862,611,64,21,Night
5093,18,685,248,2026-06-07,840,749,55,1,Night
5094,17,943,318,2026-05-21,996,789,100,20,Night
5095,15,936,243,2025-10-25,1188,872,69,17,Morning
5096,21,808,217,2026-03-03,1056,945,107,16,Morning
5097,24,747,287,2026-02-27,941,824,89,1,Night
5098,14,858,216,2026-03-24,812,609,110,11,Evening
5099,19,444,241,2026-06-14,1079,610,43,5,Morning
5100,23,461,135,2026-02-25,947,842,7,9,Night
5101,9,377,497,2025-09-19,995,708,56,17,Morning
5102,10,646,346,2025-06-29,815,674,119,11,Morning
5103,15,84,48,2026-03-03,1056,614,112,11,Night
5104,6,810,200,2025-09-18,845,734,113,19,Evening
5105,21,145,286,2025-09-05,1158,623,22,0,Evening
5106,4,644,218,2026-04-25,870,693,117,12,Night
5107,25,555,195,2025-11-28,917,850,5,2,Night
5108,19,19,232,2026-03-13,1181,854,30,4,Night
5109,10,506,141,2025-10-24,1131,948,119,14,Morning
5110,12,163,235,2025-10-01,1057,778,83,12,Night
5111,2,966,354,2026-04-04,930,702,94,24,Morning
5112,22,24,73,2025-08-21,855,698,113,12,Evening
5113,14,749,270,2025-07-16,1164,855,35,7,Morning
5114,20,303,325,2025-11-09,1103,838,112,10,Night
5115,22,516,359,2025-09-02,1196,867,119,22,Evening
5116,8,110,342,2026-05-18,960,675,28,14,Morning
5117,22,984,434,2025-11-15,844,768,52,9,Morning
5118,16,331,280,2025-11-19,931,739,66,14,Evening
5119,6,443,429,2026-05-18,1144,823,12,8,Morning
5120,5,628,150,2025-11-27,1058,1028,6,21,Night
5121,6,516,245,2025-07-17,894,842,35,17,Evening
5122,10,87,455,2025-10-25,998,906,30,4,Morning
5123,16,28,23,2025-12-08,1187,626,95,3,Morning
5124,3,502,155,2026-03-24,999,665,63,7,Evening
5125,13,965,64,2025-09-05,878,804,95,24,Morning
5126,21,115,45,2026-05-19,1117,626,113,9,Evening
5127,15,918,387,2026-05-19,1166,945,90,12,Morning
5128,22,786,346,2026-01-07,1183,849,96,24,Morning
5129,6,498,185,2025-08-30,1070,936,30,13,Evening
5130,7,738,85,2025-07-02,1107,723,104,24,Night
5131,24,815,255,2026-04-26,807,638,43,0,Morning
5132,21,730,388,2026-05-23,1093,732,17,11,Morning
5133,7,17,204,2025-10-02,928,789,1,2,Night
5134,25,1000,460,2025-11-16,1022,938,99,10,Evening
5135,7,135,248,2025-10-31,1083,752,2,23,Morning
5136,23,911,246,2026-06-03,1043,815,90,15,Evening
5137,6,302,499,2025-11-28,812,604,34,8,Night
5138,4,907,133,2025-10-25,978,897,64,8,Morning
5139,13,687,369,2026-01-17,1085,722,71,14,Night
5140,22,74,363,2025-07-30,918,849,90,9,Night
5141,4,333,288,2026-02-19,1124,693,79,1,Evening
5142,19,191,206,2026-01-22,1061,811,13,5,Evening
5143,25,570,382,2025-12-26,1194,913,104,10,Morning
5144,20,378,115,2025-07-23,1190,731,110,15,Night
5145,12,265,55,2026-01-04,849,787,92,24,Night
5146,22,892,15,2026-03-29,832,766,78,2,Morning
5147,7,788,413,2026-03-02,1128,719,50,6,Morning
5148,19,256,460,2026-01-10,972,810,78,20,Evening
5149,7,682,314,2025-07-23,1110,946,6,23,Night
5150,4,917,344,2026-05-15,882,799,112,2,Night
5151,21,340,388,2026-04-09,1180,743,62,1,Evening
5152,12,19,243,2026-03-02,1021,770,66,19,Evening
5153,3,284,42,2025-10-17,954,612,59,8,Night
5154,11,86,439,2026-02-06,1144,795,24,3,Morning
5155,10,98,199,2026-01-29,883,840,32,0,Morning
5156,15,277,77,2025-11-23,892,880,9,0,Evening
5157,21,554,213,2026-03-18,831,639,88,22,Morning
5158,14,521,178,2026-05-26,1121,635,80,9,Evening
5159,14,949,10,2025-07-26,844,620,41,1,Morning
5160,24,497,220,2025-08-27,934,757,4,5,Night
5161,15,626,305,2026-03-06,1170,1107,10,7,Morning
5162,9,176,215,2025-12-05,1171,1053,111,4,Night
5163,20,493,77,2025-09-24,879,695,28,20,Night
5164,8,689,478,2025-07-03,887,840,96,4,Evening
5165,19,747,401,2025-10-24,860,745,10,10,Morning
5166,9,193,301,2026-03-30,1047,609,71,3,Night
5167,1,768,219,2026-05-05,989,810,90,20,Morning
5168,17,494,62,2025-07-23,1159,1151,64,25,Evening
5169,23,637,55,2026-03-26,814,714,58,19,Morning
5170,25,570,378,2026-02-01,1089,934,32,1,Night
5171,22,455,159,2026-06-11,1088,792,89,17,Evening
5172,24,717,239,2025-08-21,1071,936,38,19,Evening
5173,5,573,239,2025-11-26,1148,1146,65,22,Morning
5174,7,418,300,2025-10-31,1091,987,102,6,Night
5175,6,472,229,2025-10-22,1060,975,107,18,Morning
5176,21,188,142,2026-01-23,1080,785,59,25,Evening
5177,19,230,325,2026-01-17,951,771,87,23,Night
5178,5,295,262,2025-12-08,1000,999,4,11,Night
5179,9,580,85,2025-09-08,929,873,118,0,Night
5180,15,116,267,2026-04-01,1100,691,113,7,Evening
5181,23,541,39,2026-05-28,1149,904,45,2,Evening
5182,10,365,373,2026-06-06,861,840,62,15,Morning
5183,11,467,348,2025-09-04,929,691,109,11,Night
5184,9,924,205,2025-11-26,1069,751,97,11,Night
5185,9,601,361,2025-10-08,1065,1031,15,0,Morning
5186,11,372,29,2025-09-20,1095,858,26,15,Morning
5187,24,799,197,2025-09-25,833,723,104,15,Morning
5188,3,393,221,2026-05-15,907,766,113,21,Morning
5189,18,235,457,2025-12-15,1052,643,79,4,Morning
5190,5,927,373,2026-03-31,837,739,91,25,Evening
5191,15,44,32,2025-10-31,848,836,1,7,Night
5192,8,944,457,2025-07-02,1090,647,111,12,Evening
5193,12,568,345,2025-09-22,1170,1049,3,24,Night
5194,14,384,103,2025-07-11,1131,773,103,19,Night
5195,6,882,156,2025-07-10,886,857,1,9,Morning
5196,18,611,182,2025-11-11,838,722,100,12,Morning
5197,3,662,228,2026-02-09,1070,974,31,25,Night
5198,20,904,336,2025-09-25,1049,709,85,16,Morning
5199,13,696,215,2026-04-05,964,819,110,19,Night
5200,18,64,374,2025-06-29,1164,1151,68,25,Evening
5201,4,256,154,2025-10-27,811,601,106,21,Night
5202,14,597,365,2026-02-26,1098,837,52,7,Night
5203,13,121,92,2025-08-24,946,801,103,20,Evening
5204,9,596,483,2025-07-14,1000,852,15,4,Evening
5205,4,603,132,2025-10-21,839,806,8,18,Night
5206,5,590,256,2025-07-27,1130,717,64,15,Night
5207,18,249,297,2026-05-24,1083,1052,115,0,Morning
5208,4,988,310,2025-11-29,1147,740,58,25,Night
5209,17,388,95,2026-04-12,912,776,52,13,Morning
5210,10,934,289,2026-04-12,918,640,91,5,Morning
5211,2,295,403,2025-10-13,1165,732,91,1,Evening
5212,24,873,52,2026-01-10,1030,646,94,9,Morning
5213,18,92,362,2025-08-14,936,830,80,6,Night
5214,15,916,39,2025-12-30,849,784,105,7,Morning
5215,17,748,424,2025-11-18,864,813,94,15,Morning
5216,13,26,454,2025-07-31,1062,753,48,7,Morning
5217,24,902,353,2026-04-28,811,810,72,6,Night
5218,23,727,243,2025-09-15,1075,850,72,5,Evening
5219,6,216,483,2026-02-21,933,667,18,7,Night
5220,17,644,323,2025-12-13,840,737,101,3,Night
5221,5,529,228,2025-07-16,1139,805,52,1,Evening
5222,23,438,207,2026-01-02,1045,925,27,14,Night
5223,3,964,350,2025-11-28,894,873,102,15,Evening
5224,10,467,165,2025-11-11,980,770,54,5,Morning
5225,5,153,423,2025-11-17,1043,626,105,3,Night
5226,23,303,77,2025-07-24,980,907,10,13,Morning
5227,11,889,327,2025-12-16,1030,862,53,8,Evening
5228,17,97,37,2026-01-05,1002,774,25,18,Morning
5229,25,388,393,2026-03-10,970,951,73,11,Morning
5230,22,767,155,2026-05-04,1177,650,38,24,Morning
5231,23,76,392,2026-03-06,895,716,36,5,Night
5232,24,756,202,2026-01-08,990,671,35,7,Night
5233,20,573,299,2025-06-25,1146,780,63,25,Evening
5234,15,832,200,2025-12-25,1071,661,29,10,Evening
5235,24,957,99,2025-09-14,1134,717,99,19,Morning
5236,6,544,451,2025-08-06,948,820,65,17,Evening
5237,13,129,410,2026-02-11,833,738,93,14,Morning
5238,12,512,84,2026-01-31,801,701,118,17,Night
5239,24,743,117,2025-08-13,1123,1015,29,6,Evening
5240,6,606,92,2026-06-10,824,774,104,8,Morning
5241,17,394,432,2025-08-09,868,781,75,19,Evening
5242,12,685,480,2025-06-28,1152,1123,3,4,Morning
5243,17,548,419,2026-03-17,1123,986,10,22,Night
5244,5,198,270,2026-04-15,1027,635,95,8,Morning
5245,13,31,472,2025-10-21,1015,853,103,10,Morning
5246,14,70,305,2026-05-27,815,639,90,23,Evening
5247,10,901,459,2025-07-29,1037,944,89,10,Morning
5248,9,942,99,2025-07-24,1023,1023,7,16,Night
5249,19,928,289,2025-12-16,1179,659,49,18,Night
5250,16,95,100,2025-07-03,1066,738,74,1,Evening
5251,7,185,149,2025-10-18,853,656,112,25,Morning
5252,12,860,107,2026-03-08,817,649,43,20,Night
5253,15,388,421,2025-12-18,973,664,105,2,Night
5254,2,441,272,2025-10-14,1200,777,13,23,Morning
5255,12,270,111,2026-03-27,1130,755,42,12,Evening
5256,9,875,11,2025-11-27,1091,695,81,10,Evening
5257,2,260,289,2025-10-01,985,686,114,23,Morning
5258,24,914,476,2025-10-18,1060,764,16,5,Evening
5259,6,917,132,2026-06-16,939,695,96,2,Night
5260,22,293,481,2026-02-24,1139,852,37,20,Evening
5261,6,763,129,2025-10-05,1042,770,52,22,Night
5262,20,866,436,2025-12-22,816,679,97,18,Evening
5263,15,226,163,2025-09-06,889,691,6,13,Morning
5264,12,467,374,2025-07-02,1191,793,11,24,Morning
5265,16,705,363,2026-04-27,1112,722,42,6,Evening
5266,10,308,92,2025-08-19,839,745,98,18,Night
5267,6,692,65,2026-05-04,1141,621,90,6,Morning
5268,8,439,317,2026-02-22,1143,1042,96,22,Evening
5269,20,478,233,2026-06-20,1026,1008,99,9,Morning
5270,9,416,308,2026-04-18,1099,901,66,2,Morning
5271,25,942,221,2026-06-07,1175,819,61,23,Evening
5272,12,527,310,2026-04-23,1029,760,25,15,Evening
5273,5,804,179,2025-07-27,843,670,32,21,Evening
5274,3,242,131,2026-05-18,1011,659,112,14,Night
5275,7,564,211,2026-05-27,832,719,40,9,Night
5276,2,729,481,2025-10-22,929,698,57,21,Morning
5277,23,277,305,2026-03-10,1182,741,57,6,Night
5278,10,747,70,2025-12-12,989,611,49,12,Evening
5279,24,567,106,2025-07-08,821,721,108,21,Morning
5280,6,688,481,2026-02-02,992,708,57,15,Night
5281,15,952,500,2025-10-29,993,692,49,5,Night
5282,17,742,99,2026-04-28,1057,667,91,1,Evening
5283,1,963,473,2026-04-27,1149,1017,69,20,Morning
5284,7,552,327,2026-05-12,1147,924,55,7,Evening
5285,1,729,244,2026-04-25,879,854,18,23,Morning
5286,8,235,143,2026-06-17,897,686,66,0,Morning
5287,23,248,433,2026-05-30,978,914,20,4,Evening
5288,24,800,332,2025-11-06,992,781,53,18,Evening
5289,9,454,19,2026-02-21,880,709,48,7,Morning
5290,25,971,120,2025-12-28,907,880,24,25,Evening
5291,23,190,214,2025-07-17,877,615,77,22,Evening
5292,4,946,264,2025-09-16,1066,844,80,21,Night
5293,2,790,463,2026-01-10,1073,619,111,7,Night
5294,12,438,425,2026-03-14,1186,937,79,19,Evening
5295,16,879,451,2026-05-26,911,802,96,12,Morning
5296,2,753,468,2025-09-17,1133,947,67,23,Morning
5297,10,789,231,2025-09-05,946,845,31,11,Night
5298,24,782,70,2026-04-02,935,789,54,7,Night
5299,2,872,436,2025-07-18,905,708,57,3,Morning
5300,18,588,17,2025-09-20,1162,927,42,10,Evening
5301,25,492,39,2026-04-05,1073,600,9,22,Morning
5302,19,95,190,2025-07-04,1077,840,62,18,Evening
5303,2,479,449,2025-09-18,823,724,9,0,Morning
5304,1,126,344,2026-05-19,920,765,10,15,Night
5305,1,263,241,2026-04-05,1014,798,57,23,Night
5306,7,667,6,2026-01-23,1193,1075,11,18,Morning
5307,5,860,185,2026-02-22,944,903,74,12,Night
5308,17,767,23,2025-08-03,898,862,74,3,Night
5309,5,379,425,2026-04-27,1040,762,103,2,Morning
5310,19,343,468,2026-03-17,1188,936,70,0,Evening
5311,18,245,325,2025-11-08,1183,861,78,25,Evening
5312,20,633,179,2026-01-31,885,769,15,16,Evening
5313,11,457,223,2026-02-04,1098,905,43,15,Morning
5314,19,934,334,2026-06-17,1009,883,18,25,Evening
5315,12,171,18,2025-08-29,811,685,27,13,Morning
5316,22,551,27,2026-03-11,1199,1120,119,8,Night
5317,19,331,308,2025-08-09,1085,895,39,11,Night
5318,19,570,220,2025-09-22,816,775,9,23,Morning
5319,8,918,41,2026-01-26,1193,618,61,13,Morning
5320,14,341,252,2026-01-02,824,761,95,21,Morning
5321,13,925,283,2025-09-16,889,739,56,6,Evening
5322,1,388,128,2026-03-27,1118,886,28,25,Evening
5323,2,606,279,2025-12-12,1057,1009,22,16,Night
5324,17,242,204,2025-09-12,809,606,26,8,Morning
5325,13,901,346,2026-06-15,1191,728,48,3,Night
5326,8,278,428,2025-10-12,890,853,36,23,Evening
5327,14,5,84,2026-05-23,1106,1045,84,16,Morning
5328,18,131,243,2025-09-07,1178,835,72,16,Evening
5329,21,466,350,2026-06-12,899,878,105,11,Evening
5330,8,820,382,2026-06-06,1144,1095,91,4,Evening
5331,23,486,195,2026-01-18,1189,1147,108,22,Night
5332,21,813,209,2026-04-26,1032,802,114,7,Evening
5333,22,689,62,2026-06-21,1162,743,10,17,Night
5334,6,923,77,2025-12-31,1114,990,57,19,Morning
5335,25,301,338,2026-01-31,940,877,20,1,Evening
5336,11,159,235,2025-08-22,987,984,38,23,Night
5337,21,112,228,2025-12-02,1141,698,40,0,Evening
5338,1,916,66,2025-09-19,873,817,118,15,Evening
5339,2,249,328,2026-02-02,937,623,91,15,Morning
5340,25,824,400,2025-09-23,1076,708,115,1,Evening
5341,17,701,101,2025-08-13,992,824,18,8,Morning
5342,12,996,205,2026-01-24,1058,861,63,11,Night
5343,7,188,268,2025-08-23,845,746,19,24,Night
5344,25,528,406,2026-03-08,1091,1035,43,16,Morning
5345,2,540,41,2025-09-25,1182,861,32,12,Night
5346,7,195,243,2025-12-17,888,779,76,18,Morning
5347,14,539,500,2026-05-10,1179,768,90,0,Evening
5348,9,221,216,2026-02-01,1041,724,41,1,Night
5349,9,322,324,2025-12-02,868,666,13,12,Night
5350,15,452,472,2025-07-03,900,762,30,21,Morning
5351,1,293,115,2026-03-22,1095,618,54,21,Night
5352,19,385,206,2026-02-26,994,816,82,21,Night
5353,3,162,425,2026-04-16,903,876,18,9,Evening
5354,1,835,420,2026-03-30,849,748,105,20,Night
5355,5,137,24,2025-10-11,922,682,42,15,Morning
5356,9,266,500,2026-06-11,918,887,92,12,Night
5357,25,490,288,2025-08-16,1047,835,56,18,Evening
5358,7,684,394,2025-12-12,1064,766,94,0,Morning
5359,20,979,60,2025-12-25,1152,765,5,15,Evening
5360,16,726,267,2026-04-13,1143,1121,20,9,Morning
5361,19,341,333,2026-05-23,956,700,35,20,Evening
5362,3,182,257,2026-03-15,916,901,71,4,Evening
5363,19,536,288,2026-04-01,1176,992,13,11,Morning
5364,8,325,13,2025-12-29,846,671,8,0,Night
5365,22,936,289,2025-08-17,843,725,15,24,Night
5366,1,853,394,2026-05-12,1004,750,83,24,Morning
5367,19,586,71,2026-03-04,804,738,109,7,Evening
5368,14,648,410,2025-11-24,1046,831,18,4,Night
5369,14,776,486,2026-04-02,1050,986,75,8,Night
5370,16,552,442,2025-06-27,1001,968,22,6,Evening
5371,23,303,278,2025-09-09,822,797,55,25,Evening
5372,20,698,329,2026-03-06,1196,1100,49,22,Night
5373,3,381,461,2026-02-13,864,706,41,1,Evening
5374,8,738,401,2025-10-17,1044,981,13,3,Evening
5375,5,719,34,2025-09-17,1193,1142,47,16,Night
5376,4,977,325,2025-07-28,1166,1137,82,5,Evening
5377,11,433,16,2025-10-14,1162,681,60,14,Night
5378,15,612,469,2026-05-09,1021,701,21,16,Evening
5379,25,890,19,2026-04-13,973,961,12,0,Morning
5380,5,67,321,2026-03-22,878,877,7,19,Evening
5381,10,216,184,2026-03-08,1050,779,110,12,Evening
5382,19,306,200,2026-02-04,907,673,8,11,Morning
5383,4,305,298,2026-01-27,1198,677,56,6,Night
5384,19,706,452,2025-07-28,940,922,41,12,Morning
5385,23,993,302,2025-09-30,1079,840,67,11,Evening
5386,7,329,349,2025-08-16,893,801,63,2,Evening
5387,3,31,327,2025-10-02,803,797,70,11,Morning
5388,22,279,378,2025-12-16,1005,704,114,25,Night
5389,5,439,259,2025-12-09,1142,909,6,22,Night
5390,20,210,163,2026-02-03,1113,973,11,16,Morning
5391,20,169,126,2026-04-10,1054,965,21,8,Night
5392,4,995,85,2026-01-19,942,685,5,2,Evening
5393,5,168,235,2026-02-05,1184,761,68,3,Evening
5394,10,310,310,2026-06-11,840,744,23,25,Night
5395,22,202,189,2026-01-01,1028,1000,103,22,Night
5396,13,30,383,2026-01-24,994,678,46,23,Morning
5397,20,316,324,2026-02-27,1139,660,23,21,Night
5398,13,935,460,2025-09-13,1176,1131,42,25,Morning
5399,2,371,97,2025-11-26,888,715,22,8,Evening
5400,10,58,481,2026-02-11,1087,1031,112,10,Night
5401,25,134,22,2026-04-15,1006,826,10,21,Night
5402,18,188,23,2025-07-12,1024,635,51,18,Night
5403,4,661,345,2025-12-30,1112,736,11,6,Evening
5404,22,921,26,2025-07-24,1064,1059,0,19,Evening
5405,5,888,483,2025-09-02,936,683,28,19,Night
5406,5,112,388,2025-08-21,816,707,114,24,Morning
5407,11,812,211,2025-10-31,957,722,24,0,Evening
5408,24,993,1,2026-05-18,1046,698,12,22,Morning
5409,19,709,442,2026-01-13,810,772,27,21,Morning
5410,16,718,407,2025-09-22,996,847,94,5,Evening
5411,21,563,24,2025-09-22,887,768,68,14,Night
5412,16,249,39,2026-01-20,1036,837,5,1,Evening
5413,7,483,328,2025-07-18,1083,645,71,22,Evening
5414,13,256,412,2026-04-25,1096,1086,38,3,Evening
5415,19,679,316,2025-11-29,1115,692,45,10,Morning
5416,9,733,486,2025-06-24,916,678,32,20,Evening
5417,13,103,24,2026-02-17,974,751,109,11,Evening
5418,15,821,389,2026-03-24,967,917,77,14,Night
5419,25,31,118,2026-06-17,988,689,62,17,Evening
5420,8,961,55,2025-11-28,1111,1066,33,14,Morning
5421,20,972,467,2026-05-12,985,876,104,23,Morning
5422,4,321,416,2025-10-20,1015,960,118,10,Evening
5423,22,932,275,2026-06-07,1059,632,118,22,Morning
5424,6,170,49,2026-06-15,940,627,45,4,Evening
5425,1,243,151,2025-12-14,1100,893,113,21,Evening
5426,7,147,18,2025-08-31,815,678,47,22,Morning
5427,17,195,435,2026-04-17,1173,987,115,2,Evening
5428,23,99,494,2026-01-17,1181,739,73,10,Evening
5429,25,733,125,2026-01-28,1091,813,99,25,Evening
5430,18,73,161,2025-07-29,1085,773,66,25,Morning
5431,9,903,16,2026-05-27,1054,766,77,16,Morning
5432,5,930,479,2026-05-28,817,642,7,15,Night
5433,13,88,145,2025-07-15,852,676,50,5,Night
5434,23,314,454,2025-11-14,1141,851,97,22,Night
5435,7,788,468,2026-01-11,1128,950,105,6,Night
5436,21,936,432,2025-11-14,1039,928,58,12,Night
5437,20,560,106,2025-06-23,968,915,2,25,Morning
5438,8,856,194,2026-06-19,1079,1020,3,2,Night
5439,5,431,170,2025-11-07,828,678,88,24,Evening
5440,16,523,411,2025-11-19,943,739,12,15,Evening
5441,14,357,496,2025-11-06,1005,874,61,14,Morning
5442,1,837,165,2025-11-24,839,761,89,9,Morning
5443,19,84,366,2025-10-23,1190,1064,93,8,Evening
5444,1,512,412,2025-08-20,907,907,24,4,Night
5445,23,303,441,2025-11-17,1155,688,74,16,Night
5446,10,420,430,2025-09-28,975,839,120,10,Night
5447,23,530,128,2025-09-05,1139,660,40,17,Morning
5448,7,60,43,2025-10-11,822,681,62,17,Night
5449,15,638,7,2025-11-26,982,734,2,17,Night
5450,11,616,336,2026-05-12,1143,909,1,15,Morning
5451,16,672,363,2025-08-10,961,806,74,12,Night
5452,20,933,261,2025-10-12,1012,846,79,24,Evening
5453,3,999,363,2025-12-05,1069,763,88,1,Night
5454,3,106,395,2025-10-28,1045,893,32,22,Night
5455,3,830,80,2026-03-22,1080,980,55,4,Morning
5456,7,81,198,2025-09-02,1142,740,22,16,Night
5457,16,246,495,2026-04-12,1159,902,30,19,Morning
5458,17,968,220,2025-08-05,962,936,99,6,Night
5459,1,639,195,2025-11-28,1036,744,107,20,Night
5460,18,981,391,2025-12-10,970,637,2,3,Night
5461,8,183,12,2026-04-08,889,858,62,19,Evening
5462,3,570,471,2026-05-24,863,741,80,12,Evening
5463,9,793,252,2025-09-05,1161,1038,38,6,Evening
5464,9,978,187,2026-05-07,893,689,18,13,Evening
5465,7,368,175,2026-02-03,994,940,11,17,Morning
5466,12,48,307,2025-08-17,969,908,42,9,Night
5467,11,206,322,2026-01-10,944,625,43,10,Night
5468,19,271,400,2025-11-12,957,814,98,11,Morning
5469,14,87,332,2026-04-12,926,854,97,13,Evening
5470,17,271,30,2025-10-04,1182,1167,65,5,Night
5471,3,619,343,2025-07-14,1078,731,27,15,Evening
5472,20,344,377,2025-12-30,1103,967,108,8,Morning
5473,21,515,483,2026-05-30,960,743,109,23,Morning
5474,13,119,257,2026-04-23,1095,992,105,21,Morning
5475,7,631,426,2026-06-09,895,705,71,5,Morning
5476,19,955,101,2026-05-08,888,677,113,11,Evening
5477,19,874,242,2025-11-27,821,612,77,16,Morning
5478,4,238,235,2025-09-13,1114,868,48,24,Morning
5479,3,462,221,2026-01-12,1146,660,65,6,Evening
5480,6,302,233,2026-06-18,841,642,58,17,Evening
5481,24,50,176,2025-09-08,1198,892,62,2,Evening
5482,23,705,227,2025-12-11,1030,706,68,1,Evening
5483,24,368,190,2026-04-10,944,648,92,8,Evening
5484,22,423,125,2025-12-05,813,678,25,24,Morning
5485,24,753,297,2026-01-15,1033,942,119,16,Morning
5486,1,53,52,2026-04-27,1118,847,33,25,Evening
5487,12,34,150,2025-10-28,835,633,69,9,Night
5488,7,565,242,2026-06-02,1166,921,65,14,Night
5489,8,640,316,2025-07-30,835,784,74,8,Evening
5490,1,556,346,2025-09-12,1058,914,109,5,Morning
5491,16,509,161,2025-10-28,986,838,38,0,Evening
5492,12,984,147,2025-12-31,894,855,108,18,Morning
5493,6,125,238,2025-12-03,1146,929,57,5,Morning
5494,9,180,293,2025-11-01,973,848,105,3,Morning
5495,3,377,92,2025-12-01,915,725,48,12,Night
5496,3,57,51,2026-03-23,1168,849,64,23,Morning
5497,9,172,391,2026-05-30,970,779,33,18,Night
5498,4,652,141,2026-05-20,1115,910,54,2,Evening
5499,20,121,232,2025-12-19,1173,664,57,16,Morning
5500,20,533,367,2026-05-01,850,761,66,20,Morning
5501,8,583,447,2026-06-02,1052,932,9,15,Evening
5502,21,956,268,2026-04-21,866,730,2,2,Morning
5503,12,302,96,2025-11-02,909,642,44,18,Morning
5504,12,560,80,2026-01-24,836,756,42,19,Night
5505,16,952,233,2025-09-07,1116,833,2,8,Night
5506,22,108,455,2025-10-28,1093,787,34,25,Evening
5507,9,266,116,2025-08-06,957,923,24,22,Night
5508,3,807,123,2026-01-03,1183,1010,61,7,Night
5509,19,688,240,2025-07-23,1178,620,46,14,Morning
5510,3,295,13,2025-07-03,1102,1099,110,4,Night
5511,25,487,212,2026-01-12,849,680,16,24,Evening
5512,11,669,475,2026-03-18,949,776,115,17,Evening
5513,9,362,3,2026-05-02,1049,960,29,13,Evening
5514,21,440,371,2026-01-18,998,972,25,2,Night
5515,19,979,163,2025-12-11,1021,973,62,3,Morning
5516,8,856,351,2025-08-11,912,849,79,7,Evening
5517,9,767,167,2026-04-15,964,942,5,22,Morning
5518,14,782,255,2025-08-08,1003,788,15,11,Morning
5519,18,377,250,2026-06-04,882,873,62,10,Evening
5520,21,179,77,2026-03-07,1122,646,54,5,Evening
5521,6,828,172,2026-05-07,1189,771,0,19,Evening
5522,17,626,116,2025-10-10,972,859,76,3,Night
5523,22,308,356,2026-04-24,938,787,37,6,Evening
5524,4,850,369,2026-05-04,1143,1055,58,25,Night
5525,17,27,244,2026-04-15,991,735,97,14,Evening
5526,14,727,134,2025-12-25,1197,895,56,5,Morning
5527,1,696,262,2025-12-19,986,666,73,13,Night
5528,1,682,4,2025-07-20,1143,958,78,12,Evening
5529,22,97,63,2026-03-15,983,602,82,9,Evening
5530,2,90,301,2025-10-11,1160,904,86,9,Evening
5531,17,849,437,2026-05-25,946,891,68,20,Morning
5532,22,914,259,2025-08-30,934,819,35,17,Night
5533,14,284,60,2026-06-19,1170,641,65,1,Morning
5534,5,526,444,2025-09-15,1021,928,49,8,Evening
5535,22,235,335,2026-06-09,911,660,53,14,Morning
5536,18,57,55,2026-03-26,1151,1139,70,11,Evening
5537,12,913,364,2026-02-01,1102,1007,27,25,Evening
5538,3,749,48,2025-11-07,970,724,40,6,Evening
5539,23,38,334,2025-12-25,1091,678,90,18,Evening
5540,13,999,450,2025-10-12,1126,1122,94,18,Evening
5541,9,415,30,2026-01-21,1150,1039,51,23,Evening
5542,9,950,170,2025-12-19,905,748,4,10,Evening
5543,14,16,76,2025-10-27,1110,635,78,7,Morning
5544,8,161,461,2025-10-09,982,662,10,1,Night
5545,15,208,266,2025-07-15,903,821,23,20,Night
5546,24,671,106,2026-06-16,1154,1148,49,7,Morning
5547,21,488,180,2025-07-08,1092,796,76,1,Morning
5548,18,743,280,2026-01-11,886,662,105,12,Morning
5549,7,704,41,2025-07-01,883,755,6,19,Night
5550,3,577,500,2026-03-21,897,655,0,20,Night
5551,5,109,370,2025-07-27,1053,1033,12,7,Evening
5552,19,394,11,2025-12-12,1115,631,58,4,Morning
5553,7,604,177,2026-01-14,1026,614,76,23,Evening
5554,18,621,47,2025-07-16,964,684,118,10,Morning
5555,15,934,345,2025-07-05,854,785,94,14,Night
5556,1,453,348,2025-12-13,844,664,81,4,Evening
5557,21,623,259,2025-12-26,982,980,83,5,Night
5558,8,344,261,2026-02-23,1047,746,1,8,Evening
5559,23,884,307,2025-09-22,824,656,27,2,Morning
5560,8,511,254,2025-11-06,891,834,106,23,Morning
5561,15,146,151,2026-05-22,853,679,42,21,Night
5562,23,831,172,2026-05-18,929,605,49,12,Evening
5563,1,695,331,2025-11-30,943,724,10,19,Evening
5564,24,887,87,2026-03-13,901,656,83,6,Morning
5565,24,885,488,2026-06-20,1156,673,28,0,Morning
5566,1,880,99,2025-06-26,1133,1061,20,12,Night
5567,1,167,125,2025-09-16,959,816,49,19,Morning
5568,24,489,88,2026-02-16,1186,730,44,5,Morning
5569,25,137,204,2026-05-13,989,829,7,0,Morning
5570,14,832,101,2026-03-12,992,919,81,8,Morning
5571,21,300,216,2025-07-10,1011,619,17,3,Evening
5572,18,892,241,2025-10-09,1078,932,68,22,Night
5573,16,542,264,2025-08-18,900,853,101,22,Evening
5574,4,895,30,2026-01-26,967,623,53,25,Morning
5575,24,377,227,2026-03-21,1029,970,6,13,Evening
5576,13,692,283,2025-06-27,850,710,116,23,Night
5577,10,495,144,2025-11-05,882,689,0,4,Morning
5578,3,921,272,2026-02-23,982,802,47,3,Night
5579,12,199,196,2025-09-21,852,653,22,10,Evening
5580,5,511,111,2025-09-01,936,913,64,2,Night
5581,13,985,344,2026-04-18,1150,808,0,4,Morning
5582,11,37,180,2025-08-03,1158,877,42,9,Morning
5583,2,685,358,2026-02-12,878,815,35,14,Night
5584,24,778,163,2025-12-28,894,742,94,22,Evening
5585,6,744,451,2026-02-09,901,817,93,0,Evening
5586,6,671,21,2025-10-14,1110,992,45,5,Evening
5587,10,401,20,2025-12-24,1177,703,114,13,Night
5588,18,526,457,2025-07-06,1107,742,36,17,Morning
5589,22,649,272,2026-03-14,1046,880,11,20,Evening
5590,9,845,282,2025-10-07,1019,797,67,3,Night
5591,7,499,289,2025-10-28,803,744,25,11,Night
5592,12,678,52,2025-10-28,1137,902,27,5,Morning
5593,17,783,13,2026-05-06,884,842,120,2,Night
5594,20,695,396,2025-10-31,817,640,78,13,Night
5595,3,85,303,2025-10-26,1096,1082,63,4,Evening
5596,17,998,366,2026-04-20,871,683,66,3,Morning
5597,1,667,152,2026-03-27,885,665,58,18,Morning
5598,14,441,472,2026-03-06,1058,713,55,5,Night
5599,1,385,207,2025-07-14,1131,740,1,21,Morning
5600,7,785,136,2026-05-02,887,868,20,23,Evening
5601,2,209,394,2026-02-22,979,634,49,25,Morning
5602,9,976,111,2025-12-07,950,717,12,4,Night
5603,14,311,185,2025-12-30,1033,733,48,10,Morning
5604,24,475,313,2025-07-11,1193,611,99,19,Evening
5605,23,834,228,2026-04-26,967,907,6,2,Evening
5606,2,695,146,2026-01-17,877,633,75,5,Night
5607,22,916,213,2026-05-09,969,635,116,20,Night
5608,10,146,40,2025-07-20,996,955,43,22,Night
5609,16,355,116,2026-06-10,1133,1014,106,13,Night
5610,15,645,268,2026-01-20,1123,677,75,5,Night
5611,7,854,24,2026-04-06,1140,917,17,10,Morning
5612,19,578,58,2025-11-23,917,893,80,8,Night
5613,8,912,201,2025-12-13,1182,634,56,22,Night
5614,6,273,106,2025-10-07,994,817,101,25,Morning
5615,8,106,266,2025-07-05,1105,1001,37,1,Evening
5616,17,245,426,2025-10-11,976,752,66,12,Morning
5617,2,115,450,2025-07-31,1159,795,86,0,Morning
5618,18,514,425,2026-04-29,1006,773,106,2,Night
5619,8,181,65,2025-11-09,889,753,5,6,Morning
5620,22,574,312,2025-09-14,1116,651,111,4,Morning
5621,25,916,310,2025-12-29,1142,929,71,11,Morning
5622,23,886,468,2026-06-15,1053,753,35,8,Evening
5623,2,153,230,2025-11-18,1126,974,14,21,Morning
5624,14,941,454,2026-05-13,859,719,63,6,Morning
5625,6,340,215,2025-12-11,815,769,103,7,Night
5626,14,846,82,2026-06-03,1051,1017,115,20,Evening
5627,16,301,93,2025-08-12,1046,1028,89,1,Evening
5628,20,305,353,2025-11-15,972,743,8,16,Night
5629,19,203,28,2025-11-02,939,828,27,15,Morning
5630,16,399,312,2026-03-30,920,723,0,18,Evening
5631,23,786,450,2025-07-12,862,839,9,24,Evening
5632,4,858,83,2025-09-21,964,907,104,9,Night
5633,25,51,103,2025-07-29,874,785,79,10,Night
5634,23,56,469,2026-05-15,1052,609,31,19,Evening
5635,17,776,219,2025-07-08,981,770,80,3,Evening
5636,9,658,364,2025-12-13,985,950,95,22,Evening
5637,9,763,366,2026-05-02,811,736,59,24,Evening
5638,14,522,202,2025-09-04,1172,664,102,3,Morning
5639,3,156,335,2026-02-27,939,719,36,12,Evening
5640,5,906,306,2026-01-13,1093,873,85,6,Evening
5641,2,424,340,2025-11-27,1180,970,30,19,Night
5642,24,929,58,2025-09-30,1048,752,2,20,Night
5643,25,235,444,2025-08-15,904,776,79,25,Evening
5644,8,657,304,2026-03-25,1153,855,16,23,Night
5645,12,243,448,2026-03-11,970,811,90,16,Night
5646,3,823,445,2025-08-16,1142,678,26,15,Night
5647,13,666,389,2025-08-03,1123,913,30,24,Evening
5648,2,464,184,2026-03-18,1087,629,107,25,Evening
5649,1,71,301,2026-03-31,1071,889,15,9,Morning
5650,15,120,165,2026-03-13,1160,999,74,11,Night
5651,24,733,461,2026-04-24,998,924,83,17,Night
5652,22,6,234,2026-06-18,1075,811,21,2,Evening
5653,7,556,408,2026-04-30,1118,1097,54,4,Night
5654,14,809,435,2025-12-26,1103,839,110,19,Evening
5655,17,928,335,2025-11-11,1025,678,105,6,Night
5656,2,338,378,2026-02-12,960,926,74,9,Evening
5657,10,907,180,2025-12-17,827,693,89,7,Evening
5658,1,309,219,2026-03-27,1079,1070,13,20,Morning
5659,11,240,330,2026-01-31,1099,900,31,3,Night
5660,23,388,60,2026-04-17,1195,1116,35,15,Night
5661,5,375,454,2025-10-27,1091,737,75,2,Morning
5662,21,444,360,2025-08-04,830,636,0,25,Night
5663,17,93,355,2026-04-09,1122,1102,65,18,Evening
5664,14,482,97,2025-08-03,1073,634,81,9,Night
5665,2,803,286,2025-12-12,822,625,53,24,Night
5666,4,382,320,2025-12-15,802,674,70,5,Morning
5667,24,385,219,2025-11-17,1175,691,58,19,Evening
5668,11,403,164,2025-09-01,1039,844,78,2,Night
5669,17,330,22,2025-10-20,990,928,45,0,Evening
5670,8,927,413,2026-01-16,857,824,37,0,Morning
5671,7,449,194,2026-03-25,1165,1014,2,23,Night
5672,19,681,343,2025-06-24,940,727,77,9,Night
5673,25,317,395,2025-08-19,937,604,69,2,Morning
5674,20,740,230,2026-02-02,820,780,111,4,Night
5675,12,666,371,2026-02-28,1102,1071,118,21,Night
5676,24,504,53,2026-03-25,1063,846,43,23,Evening
5677,16,153,124,2025-10-28,1041,665,3,23,Morning
5678,4,441,275,2025-08-11,949,922,78,10,Evening
5679,19,627,468,2025-12-31,1081,829,113,9,Morning
5680,9,653,357,2025-09-09,1060,1040,26,9,Morning
5681,11,109,159,2025-07-27,1098,908,24,25,Evening
5682,22,249,301,2025-09-05,1182,827,113,2,Night
5683,3,813,26,2026-03-17,1188,672,106,12,Morning
5684,13,860,486,2026-05-02,1182,692,62,12,Night
5685,11,191,126,2026-03-21,1197,1116,70,17,Evening
5686,10,259,168,2026-04-12,807,756,34,21,Evening
5687,16,625,260,2025-08-19,971,837,113,22,Night
5688,7,955,366,2025-12-03,1125,950,3,13,Night
5689,23,887,60,2025-10-28,828,782,78,9,Evening
5690,22,515,175,2026-02-13,1184,845,94,18,Night
5691,21,666,274,2025-12-26,949,755,21,23,Morning
5692,7,482,291,2026-03-11,1173,712,77,1,Night
5693,15,565,405,2026-04-26,1063,933,8,25,Morning
5694,18,19,371,2026-04-06,1049,741,118,15,Morning
5695,9,502,436,2025-09-13,900,645,50,6,Evening
5696,1,406,279,2026-01-09,1131,789,76,23,Morning
5697,21,524,354,2026-02-13,1144,1044,26,1,Night
5698,7,414,59,2026-04-25,977,810,67,24,Morning
5699,5,156,74,2025-08-14,865,829,14,3,Night
5700,8,532,108,2026-05-18,964,843,27,15,Morning
5701,7,159,286,2026-01-20,1181,736,60,25,Evening
5702,19,147,196,2026-02-02,867,624,62,25,Morning
5703,2,519,136,2025-11-19,1063,990,19,14,Morning
5704,16,657,199,2025-09-30,938,882,113,4,Morning
5705,14,872,304,2025-09-18,1116,723,49,8,Night
5706,17,384,95,2025-07-12,858,766,43,19,Night
5707,4,807,106,2026-02-10,1160,979,98,23,Morning
5708,18,174,236,2025-08-24,1053,635,50,11,Night
5709,2,250,346,2025-11-21,1092,819,72,8,Night
5710,23,72,69,2025-09-27,802,638,108,6,Morning
5711,24,425,458,2025-09-05,1057,734,74,1,Night
5712,10,640,218,2025-07-04,1187,987,93,12,Morning
5713,21,884,341,2025-10-21,876,868,85,8,Night
5714,17,270,209,2026-04-20,1132,944,44,13,Night
5715,25,196,464,2026-05-01,885,667,34,0,Evening
5716,6,41,47,2025-10-30,962,817,90,10,Morning
5717,14,530,189,2026-01-02,804,732,96,22,Evening
5718,12,684,415,2026-01-02,930,691,17,16,Morning
5719,4,848,52,2025-11-23,1085,994,84,12,Night
5720,3,299,190,2026-03-31,962,946,41,13,Morning
5721,13,655,364,2026-04-03,1172,1147,18,5,Night
5722,8,684,82,2025-09-03,1120,839,29,14,Night
5723,25,956,356,2026-06-13,975,942,80,25,Night
5724,22,223,201,2026-02-03,1093,967,115,23,Morning
5725,25,978,500,2025-07-05,838,715,31,1,Night
5726,25,792,267,2025-10-04,1171,712,2,21,Night
5727,10,383,371,2026-04-02,941,639,12,9,Morning
5728,24,671,61,2025-10-11,953,891,38,25,Night
5729,8,212,86,2025-11-26,863,774,98,6,Morning
5730,19,342,55,2026-01-06,1194,617,112,21,Morning
5731,15,294,191,2025-07-23,1032,750,105,14,Morning
5732,17,392,180,2026-03-13,1092,908,48,23,Night
5733,20,283,117,2026-06-21,970,715,4,0,Evening
5734,7,399,125,2025-12-16,991,645,98,22,Night
5735,20,703,65,2026-04-21,846,804,74,19,Evening
5736,23,488,123,2026-04-07,1155,937,13,4,Evening
5737,5,539,499,2026-04-18,818,682,84,11,Evening
5738,8,577,311,2025-10-22,864,717,58,3,Evening
5739,9,355,469,2026-03-07,1111,828,49,17,Evening
5740,24,211,302,2025-08-29,856,805,76,11,Night
5741,19,19,226,2026-02-03,1081,644,11,15,Night
5742,7,941,403,2026-02-12,891,698,71,10,Morning
5743,25,14,31,2025-09-18,870,797,28,12,Morning
5744,15,955,433,2025-08-10,844,648,26,10,Evening
5745,16,607,3,2026-05-08,1164,1073,93,18,Morning
5746,2,234,36,2025-07-20,1113,619,39,18,Night
5747,1,907,316,2026-04-15,1142,770,99,22,Evening
5748,3,621,226,2026-03-26,800,728,61,13,Evening
5749,7,47,286,2025-10-30,1155,1105,69,25,Morning
5750,8,215,65,2025-12-10,1011,717,68,24,Evening
5751,20,647,98,2026-01-17,888,667,115,14,Night
5752,1,792,14,2026-02-17,1127,1103,90,10,Evening
5753,10,463,395,2026-05-02,843,835,119,5,Evening
5754,23,43,412,2025-11-24,1120,912,81,2,Evening
5755,6,753,342,2026-04-27,1104,666,16,8,Evening
5756,12,135,211,2025-07-15,1043,763,75,14,Night
5757,5,525,300,2026-06-06,1182,896,54,22,Morning
5758,24,789,109,2025-08-27,879,629,5,4,Morning
5759,23,841,13,2025-08-16,1182,1170,115,16,Morning
5760,15,772,323,2025-10-07,988,701,74,6,Night
5761,12,7,100,2025-11-21,1146,882,5,9,Night
5762,20,656,165,2026-01-09,1136,645,81,21,Night
5763,23,731,65,2025-11-04,968,687,49,10,Evening
5764,8,663,174,2025-09-01,989,970,28,3,Morning
5765,20,82,95,2025-08-17,896,895,102,21,Morning
5766,9,611,35,2026-06-17,957,811,5,0,Night
5767,2,992,296,2025-09-22,1038,902,9,24,Evening
5768,8,954,170,2025-12-24,1095,875,88,21,Night
5769,20,168,245,2025-08-02,1036,715,16,19,Evening
5770,14,817,5,2025-08-06,891,745,81,8,Evening
5771,20,682,339,2026-01-01,960,882,81,0,Morning
5772,16,173,284,2025-08-07,817,716,22,2,Evening
5773,23,276,493,2026-04-25,1128,644,90,3,Evening
5774,1,863,103,2025-09-20,819,780,105,14,Morning
5775,9,912,89,2026-03-09,863,845,91,4,Morning
5776,6,565,276,2026-03-31,998,621,53,19,Evening
5777,7,818,53,2026-03-29,988,811,100,20,Morning
5778,19,788,383,2026-05-14,1181,894,13,18,Night
5779,24,672,374,2026-05-18,1047,801,120,7,Evening
5780,2,221,179,2025-08-04,1122,846,96,24,Morning
5781,15,721,136,2025-12-30,1144,714,15,19,Evening
5782,6,514,395,2025-11-16,824,678,38,20,Morning
5783,14,234,84,2025-10-29,1068,634,80,1,Night
5784,19,498,131,2025-07-16,837,726,51,6,Morning
5785,19,638,460,2025-09-27,1118,628,104,15,Evening
5786,17,11,385,2025-07-23,956,771,95,6,Morning
5787,17,539,332,2026-05-10,1157,946,91,23,Night
5788,10,38,11,2025-12-28,845,606,80,9,Evening
5789,15,881,173,2026-03-29,993,832,104,7,Morning
5790,7,965,148,2025-10-28,862,611,55,18,Night
5791,18,790,293,2026-06-12,1120,1019,110,15,Morning
5792,20,429,11,2026-05-15,1075,817,107,25,Night
5793,4,486,83,2026-04-26,953,876,40,16,Morning
5794,17,441,122,2025-08-01,947,923,96,12,Morning
5795,22,414,330,2025-11-24,918,831,108,24,Evening
5796,15,937,321,2026-02-24,1199,600,48,12,Morning
5797,25,141,179,2026-03-20,896,665,57,9,Night
5798,13,908,45,2025-12-10,1012,839,118,3,Evening
5799,5,413,44,2026-02-13,818,796,24,12,Morning
5800,10,788,266,2026-05-08,1187,759,12,8,Morning
5801,15,233,61,2026-03-14,945,699,41,25,Night
5802,6,959,62,2025-07-14,888,886,110,21,Evening
5803,9,199,188,2026-01-29,1020,845,9,4,Night
5804,4,546,24,2025-10-07,818,736,115,12,Morning
5805,10,294,364,2025-10-23,1113,891,1,19,Evening
5806,25,617,482,2026-01-18,952,795,111,0,Morning
5807,15,746,112,2025-11-23,1038,670,16,25,Evening
5808,15,398,45,2025-09-28,906,720,35,16,Evening
5809,21,13,480,2025-08-16,999,772,1,16,Night
5810,12,963,463,2025-08-05,903,759,77,25,Night
5811,25,441,130,2026-05-20,812,632,19,13,Night
5812,20,142,484,2026-06-15,953,734,94,20,Evening
5813,16,591,493,2025-11-05,988,888,31,0,Morning
5814,4,563,69,2026-01-10,957,689,86,11,Evening
5815,8,820,63,2025-11-10,1196,1083,113,12,Evening
5816,2,447,292,2025-09-14,1190,992,48,0,Evening
5817,1,788,237,2025-08-02,903,720,112,1,Morning
5818,18,344,108,2026-01-30,843,782,48,0,Morning
5819,21,300,245,2025-12-11,1144,800,4,7,Evening
5820,15,293,302,2026-02-12,950,948,12,7,Evening
5821,15,827,226,2026-01-11,1189,846,107,25,Morning
5822,24,881,347,2026-03-01,916,610,106,13,Morning
5823,17,887,487,2026-02-26,976,853,29,4,Night
5824,14,289,252,2026-02-15,904,683,1,9,Night
5825,11,51,395,2025-07-22,807,675,86,21,Morning
5826,16,167,61,2026-05-31,845,661,45,20,Night
5827,4,169,224,2026-05-20,1015,627,97,17,Night
5828,7,652,45,2025-06-25,854,689,16,17,Night
5829,13,476,37,2026-03-21,944,876,103,6,Morning
5830,8,901,289,2026-01-27,1079,866,55,19,Morning
5831,21,27,255,2025-07-09,1134,1044,57,15,Night
5832,17,471,398,2026-01-03,1161,1159,78,17,Night
5833,5,190,19,2026-04-22,876,629,114,21,Morning
5834,16,106,439,2025-10-30,1098,1010,60,23,Evening
5835,8,561,163,2025-08-03,845,812,45,13,Night
5836,7,256,395,2025-10-04,896,646,5,4,Night
5837,8,923,377,2025-07-22,1082,764,72,24,Morning
5838,7,222,380,2026-02-07,854,690,75,4,Morning
5839,13,760,289,2025-12-15,894,762,117,5,Evening
5840,5,736,418,2026-01-13,1088,1017,13,17,Morning
5841,5,134,211,2025-11-07,968,631,63,2,Morning
5842,1,134,20,2026-04-16,938,780,36,16,Evening
5843,15,188,257,2025-07-03,889,633,57,7,Morning
5844,7,530,184,2026-04-23,864,682,26,8,Morning
5845,6,19,168,2026-05-21,881,822,93,8,Evening
5846,5,354,266,2025-08-08,834,763,68,8,Night
5847,14,834,304,2025-10-27,1071,920,59,7,Morning
5848,1,669,316,2025-11-13,1044,909,72,18,Morning
5849,4,964,157,2026-02-22,1184,804,95,19,Night
5850,10,754,207,2026-02-21,937,665,65,25,Morning
5851,19,26,236,2025-12-01,808,805,32,13,Morning
5852,18,949,216,2026-05-14,1135,960,93,8,Evening
5853,14,615,198,2025-06-22,915,849,116,17,Morning
5854,24,26,14,2025-10-09,878,632,0,5,Night
5855,20,224,190,2025-08-02,1138,1085,46,24,Morning
5856,24,668,156,2026-05-31,969,868,21,22,Night
5857,7,278,414,2025-08-12,1164,916,105,2,Evening
5858,9,564,19,2026-05-31,1000,851,84,10,Morning
5859,5,146,446,2025-07-02,1015,910,111,19,Night
5860,13,972,405,2025-07-24,961,663,83,12,Morning
5861,21,339,359,2025-12-11,1065,616,71,11,Evening
5862,17,580,316,2025-10-07,864,850,117,5,Night
5863,18,393,76,2025-12-03,1015,647,20,4,Morning
5864,17,485,491,2025-08-31,867,821,9,17,Morning
5865,13,749,352,2026-02-06,1016,893,4,20,Night
5866,1,636,270,2026-02-20,930,915,60,2,Morning
5867,5,464,317,2025-09-11,854,710,86,2,Morning
5868,25,905,487,2025-08-11,1030,764,30,17,Morning
5869,18,958,85,2025-10-13,1011,624,15,25,Night
5870,13,223,40,2025-12-01,828,743,11,20,Morning
5871,24,967,358,2026-02-28,890,783,22,0,Night
5872,4,125,462,2025-07-15,1106,857,101,4,Night
5873,25,725,450,2026-05-17,1068,845,34,0,Morning
5874,3,477,359,2025-12-11,905,889,77,19,Night
5875,5,689,438,2026-02-23,1148,804,11,11,Night
5876,18,339,418,2025-11-21,1085,765,86,25,Evening
5877,8,95,357,2025-12-19,854,799,18,23,Morning
5878,25,167,188,2025-12-17,1021,648,53,13,Night
5879,20,676,355,2026-01-31,927,850,113,11,Evening
5880,11,732,43,2026-02-16,1062,914,83,13,Evening
5881,22,367,332,2025-12-21,833,789,42,19,Night
5882,22,891,421,2025-07-31,914,759,101,19,Morning
5883,11,751,251,2025-10-25,1133,878,73,17,Morning
5884,9,250,365,2026-02-13,1056,938,75,5,Morning
5885,24,726,199,2025-10-27,825,752,29,10,Evening
5886,24,277,34,2026-04-17,908,786,79,8,Night
5887,16,745,234,2025-10-04,1096,1035,43,4,Morning
5888,22,932,347,2026-06-17,864,606,85,7,Evening
5889,14,180,227,2026-05-25,1178,838,34,4,Morning
5890,8,758,50,2025-10-09,1091,957,93,19,Evening
5891,13,288,103,2025-07-29,832,651,79,19,Night
5892,20,674,56,2026-03-10,905,895,116,8,Evening
5893,1,2,204,2026-04-24,844,613,115,10,Evening
5894,7,844,47,2026-01-21,924,775,101,10,Morning
5895,16,455,393,2025-10-15,1034,758,75,6,Evening
5896,17,840,344,2025-12-23,1015,956,29,4,Morning
5897,1,411,172,2025-08-05,832,770,86,20,Morning
5898,2,489,48,2026-03-15,1038,635,98,10,Morning
5899,12,519,355,2025-08-20,805,802,40,19,Night
5900,8,34,157,2025-07-05,1093,818,78,11,Night
5901,1,500,225,2025-11-15,1166,974,48,23,Evening
5902,7,671,353,2026-03-21,1035,951,32,7,Morning
5903,6,145,320,2026-01-17,900,840,1,12,Night
5904,6,918,493,2026-02-16,824,619,99,21,Night
5905,5,746,203,2025-11-16,1038,713,86,10,Evening
5906,13,826,241,2026-02-07,955,659,93,23,Morning
5907,4,75,246,2025-10-12,1021,687,26,13,Evening
5908,13,218,253,2026-04-21,950,875,30,24,Morning
5909,11,495,72,2026-04-28,837,703,75,10,Morning
5910,15,739,338,2025-12-05,901,609,12,17,Night
5911,13,18,121,2025-09-24,1030,892,11,14,Evening
5912,16,931,192,2026-01-25,901,883,118,7,Night
5913,16,293,265,2025-12-13,1069,692,119,20,Night
5914,1,354,326,2026-06-19,1095,883,11,4,Evening
5915,19,623,252,2025-07-06,1001,885,68,23,Morning
5916,21,10,173,2025-12-24,1033,819,52,0,Morning
5917,9,756,350,2026-01-16,942,841,78,3,Night
5918,16,774,90,2026-02-14,1190,1097,32,19,Night
5919,14,933,372,2026-05-08,837,668,15,21,Evening
5920,14,127,449,2026-05-13,929,735,19,9,Evening
5921,21,47,336,2026-03-27,853,631,5,24,Evening
5922,18,244,212,2025-08-01,805,608,70,18,Morning
5923,23,896,414,2026-03-08,1013,957,27,21,Evening
5924,19,355,170,2025-06-21,1185,1089,112,14,Night
5925,4,718,450,2025-11-13,832,809,11,19,Evening
5926,20,569,448,2025-08-29,1016,695,67,21,Evening
5927,24,636,278,2025-11-17,866,643,77,20,Night
5928,24,244,423,2025-08-07,1164,1120,111,6,Night
5929,5,239,147,2026-05-14,947,603,115,7,Night
5930,14,689,175,2025-11-11,1113,726,32,4,Evening
5931,12,267,329,2025-12-24,1079,995,98,6,Evening
5932,17,930,43,2025-09-22,1033,763,117,5,Morning
5933,12,610,32,2026-01-17,1065,1043,107,20,Evening
5934,1,365,322,2026-05-16,875,614,79,9,Night
5935,18,819,135,2026-01-21,1074,955,16,1,Evening
5936,5,561,342,2025-12-05,984,651,103,11,Night
5937,15,579,284,2026-01-02,1005,796,66,19,Evening
5938,20,557,199,2026-01-12,1114,694,23,15,Night
5939,12,983,75,2025-07-20,1162,718,68,4,Evening
5940,8,206,6,2026-03-31,1016,993,73,12,Night
5941,9,669,37,2026-03-19,840,762,51,11,Night
5942,19,861,409,2025-06-25,974,841,23,8,Evening
5943,10,364,298,2026-04-25,1134,782,119,13,Night
5944,19,65,36,2026-05-16,1062,644,17,11,Night
5945,12,701,275,2025-11-15,1177,911,80,1,Night
5946,7,798,198,2026-05-23,819,799,120,8,Night
5947,21,360,254,2025-09-04,998,962,56,17,Evening
5948,10,588,354,2026-05-15,1105,715,25,9,Morning
5949,25,126,95,2025-08-09,1067,1066,78,6,Night
5950,3,365,436,2025-08-17,1117,1058,57,2,Morning
5951,7,905,97,2026-05-12,886,645,34,23,Night
5952,13,631,388,2025-11-18,980,646,73,18,Night
5953,17,896,372,2026-05-08,952,773,76,17,Evening
5954,2,713,401,2025-07-20,1047,669,56,3,Morning
5955,4,375,372,2025-08-10,865,650,107,20,Night
5956,20,434,457,2026-06-05,933,745,77,12,Morning
5957,5,986,40,2025-12-24,909,612,67,9,Night
5958,25,63,111,2025-07-24,805,776,79,2,Night
5959,7,828,491,2025-12-15,1096,670,17,25,Night
5960,3,534,217,2026-02-01,898,863,70,21,Evening
5961,12,261,36,2026-03-31,858,736,38,1,Night
5962,18,159,114,2026-05-03,967,730,67,19,Evening
5963,16,935,197,2026-01-19,954,781,3,17,Night
5964,1,654,379,2026-06-13,1028,886,78,13,Night
5965,19,474,283,2026-03-02,1036,608,94,21,Morning
5966,24,137,149,2025-08-16,998,929,42,21,Morning
5967,25,17,447,2025-07-13,1078,849,29,0,Evening
5968,20,699,112,2025-10-14,949,812,111,16,Evening
5969,5,574,318,2026-06-02,994,622,113,10,Night
5970,14,174,197,2025-08-10,1039,950,50,16,Evening
5971,6,580,325,2026-06-21,1059,623,81,3,Morning
5972,10,531,28,2026-04-06,1134,995,59,7,Night
5973,8,583,271,2026-01-12,909,807,62,11,Evening
5974,14,747,317,2025-12-14,957,837,20,24,Morning
5975,12,5,96,2025-11-13,1192,664,59,12,Night
5976,18,155,195,2025-12-20,973,757,1,14,Morning
5977,24,16,100,2026-06-08,994,951,36,13,Night
5978,21,618,193,2026-02-03,890,864,68,21,Evening
5979,20,934,113,2025-06-30,1171,630,81,8,Evening
5980,24,241,151,2026-06-04,1175,801,11,12,Night
5981,14,577,24,2026-04-20,1131,618,72,14,Night
5982,6,260,49,2025-06-29,1047,885,13,15,Night
5983,24,989,456,2025-12-02,1006,882,17,19,Evening
5984,23,161,216,2026-01-23,920,900,117,6,Evening
5985,10,392,445,2025-12-19,1188,753,13,18,Morning
5986,13,933,12,2026-05-10,870,839,46,17,Morning
5987,3,234,493,2026-06-14,1068,1013,4,9,Evening
5988,13,676,237,2025-09-30,854,836,55,22,Morning
5989,8,112,93,2025-12-19,822,746,45,19,Evening
5990,3,726,462,2025-07-31,828,710,48,9,Evening
5991,24,817,355,2025-10-22,1154,1082,61,25,Morning
5992,18,710,200,2025-08-08,1013,750,117,12,Morning
5993,19,48,451,2025-08-08,1052,644,52,0,Evening
5994,20,912,120,2026-02-08,1074,812,13,13,Evening
5995,5,396,334,2025-07-11,1170,879,21,17,Night
5996,15,449,154,2026-04-29,1194,657,71,8,Morning
5997,1,286,158,2025-11-17,948,702,92,1,Morning
5998,17,466,58,2025-10-06,1003,964,41,25,Night
5999,22,946,358,2026-04-04,1095,936,54,21,Evening
6000,15,845,374,2025-10-30,880,636,64,15,Night
6001,19,905,281,2025-12-30,1166,905,87,22,Evening
6002,25,456,384,2025-11-21,1149,1057,72,17,Night
6003,9,241,381,2026-02-17,1028,833,76,7,Evening
6004,14,233,39,2026-06-01,1037,653,78,11,Evening
6005,12,853,201,2025-12-15,1106,1046,45,17,Evening
6006,6,443,374,2025-11-30,1186,623,85,2,Morning
6007,6,344,119,2025-10-11,1143,611,38,3,Night
6008,4,267,372,2025-09-28,1112,656,45,2,Night
6009,11,749,436,2025-06-24,1177,633,8,8,Night
6010,4,881,481,2025-07-29,1107,968,53,3,Morning
6011,9,962,28,2025-08-31,1092,727,69,24,Morning
6012,18,286,325,2026-04-22,1110,819,13,14,Morning
6013,22,660,217,2025-09-13,924,650,108,15,Morning
6014,14,294,87,2026-01-03,885,714,117,8,Evening
6015,17,897,244,2025-12-28,838,706,62,25,Night
6016,4,862,500,2026-05-14,1111,1034,90,17,Evening
6017,16,141,234,2026-06-08,1015,897,8,22,Evening
6018,8,536,277,2026-03-16,1033,735,45,22,Night
6019,16,310,107,2026-05-14,939,736,100,16,Morning
6020,4,894,172,2025-06-24,1055,669,20,13,Morning
6021,22,917,66,2026-01-23,831,775,116,22,Morning
6022,2,675,423,2025-12-28,1089,862,106,6,Evening
6023,3,128,311,2025-12-18,1148,659,82,9,Evening
6024,14,1,448,2025-08-12,938,804,104,15,Evening
6025,17,829,347,2026-01-06,954,825,78,25,Evening
6026,20,23,160,2026-05-04,980,916,29,17,Morning
6027,2,783,357,2025-09-04,1142,609,105,22,Morning
6028,12,552,169,2025-12-24,868,622,38,13,Evening
6029,16,915,250,2025-12-12,804,782,71,14,Morning
6030,2,388,43,2025-08-18,1069,1038,73,9,Night
6031,8,442,94,2025-06-28,832,656,75,12,Evening
6032,4,363,240,2025-12-31,863,736,25,19,Morning
6033,25,173,170,2025-07-14,1186,693,23,15,Night
6034,24,499,25,2026-01-30,815,609,77,10,Morning
6035,1,377,27,2026-05-23,870,768,33,20,Night
6036,8,571,161,2025-07-16,945,810,54,15,Morning
6037,10,845,473,2025-12-03,1171,675,72,15,Evening
6038,19,778,303,2025-08-12,1036,973,49,9,Night
6039,7,822,152,2025-08-04,1145,770,17,23,Evening
6040,6,988,497,2026-05-21,1062,1033,14,19,Morning
6041,12,149,174,2026-02-16,912,631,23,0,Morning
6042,9,734,119,2026-02-21,807,648,117,9,Morning
6043,20,456,78,2025-12-15,980,829,91,11,Morning
6044,12,321,279,2026-03-27,924,816,94,24,Night
6045,24,433,432,2025-11-07,858,809,106,5,Morning
6046,3,619,106,2025-09-15,857,696,36,25,Evening
6047,8,800,90,2025-09-17,1081,715,73,6,Night
6048,25,957,360,2025-09-07,1099,925,117,13,Morning
6049,1,851,35,2025-09-22,893,802,110,6,Morning
6050,15,721,387,2026-04-27,1163,1161,75,23,Morning
6051,22,136,93,2026-05-18,983,808,16,12,Evening
6052,18,369,449,2026-02-21,859,714,31,21,Evening
6053,7,789,79,2026-02-19,1105,1005,97,4,Evening
6054,3,698,198,2025-10-21,1031,800,60,8,Evening
6055,24,122,76,2025-11-16,822,693,11,2,Evening
6056,11,265,181,2026-04-01,1072,740,29,23,Night
6057,3,381,15,2026-01-30,1010,891,3,2,Evening
6058,11,473,283,2025-08-30,1143,1120,32,21,Night
6059,18,7,330,2026-04-13,908,604,76,7,Night
6060,19,358,380,2026-03-04,878,684,28,19,Evening
6061,4,368,416,2025-07-28,1186,1075,44,21,Evening
6062,22,874,396,2025-10-14,1113,782,37,4,Morning
6063,23,751,148,2025-07-12,1114,1108,13,5,Evening
6064,7,801,230,2025-10-12,1124,889,52,15,Night
6065,3,640,319,2025-07-26,1048,1001,96,5,Evening
6066,12,522,365,2026-03-02,986,755,18,3,Evening
6067,21,153,315,2025-09-16,824,709,15,23,Morning
6068,7,302,401,2026-04-14,950,712,5,3,Night
6069,25,946,426,2025-11-21,832,755,93,0,Evening
6070,9,848,81,2025-10-01,1015,816,96,23,Morning
6071,11,162,29,2025-10-24,1102,689,111,10,Night
6072,3,751,169,2025-08-18,1180,1026,11,13,Evening
6073,5,8,103,2026-06-09,869,794,91,13,Morning
6074,20,255,94,2026-02-19,848,656,93,3,Evening
6075,13,907,421,2026-03-07,818,680,25,11,Morning
6076,24,504,105,2026-04-23,961,786,113,18,Night
6077,19,710,223,2026-02-14,1191,837,97,14,Morning
6078,18,167,252,2025-08-11,1081,1022,15,13,Morning
6079,24,387,181,2025-11-28,1045,735,87,12,Night
6080,4,918,153,2025-11-03,1014,930,32,20,Night
6081,1,158,466,2025-08-18,812,636,12,21,Night
6082,14,475,461,2026-04-14,962,645,58,10,Evening
6083,21,788,75,2026-01-16,1009,912,81,1,Evening
6084,25,42,43,2025-07-13,810,776,6,11,Evening
6085,15,883,12,2025-06-27,862,727,115,7,Night
6086,17,830,61,2026-01-26,995,743,112,13,Morning
6087,15,316,358,2026-01-28,957,804,85,14,Morning
6088,3,774,119,2026-05-06,1126,862,104,1,Evening
6089,25,855,358,2025-09-10,960,925,100,13,Night
6090,17,383,302,2026-04-26,930,745,106,25,Morning
6091,23,218,305,2025-06-23,829,769,86,2,Night
6092,21,114,135,2025-08-30,814,647,87,18,Morning
6093,14,270,93,2025-08-12,978,614,16,16,Evening
6094,14,653,401,2025-09-04,1158,791,20,7,Night
6095,14,399,302,2026-03-10,1097,644,28,6,Morning
6096,8,482,125,2025-12-11,1015,741,14,0,Evening
6097,21,900,293,2025-11-08,993,808,117,6,Evening
6098,3,713,119,2025-11-28,1120,1103,73,0,Morning
6099,17,700,494,2026-06-14,1022,716,19,14,Night
6100,14,564,254,2025-09-10,1038,813,112,25,Night
6101,23,221,236,2025-08-28,1039,758,87,12,Morning
6102,20,492,386,2026-03-04,1050,820,40,17,Evening
6103,17,10,243,2025-09-18,1162,970,120,17,Morning
6104,20,803,179,2026-05-02,928,669,58,12,Morning
6105,9,291,305,2026-03-25,969,748,45,7,Evening
6106,25,736,394,2025-11-29,806,602,97,9,Morning
6107,2,890,128,2026-03-31,1098,777,39,18,Morning
6108,16,404,83,2025-10-16,953,666,44,14,Morning
6109,20,101,193,2026-01-18,1160,993,98,21,Night
6110,12,371,165,2026-03-16,841,771,76,24,Evening
6111,23,601,452,2025-11-15,800,646,0,16,Morning
6112,11,743,454,2025-06-30,1189,636,111,21,Morning
6113,15,615,133,2026-05-07,1061,713,18,11,Night
6114,2,658,182,2025-11-27,869,736,87,5,Morning
6115,5,55,307,2026-06-12,1012,894,60,6,Evening
6116,23,450,29,2026-03-21,963,774,70,8,Night
6117,20,699,239,2025-06-26,976,699,81,4,Night
6118,17,947,346,2026-04-05,1113,844,91,17,Night
6119,24,600,494,2026-06-21,1080,878,111,11,Morning
6120,17,353,456,2026-04-29,1103,748,58,13,Evening
6121,17,477,364,2025-10-28,903,621,65,0,Morning
6122,10,688,190,2026-02-09,1007,892,7,23,Evening
6123,10,72,176,2026-01-14,961,795,44,6,Morning
6124,23,736,372,2026-03-07,872,611,94,20,Morning
6125,13,467,472,2025-07-11,868,638,105,11,Morning
6126,16,159,238,2026-05-29,1033,709,65,1,Night
6127,13,141,287,2025-08-27,1072,705,92,11,Night
6128,16,658,466,2026-06-04,888,657,118,4,Night
6129,9,723,425,2026-01-24,1017,832,22,5,Night
6130,20,258,438,2025-11-17,994,925,50,16,Morning
6131,2,934,257,2025-10-02,1200,1066,8,15,Night
6132,18,207,274,2025-11-07,1004,872,2,20,Evening
6133,7,484,410,2026-06-03,814,677,46,8,Morning
6134,2,225,45,2025-09-16,1124,670,20,1,Morning
6135,7,419,418,2025-07-21,1178,945,46,24,Morning
6136,23,765,441,2026-03-05,1066,748,5,4,Evening
6137,6,467,90,2026-01-10,1025,903,30,15,Evening
6138,6,23,298,2025-11-20,811,775,108,19,Night
6139,11,301,14,2025-11-07,858,668,65,8,Night
6140,1,429,495,2025-06-24,1085,807,3,9,Evening
6141,19,367,242,2026-05-24,1137,787,24,1,Evening
6142,2,794,339,2026-05-20,1113,880,15,0,Night
6143,12,244,276,2026-03-20,954,771,3,24,Evening
6144,1,273,73,2026-06-09,806,663,79,10,Morning
6145,14,59,247,2025-12-22,1110,787,76,7,Morning
6146,12,988,316,2026-01-06,842,672,37,10,Night
6147,8,806,219,2026-02-13,1063,603,74,25,Evening
6148,18,83,38,2026-06-03,949,630,59,10,Morning
6149,25,326,123,2026-06-20,1052,930,119,2,Night
6150,12,758,195,2025-08-01,1075,622,108,13,Morning
6151,21,491,403,2026-05-06,1083,621,65,21,Night
6152,12,33,120,2025-09-10,1109,996,102,22,Night
6153,15,53,222,2025-11-17,1090,659,112,14,Morning
6154,19,655,33,2025-07-27,820,687,101,2,Morning
6155,20,88,122,2026-01-11,996,946,3,7,Night
6156,15,858,489,2026-05-23,979,660,96,0,Night
6157,2,941,433,2025-11-05,1002,885,89,4,Morning
6158,12,957,477,2026-03-05,1100,1100,118,21,Night
6159,11,346,81,2025-08-03,996,992,20,5,Evening
6160,14,501,304,2026-02-10,1079,829,76,4,Night
6161,6,243,69,2025-09-27,876,848,49,17,Morning
6162,12,737,379,2026-06-09,803,647,82,15,Night
6163,7,469,412,2026-03-05,1089,685,0,19,Night
6164,13,773,365,2026-02-19,817,717,61,12,Evening
6165,20,59,154,2026-06-17,1034,946,105,1,Evening
6166,8,844,36,2025-09-26,1101,1055,116,4,Evening
6167,4,868,344,2025-10-08,1086,850,83,1,Evening
6168,6,312,140,2026-02-16,882,723,94,2,Night
6169,18,406,297,2025-08-11,1078,1041,40,11,Night
6170,3,360,83,2026-02-27,845,705,15,5,Night
6171,14,826,78,2026-04-25,1162,698,8,17,Morning
6172,8,61,338,2026-03-20,1170,898,14,1,Evening
6173,8,276,164,2026-02-15,1185,902,119,2,Morning
6174,2,400,297,2025-10-23,938,758,100,12,Morning
6175,25,548,392,2026-04-14,972,944,99,5,Night
6176,7,309,389,2025-12-24,966,873,94,1,Night
6177,9,74,370,2026-04-29,913,869,72,8,Evening
6178,13,317,317,2026-02-17,842,820,58,15,Evening
6179,9,998,325,2025-12-23,1055,629,36,24,Night
6180,4,509,466,2025-06-27,1044,787,29,13,Morning
6181,10,767,334,2026-01-15,823,784,36,1,Night
6182,5,75,222,2025-10-13,989,935,91,0,Evening
6183,12,131,177,2026-06-19,948,931,49,1,Night
6184,10,909,196,2025-07-24,1127,721,88,20,Night
6185,3,200,5,2026-06-17,1021,832,66,24,Evening
6186,25,190,318,2026-03-18,872,639,1,25,Morning
6187,23,986,432,2026-03-22,1121,645,83,25,Morning
6188,20,497,300,2025-08-09,1012,921,81,24,Evening
6189,8,65,279,2025-11-12,1200,775,19,4,Morning
6190,23,286,174,2025-07-10,967,682,58,23,Morning
6191,23,731,310,2026-03-15,899,818,38,0,Evening
6192,21,296,486,2025-06-27,974,786,39,24,Evening
6193,10,474,222,2026-02-16,1008,986,51,3,Morning
6194,10,863,54,2026-04-14,1121,956,28,20,Night
6195,17,141,205,2026-06-15,916,758,2,5,Night
6196,17,860,207,2025-10-18,905,763,115,2,Night
6197,14,22,175,2026-03-01,802,701,5,3,Evening
6198,4,666,404,2026-02-09,876,781,94,20,Morning
6199,22,575,245,2026-04-22,934,775,109,14,Night
6200,17,34,197,2025-11-07,931,763,57,18,Morning
6201,8,874,319,2026-04-19,1088,815,51,19,Morning
6202,6,580,234,2026-03-15,859,760,6,16,Evening
6203,24,239,166,2025-12-12,927,846,74,16,Morning
6204,4,529,346,2026-05-21,942,828,60,23,Night
6205,19,415,386,2026-03-26,993,857,95,16,Evening
6206,4,329,1,2026-01-07,843,627,108,13,Morning
6207,24,725,461,2025-07-12,806,735,35,14,Night
6208,14,717,337,2025-06-25,951,866,36,20,Morning
6209,23,789,367,2026-04-01,927,685,28,3,Evening
6210,14,154,210,2026-02-06,1096,867,12,24,Evening
6211,4,306,425,2025-08-12,846,744,57,20,Morning
6212,11,770,22,2026-02-01,892,739,44,13,Night
6213,22,904,236,2026-04-05,867,841,92,20,Evening
6214,22,192,485,2025-12-26,1031,607,15,18,Night
6215,8,760,478,2025-07-11,803,720,10,11,Night
6216,6,520,362,2025-10-10,812,688,54,1,Morning
6217,8,317,457,2026-04-02,808,602,113,25,Night
6218,1,210,497,2025-12-28,811,653,80,13,Evening
6219,2,683,410,2026-02-23,990,960,93,19,Night
6220,16,799,461,2025-06-21,1072,827,69,5,Morning
6221,18,278,172,2025-11-15,1092,1078,25,17,Night
6222,23,50,160,2026-03-16,1018,988,9,18,Night
6223,13,629,46,2026-04-07,982,658,7,16,Night
6224,7,383,463,2025-10-27,1055,798,14,21,Morning
6225,24,285,370,2025-07-21,1181,1033,27,6,Evening
6226,7,274,172,2025-07-14,1039,1016,27,5,Morning
6227,2,710,239,2026-04-27,1198,880,109,23,Night
6228,14,796,286,2026-02-16,874,817,1,24,Evening
6229,18,836,463,2025-08-11,1003,809,47,3,Night
6230,15,564,432,2025-09-16,1067,818,32,25,Morning
6231,10,584,416,2026-05-04,1012,623,40,19,Evening
6232,25,381,392,2025-11-11,1138,770,110,25,Morning
6233,8,76,364,2025-09-01,915,696,18,22,Night
6234,6,936,277,2026-01-13,1159,1101,106,5,Morning
6235,5,235,51,2026-05-03,1119,1030,85,0,Night
6236,5,43,180,2026-06-02,1038,784,8,11,Evening
6237,5,219,145,2026-01-13,1108,842,13,15,Morning
6238,11,556,446,2026-05-09,1014,971,61,24,Night
6239,19,42,226,2025-08-30,851,662,100,8,Evening
6240,2,355,90,2025-11-05,848,633,7,17,Evening
6241,25,983,246,2025-07-26,902,892,76,0,Evening
6242,18,878,368,2026-02-21,1080,775,55,18,Night
6243,11,651,316,2026-02-07,1061,790,29,18,Evening
6244,3,50,45,2026-02-13,1052,1017,100,5,Night
6245,7,854,26,2025-06-28,966,833,52,20,Evening
6246,17,357,315,2025-08-26,1071,977,0,0,Evening
6247,5,879,225,2026-01-16,993,673,109,4,Evening
6248,25,995,482,2025-11-11,940,869,108,24,Morning
6249,9,517,329,2026-05-10,948,717,109,24,Morning
6250,9,58,93,2026-03-26,1182,799,82,22,Morning
6251,5,914,497,2026-01-01,832,751,90,3,Evening
6252,7,626,380,2025-07-01,1196,1142,53,0,Evening
6253,6,827,329,2026-06-08,1053,914,31,17,Evening
6254,13,375,338,2026-03-08,1186,989,40,0,Night
6255,18,109,38,2025-07-17,1153,688,34,16,Morning
6256,2,642,106,2026-06-08,996,921,3,4,Morning
6257,21,864,333,2025-11-15,920,654,46,13,Morning
6258,25,498,424,2026-02-17,827,704,82,20,Evening
6259,15,791,402,2025-09-01,1085,729,72,12,Night
6260,9,915,467,2026-03-10,946,640,16,20,Morning
6261,12,5,172,2025-11-09,1124,839,27,12,Evening
6262,19,497,37,2026-05-26,942,904,34,22,Evening
6263,1,792,394,2025-10-17,992,846,91,14,Night
6264,6,60,170,2025-12-23,1104,792,112,4,Night
6265,19,520,8,2025-08-14,1160,805,104,13,Evening
6266,14,278,253,2026-03-03,898,750,40,11,Morning
6267,18,320,225,2026-02-26,895,664,96,12,Morning
6268,15,948,473,2026-03-21,854,682,29,2,Evening
6269,11,633,249,2026-02-22,881,605,34,14,Morning
6270,4,102,292,2025-07-06,1140,1079,61,24,Evening
6271,22,927,180,2025-07-09,1095,957,97,12,Morning
6272,6,78,307,2025-07-31,1110,814,56,19,Night
6273,20,751,224,2025-08-22,1066,1042,16,10,Night
6274,7,685,264,2026-04-10,974,955,14,15,Morning
6275,18,440,159,2025-12-07,1122,987,38,22,Morning
6276,8,714,63,2026-03-06,901,678,99,21,Night
6277,24,460,278,2026-06-12,1107,960,93,1,Morning
6278,4,82,44,2026-05-14,1009,897,26,1,Night
6279,24,292,197,2026-04-14,866,697,16,8,Morning
6280,14,597,158,2025-10-18,881,721,17,25,Morning
6281,5,149,316,2025-07-24,1144,772,23,8,Night
6282,1,652,193,2026-02-24,1032,903,66,13,Evening
6283,4,768,10,2025-12-18,853,801,83,1,Evening
6284,5,630,26,2025-10-19,1129,1107,5,8,Night
6285,25,798,380,2026-04-19,801,763,47,16,Night
6286,20,837,433,2026-05-28,1194,702,64,15,Night
6287,2,635,348,2025-12-28,1117,755,77,5,Night
6288,5,708,304,2026-05-26,820,787,117,16,Evening
6289,10,906,141,2025-12-19,1088,774,62,3,Night
6290,5,997,90,2026-06-09,892,860,85,6,Morning
6291,23,629,364,2026-03-17,1056,888,94,19,Morning
6292,6,108,232,2026-03-19,1175,676,13,18,Night
6293,15,246,184,2026-01-14,996,629,38,20,Night
6294,2,484,26,2026-03-01,924,890,105,1,Morning
6295,15,357,463,2026-01-26,1116,1040,22,0,Night
6296,14,536,292,2025-06-24,1033,642,66,9,Evening
6297,6,1000,305,2025-11-15,929,669,64,11,Morning
6298,1,523,88,2026-01-23,1170,902,55,9,Morning
6299,15,709,226,2025-09-22,853,603,82,19,Evening
6300,24,772,112,2025-11-23,810,796,47,1,Night
6301,3,752,247,2026-01-09,1122,776,104,2,Night
6302,14,601,301,2025-10-01,819,631,11,23,Morning
6303,1,138,339,2026-03-25,1167,755,52,4,Evening
6304,13,924,266,2026-04-03,1150,608,112,15,Morning
6305,1,263,116,2025-12-10,891,717,107,20,Night
6306,17,389,25,2025-08-28,1090,1036,60,6,Evening
6307,11,916,368,2026-01-26,1198,882,42,13,Night
6308,7,991,52,2026-04-09,939,937,95,20,Evening
6309,18,157,342,2025-07-03,807,604,60,16,Evening
6310,20,66,448,2026-06-04,937,729,84,18,Evening
6311,20,181,333,2026-06-01,1061,961,54,5,Evening
6312,3,504,114,2026-05-02,800,609,42,22,Night
6313,7,29,106,2026-06-08,929,712,111,7,Night
6314,14,320,208,2025-08-29,835,679,37,4,Evening
6315,2,449,112,2025-11-22,1162,902,80,6,Morning
6316,22,207,400,2025-11-04,1162,781,33,25,Morning
6317,17,401,348,2025-07-08,1086,768,64,7,Morning
6318,15,491,166,2026-01-19,1131,974,21,6,Morning
6319,5,996,489,2025-11-22,1174,1031,36,23,Morning
6320,9,159,445,2025-12-30,893,678,38,24,Evening
6321,2,226,72,2025-11-19,1160,824,20,6,Morning
6322,13,327,85,2025-08-02,1114,646,6,23,Evening
6323,25,724,227,2025-06-26,1143,781,82,22,Night
6324,4,659,404,2025-06-21,908,776,69,1,Morning
6325,24,998,25,2026-05-23,807,806,101,2,Morning
6326,15,81,286,2026-05-16,1011,872,102,14,Morning
6327,21,539,456,2026-03-01,989,762,31,25,Morning
6328,1,161,144,2025-12-01,1109,971,83,14,Evening
6329,18,877,184,2026-04-22,822,748,24,9,Night
6330,15,960,182,2026-06-16,862,708,79,1,Night
6331,12,732,309,2025-07-02,1051,983,52,18,Evening
6332,15,399,348,2025-12-19,934,878,67,9,Morning
6333,8,219,257,2025-12-13,846,679,87,11,Morning
6334,22,822,96,2025-07-13,1100,732,81,5,Night
6335,13,194,368,2026-06-10,1071,1007,31,20,Night
6336,15,963,210,2026-04-11,1159,1037,67,13,Night
6337,19,786,388,2026-05-30,935,886,40,9,Evening
6338,15,356,285,2025-08-18,1055,653,103,9,Night
6339,13,125,179,2025-08-18,890,800,46,10,Evening
6340,8,361,96,2026-01-28,1159,764,78,8,Evening
6341,8,391,450,2026-06-19,874,745,14,22,Evening
6342,10,31,414,2025-07-20,1024,678,68,8,Evening
6343,14,666,111,2026-06-14,802,736,107,24,Morning
6344,15,165,325,2025-09-30,991,968,84,18,Evening
6345,3,109,143,2025-09-29,1048,606,15,14,Night
6346,6,828,95,2025-10-14,1158,761,24,20,Morning
6347,2,893,381,2026-06-10,1119,764,48,24,Morning
6348,4,478,49,2025-11-12,888,745,82,16,Evening
6349,22,291,59,2025-10-13,843,761,114,17,Evening
6350,19,113,389,2026-03-17,1022,928,81,0,Night
6351,17,630,165,2025-09-24,1119,781,75,10,Night
6352,23,488,390,2025-08-08,888,651,74,5,Morning
6353,24,424,409,2025-12-11,816,638,107,15,Morning
6354,3,44,42,2026-06-18,1185,1116,99,7,Night
6355,8,679,56,2025-07-21,1058,772,68,24,Night
6356,24,574,371,2026-03-30,1191,807,34,8,Morning
6357,14,849,44,2026-05-03,1125,956,101,0,Evening
6358,19,261,445,2026-05-03,1078,804,18,6,Morning
6359,11,258,274,2025-12-22,1115,748,43,9,Morning
6360,21,567,49,2025-11-04,1173,719,42,9,Night
6361,2,241,267,2026-05-19,1018,661,62,10,Night
6362,2,325,114,2026-03-09,985,958,56,2,Night
6363,25,880,497,2026-02-13,1035,917,109,14,Night
6364,8,634,151,2026-05-07,841,820,77,20,Night
6365,6,656,425,2026-06-20,1160,765,36,12,Morning
6366,18,906,120,2025-08-15,1112,685,12,2,Morning
6367,18,797,225,2025-10-23,1034,915,67,9,Morning
6368,2,864,128,2025-09-07,849,657,38,14,Night
6369,24,31,461,2025-11-28,1016,937,32,12,Evening
6370,19,160,213,2026-05-29,1065,788,5,4,Evening
6371,23,29,109,2026-06-12,940,940,54,18,Evening
6372,11,926,40,2025-10-31,1159,675,52,1,Night
6373,3,576,453,2026-05-02,1057,876,34,0,Night
6374,25,328,447,2025-09-09,1159,946,116,0,Night
6375,14,80,415,2026-03-13,822,775,101,15,Evening
6376,21,97,261,2025-12-29,1166,656,59,21,Night
6377,19,273,333,2025-06-24,867,759,79,13,Evening
6378,20,804,483,2026-05-11,1048,742,69,2,Evening
6379,22,366,373,2025-07-15,1014,758,11,11,Night
6380,8,334,42,2025-11-26,963,619,105,23,Morning
6381,7,774,308,2025-11-11,1179,1042,8,5,Night
6382,7,985,90,2026-03-17,1063,847,43,13,Morning
6383,19,64,439,2026-05-30,860,677,101,20,Evening
6384,3,74,282,2025-07-22,1041,602,109,20,Morning
6385,11,688,121,2025-08-29,1161,645,89,1,Night
6386,15,840,248,2025-08-20,1065,1031,24,23,Morning
6387,20,262,494,2026-01-24,1048,800,8,15,Morning
6388,23,705,165,2025-10-08,1057,928,79,18,Evening
6389,24,360,259,2025-08-08,1056,660,72,1,Evening
6390,9,441,30,2026-03-24,1178,891,101,20,Night
6391,13,635,93,2026-04-12,1003,922,67,20,Evening
6392,14,958,473,2025-08-26,864,608,108,15,Night
6393,12,537,43,2026-06-19,949,637,70,17,Night
6394,19,494,124,2025-07-16,1192,719,40,12,Night
6395,10,32,14,2026-03-02,868,822,73,12,Evening
6396,21,875,406,2025-11-11,829,676,42,1,Morning
6397,2,768,419,2026-02-23,1056,1026,116,2,Night
6398,16,400,144,2026-06-14,1102,696,15,20,Evening
6399,7,98,283,2026-03-25,855,749,68,12,Morning
6400,1,51,470,2026-02-26,1081,1033,58,3,Night
6401,8,18,292,2026-02-27,1178,681,115,20,Morning
6402,3,211,108,2025-07-29,859,847,51,16,Morning
6403,11,230,147,2025-09-21,1080,814,52,15,Night
6404,8,164,331,2026-02-02,822,628,66,24,Morning
6405,25,377,320,2026-04-14,1084,810,44,11,Night
6406,16,220,403,2025-08-11,803,750,53,23,Evening
6407,11,205,23,2026-02-16,1036,815,90,25,Evening
6408,15,599,225,2026-03-20,826,745,33,8,Night
6409,1,826,470,2025-11-03,840,766,92,25,Evening
6410,14,61,229,2025-10-11,1152,756,52,8,Night
6411,15,360,328,2026-04-09,887,620,92,11,Evening
6412,20,578,467,2025-07-19,1140,970,42,21,Night
6413,8,9,294,2025-10-27,903,677,65,12,Evening
6414,5,231,489,2025-07-30,884,759,35,16,Morning
6415,16,746,214,2026-04-12,1022,755,71,21,Morning
6416,20,728,108,2025-08-12,940,814,106,12,Morning
6417,14,705,477,2025-07-29,1110,705,82,2,Night
6418,24,620,472,2026-06-14,1176,808,14,5,Morning
6419,15,350,11,2025-09-21,996,857,0,6,Morning
6420,24,332,471,2025-12-29,950,826,72,0,Morning
6421,23,560,145,2025-12-11,1068,982,14,16,Morning
6422,2,773,206,2025-06-24,930,869,69,13,Night
6423,4,407,180,2025-11-20,996,954,15,20,Night
6424,4,784,146,2025-09-30,966,622,112,8,Night
6425,7,319,476,2026-04-02,942,672,95,10,Evening
6426,21,875,240,2025-12-11,1180,642,44,18,Night
6427,5,481,334,2026-01-15,1046,628,22,9,Night
6428,24,520,157,2026-02-02,1129,736,60,13,Night
6429,1,71,444,2025-11-03,1020,807,110,8,Night
6430,17,462,110,2026-01-26,996,612,64,0,Night
6431,18,542,434,2025-09-05,1070,992,78,20,Night
6432,18,696,162,2025-06-29,1114,856,32,16,Morning
6433,15,209,477,2026-01-26,948,855,87,11,Night
6434,15,494,162,2025-12-21,1033,627,98,0,Morning
6435,15,200,136,2026-03-11,1199,903,6,16,Night
6436,18,458,165,2025-08-07,837,780,29,24,Evening
6437,4,765,237,2026-04-16,865,722,47,15,Morning
6438,2,140,130,2025-09-25,903,728,76,5,Evening
6439,3,357,123,2026-01-27,832,792,19,0,Evening
6440,2,960,467,2025-10-26,920,874,74,4,Night
6441,20,267,196,2025-07-29,920,805,7,17,Morning
6442,23,801,279,2026-05-18,945,896,64,6,Night
6443,2,781,189,2025-09-01,906,903,70,12,Night
6444,10,567,391,2026-01-18,858,811,20,3,Night
6445,20,75,92,2026-02-05,1134,823,5,24,Night
6446,3,383,110,2026-05-20,1022,761,64,16,Evening
6447,18,236,361,2026-02-07,963,784,79,1,Night
6448,3,162,379,2025-08-17,1176,869,60,4,Evening
6449,16,585,263,2026-06-17,1184,1046,63,23,Evening
6450,5,675,377,2025-08-24,1061,778,47,2,Evening
6451,3,534,18,2025-07-28,1050,976,113,25,Morning
6452,6,359,194,2026-05-18,959,655,36,24,Night
6453,10,582,203,2026-03-22,1002,658,8,18,Night
6454,8,285,95,2025-11-23,826,624,10,11,Morning
6455,8,101,233,2025-09-21,1070,954,59,16,Morning
6456,16,10,192,2026-05-26,825,790,89,1,Night
6457,8,575,248,2025-07-14,906,807,34,17,Night
6458,11,624,411,2026-05-12,824,635,27,22,Night
6459,7,934,301,2026-03-19,1012,715,109,5,Night
6460,11,400,162,2026-04-05,1132,1011,69,0,Night
6461,19,56,393,2026-03-10,1125,1063,92,12,Morning
6462,19,23,472,2026-01-02,1034,730,88,13,Night
6463,1,327,79,2025-12-12,815,656,14,13,Evening
6464,2,718,3,2026-01-14,1029,693,97,14,Morning
6465,17,905,168,2025-09-25,938,919,88,5,Morning
6466,18,66,405,2025-07-23,991,671,81,12,Morning
6467,17,930,272,2025-09-29,1154,1096,95,13,Morning
6468,22,760,225,2026-01-03,1018,779,49,22,Morning
6469,25,390,303,2025-08-30,980,969,11,6,Morning
6470,5,479,251,2026-03-04,820,794,120,7,Night
6471,17,878,137,2025-08-23,1197,1094,13,2,Morning
6472,9,127,448,2025-12-11,1121,813,16,25,Night
6473,17,607,284,2025-07-18,879,766,76,12,Evening
6474,4,53,193,2025-11-03,1142,750,19,16,Morning
6475,12,999,149,2025-09-06,940,717,51,5,Morning
6476,9,364,406,2025-11-11,1010,990,114,18,Evening
6477,5,809,112,2025-12-06,916,779,111,14,Evening
6478,8,204,304,2026-05-07,972,704,39,5,Evening
6479,17,188,345,2026-02-25,1141,733,17,11,Evening
6480,13,700,381,2026-04-06,987,809,103,17,Night
6481,16,936,38,2025-09-16,1169,957,104,2,Night
6482,14,650,225,2026-05-26,1030,641,120,15,Night
6483,24,809,500,2026-01-17,1196,985,76,25,Night
6484,23,823,181,2026-01-30,1095,797,110,17,Morning
6485,7,179,487,2025-12-22,1190,830,8,3,Evening
6486,21,700,418,2026-03-04,810,720,43,14,Night
6487,25,887,219,2025-09-15,914,913,88,6,Morning
6488,1,897,281,2025-09-30,977,860,33,18,Evening
6489,13,212,269,2025-09-05,1097,757,24,14,Night
6490,5,567,36,2026-02-25,805,786,95,9,Night
6491,2,142,227,2026-06-12,913,628,28,4,Morning
6492,17,990,398,2025-08-22,1054,981,104,20,Morning
6493,25,792,73,2026-02-08,901,660,17,3,Night
6494,19,977,416,2025-07-18,1151,916,18,13,Evening
6495,2,567,315,2025-12-05,832,736,107,23,Evening
6496,3,391,268,2025-12-10,1020,817,54,0,Morning
6497,21,950,407,2026-05-27,993,644,62,3,Evening
6498,2,886,261,2026-01-10,907,864,19,2,Night
6499,1,683,59,2026-05-22,1026,780,82,7,Night
6500,5,53,408,2025-07-01,814,807,90,0,Morning
6501,6,813,419,2026-06-13,1059,640,59,5,Evening
6502,16,903,465,2026-01-16,1051,645,23,18,Night
6503,4,297,290,2026-01-18,895,645,64,4,Night
6504,2,997,374,2025-11-19,1097,1041,24,19,Morning
6505,25,308,493,2025-08-04,849,736,95,19,Night
6506,10,293,115,2025-10-12,1112,651,27,21,Morning
6507,18,909,189,2025-09-12,978,801,100,3,Morning
6508,12,393,197,2026-02-06,981,920,30,6,Evening
6509,23,251,218,2026-01-23,1133,1011,22,9,Evening
6510,19,801,74,2026-06-03,937,724,96,8,Night
6511,15,903,39,2025-07-21,989,753,63,5,Morning
6512,17,92,364,2026-04-22,1091,903,87,12,Evening
6513,18,411,50,2026-02-08,974,678,8,21,Night
6514,8,836,346,2026-06-19,881,816,102,7,Evening
6515,25,351,186,2025-10-15,937,901,43,7,Evening
6516,21,393,163,2025-09-13,911,624,86,22,Evening
6517,4,178,7,2026-04-09,1116,871,49,8,Morning
6518,17,522,100,2025-10-08,989,621,42,10,Morning
6519,8,975,470,2025-12-30,1195,821,40,12,Evening
6520,1,123,403,2026-05-20,1061,616,63,22,Evening
6521,4,395,72,2025-07-05,987,763,42,21,Evening
6522,6,349,473,2025-09-22,1004,965,19,11,Morning
6523,14,723,304,2026-05-29,877,600,74,7,Night
6524,18,28,195,2025-09-22,1082,948,113,24,Morning
6525,21,347,482,2025-11-19,903,673,20,9,Evening
6526,14,976,142,2025-10-11,884,758,96,10,Night
6527,21,683,174,2025-09-02,1112,836,78,5,Evening
6528,22,971,182,2026-01-18,1193,876,118,20,Night
6529,21,966,120,2025-10-02,848,748,77,8,Morning
6530,14,770,258,2025-12-06,915,625,58,12,Evening
6531,1,780,70,2026-04-27,1164,763,95,13,Evening
6532,18,355,174,2025-07-07,961,766,27,1,Evening
6533,5,781,371,2025-12-31,1071,652,72,5,Night
6534,19,282,58,2025-10-05,1107,860,85,14,Evening
6535,14,12,459,2025-09-15,1159,620,9,2,Night
6536,11,422,456,2025-10-06,1061,930,102,18,Night
6537,4,600,116,2025-09-10,875,720,0,16,Evening
6538,22,736,329,2025-07-12,1060,953,77,23,Evening
6539,6,61,451,2026-04-01,904,756,72,5,Evening
6540,22,271,269,2025-11-08,1048,956,9,3,Morning
6541,1,166,14,2025-11-17,1195,971,29,19,Night
6542,17,443,226,2026-04-23,894,601,79,21,Evening
6543,11,763,305,2026-03-16,1183,991,57,14,Morning
6544,19,290,298,2026-02-15,814,665,52,13,Evening
6545,24,216,498,2025-07-29,1053,682,0,3,Morning
6546,16,986,3,2026-01-01,853,731,24,9,Evening
6547,9,202,206,2025-09-17,883,775,24,25,Evening
6548,14,230,315,2025-07-02,1031,904,5,9,Morning
6549,6,957,426,2026-03-26,915,661,19,16,Morning
6550,5,640,489,2025-08-07,870,847,75,9,Night
6551,6,88,191,2025-11-09,1141,810,58,24,Evening
6552,16,715,375,2025-09-30,972,651,27,8,Night
6553,25,643,19,2025-12-23,1169,751,27,20,Evening
6554,1,152,409,2025-07-09,1160,1155,63,7,Morning
6555,18,389,64,2025-07-02,1082,801,48,4,Evening
6556,23,82,143,2025-11-12,1184,667,54,9,Evening
6557,23,348,69,2026-05-21,1165,1156,5,9,Night
6558,13,272,18,2025-06-21,890,872,27,17,Night
6559,15,260,362,2026-02-22,956,955,60,23,Evening
6560,3,987,280,2025-08-09,1082,969,61,11,Evening
6561,16,711,412,2025-07-29,813,652,34,9,Evening
6562,1,133,61,2026-06-03,854,757,95,14,Night
6563,17,694,238,2026-03-22,910,902,40,18,Night
6564,22,110,53,2026-02-01,878,864,98,18,Evening
6565,15,252,348,2026-01-20,987,780,45,23,Morning
6566,9,88,51,2025-06-23,843,810,36,4,Evening
6567,4,831,262,2026-04-28,1079,854,118,21,Night
6568,14,365,242,2026-02-20,889,635,62,25,Morning
6569,2,105,458,2026-04-17,1014,960,46,3,Morning
6570,19,990,214,2025-11-20,1114,1015,64,21,Night
6571,7,423,200,2026-03-15,1023,601,30,16,Evening
6572,5,6,311,2026-03-31,1091,677,101,21,Evening
6573,20,974,176,2026-04-30,1086,1032,87,3,Morning
6574,4,763,198,2025-08-06,1020,971,27,24,Evening
6575,12,941,195,2026-05-29,1072,956,89,16,Morning
6576,22,57,26,2026-05-23,991,900,54,24,Night
6577,14,577,34,2026-03-09,1184,744,39,6,Morning
6578,16,59,114,2026-03-04,1006,687,117,18,Night
6579,10,351,206,2025-06-27,1140,944,97,8,Evening
6580,23,72,292,2026-04-20,1114,1083,16,12,Night
6581,20,314,484,2026-02-07,820,813,3,11,Evening
6582,5,32,296,2025-10-05,878,778,25,13,Morning
6583,8,254,372,2025-08-22,1136,901,44,10,Night
6584,17,539,77,2026-05-14,889,633,55,18,Morning
6585,12,698,375,2025-12-28,909,898,73,7,Night
6586,21,908,161,2025-12-24,802,649,46,6,Morning
6587,2,621,326,2026-03-24,842,632,100,0,Night
6588,9,422,212,2025-12-07,1125,1112,94,6,Night
6589,18,253,97,2025-12-05,988,728,0,25,Night
6590,25,627,402,2026-02-11,922,796,101,20,Night
6591,20,230,342,2025-11-18,901,611,59,7,Evening
6592,4,817,275,2026-04-23,1199,1086,30,2,Morning
6593,17,579,232,2025-07-24,1059,612,58,19,Evening
6594,8,584,443,2025-06-29,857,601,60,25,Evening
6595,10,179,496,2025-12-03,918,722,107,15,Night
6596,7,508,247,2026-06-15,1192,1000,111,2,Morning
6597,15,273,103,2026-02-13,890,754,96,20,Night
6598,7,147,401,2026-01-06,871,858,96,9,Night
6599,2,393,42,2026-03-09,935,809,98,14,Evening
6600,9,649,93,2025-11-05,945,779,114,20,Evening
6601,21,492,494,2026-03-30,908,827,43,3,Morning
6602,7,66,299,2026-03-10,813,610,44,25,Evening
6603,2,309,482,2026-04-08,1117,1031,89,17,Evening
6604,4,407,311,2026-04-14,873,729,73,3,Evening
6605,2,397,157,2025-12-17,877,789,89,22,Morning
6606,23,160,460,2026-05-21,987,823,84,4,Night
6607,10,825,145,2025-12-25,928,898,40,6,Evening
6608,22,564,357,2025-08-16,805,671,5,3,Night
6609,17,707,450,2026-03-04,947,774,68,0,Night
6610,25,897,42,2025-11-23,1022,791,102,22,Evening
6611,19,753,289,2025-11-17,1077,787,34,21,Morning
6612,22,19,392,2026-04-27,992,636,96,6,Morning
6613,1,651,188,2026-02-08,915,817,94,19,Evening
6614,19,115,287,2025-10-18,884,750,10,4,Evening
6615,7,20,141,2025-09-30,1053,809,25,1,Morning
6616,17,325,390,2026-04-09,1153,856,111,20,Evening
6617,20,251,266,2026-04-20,807,660,110,10,Night
6618,1,116,333,2026-01-19,1064,650,6,7,Evening
6619,10,343,80,2026-04-23,1048,865,77,19,Evening
6620,14,948,221,2025-11-07,806,717,97,1,Evening
6621,15,753,27,2025-07-26,1184,1002,104,10,Evening
6622,16,545,383,2026-05-08,1021,954,107,19,Evening
6623,18,950,235,2026-04-04,980,708,86,11,Evening
6624,23,136,313,2025-10-26,1166,965,114,0,Night
6625,9,992,393,2026-02-11,1014,936,2,5,Morning
6626,4,813,118,2025-08-10,1096,797,100,19,Evening
6627,6,79,86,2025-12-16,1090,795,24,24,Morning
6628,11,791,402,2026-03-11,843,656,102,16,Evening
6629,17,484,21,2025-12-12,1195,1181,88,16,Evening
6630,24,301,173,2025-07-05,957,896,9,4,Evening
6631,9,922,476,2026-02-18,1129,839,80,18,Night
6632,4,924,166,2025-11-07,887,742,91,21,Morning
6633,10,950,32,2025-10-12,1001,879,84,18,Night
6634,24,760,480,2025-12-26,1089,711,17,1,Evening
6635,1,319,147,2025-12-27,1078,968,114,14,Night
6636,12,708,499,2025-11-13,932,768,116,16,Night
6637,6,935,7,2026-05-13,1084,734,98,6,Morning
6638,2,692,312,2025-10-01,827,772,45,20,Night
6639,16,117,85,2025-12-03,994,714,78,24,Evening
6640,8,588,57,2026-05-01,896,787,0,17,Morning
6641,5,375,30,2026-05-06,1047,927,37,21,Evening
6642,18,596,242,2025-08-14,855,671,5,14,Morning
6643,8,447,96,2026-02-11,1134,607,62,12,Morning
6644,2,476,481,2025-07-17,963,693,76,24,Morning
6645,20,444,398,2025-06-29,952,639,36,8,Morning
6646,19,448,274,2025-12-03,942,888,8,14,Evening
6647,23,3,139,2025-10-23,1184,798,27,22,Morning
6648,2,212,380,2026-03-20,843,808,9,5,Night
6649,5,962,269,2026-04-26,1083,947,37,5,Night
6650,18,391,1,2026-03-15,1044,607,0,19,Evening
6651,23,277,389,2026-03-14,897,630,79,7,Night
6652,5,809,16,2026-05-28,1038,651,107,4,Evening
6653,3,981,337,2025-10-06,941,708,56,15,Morning
6654,3,105,500,2025-08-11,1043,749,70,18,Night
6655,15,465,482,2026-02-18,915,682,90,4,Night
6656,23,405,102,2025-12-01,1073,1069,114,9,Morning
6657,7,107,190,2026-03-23,845,753,40,11,Night
6658,7,773,325,2026-03-12,959,643,37,0,Morning
6659,3,775,150,2025-08-30,1124,787,56,3,Evening
6660,19,439,97,2026-03-26,903,776,17,4,Morning
6661,6,866,486,2025-10-06,1197,778,97,14,Night
6662,19,158,55,2025-09-13,1096,702,5,24,Evening
6663,23,437,40,2026-02-13,872,672,79,7,Morning
6664,17,148,265,2025-11-03,930,811,23,19,Evening
6665,7,971,142,2026-01-31,911,638,21,22,Night
6666,3,147,12,2026-04-06,1080,628,78,4,Morning
6667,2,914,192,2026-04-13,1200,882,65,19,Evening
6668,22,636,50,2026-01-07,1099,702,51,17,Night
6669,5,507,271,2026-02-10,840,740,8,19,Night
6670,20,236,111,2025-07-12,946,786,26,22,Night
6671,10,795,184,2025-06-23,933,641,40,20,Night
6672,5,233,169,2025-07-14,969,769,86,22,Night
6673,15,871,6,2026-06-07,1027,813,13,10,Morning
6674,8,664,497,2025-12-11,1190,920,1,9,Morning
6675,14,848,157,2025-10-26,935,738,117,16,Morning
6676,21,269,57,2025-09-02,1140,952,79,0,Evening
6677,19,681,117,2026-04-29,1176,713,99,18,Morning
6678,13,307,250,2026-06-12,987,863,65,25,Morning
6679,14,260,450,2025-08-23,1125,983,88,18,Night
6680,24,398,7,2026-04-17,1096,906,53,23,Evening
6681,8,329,39,2025-07-13,1178,609,33,14,Morning
6682,6,170,428,2026-03-22,889,811,31,22,Night
6683,8,117,390,2026-02-15,1159,761,15,8,Evening
6684,12,851,167,2026-03-29,935,713,106,23,Night
6685,8,431,223,2026-05-20,941,786,39,11,Night
6686,2,813,91,2026-01-28,858,629,87,12,Evening
6687,2,537,224,2026-01-15,856,761,30,14,Night
6688,24,803,21,2026-04-29,830,667,26,10,Morning
6689,4,340,179,2026-05-29,1114,737,66,17,Night
6690,7,177,32,2025-11-16,1066,635,28,4,Night
6691,16,379,23,2025-12-07,1023,922,93,7,Morning
6692,11,781,244,2026-04-16,1086,715,76,15,Night
6693,11,377,284,2026-05-15,872,637,29,15,Morning
6694,23,226,271,2025-08-09,962,820,17,13,Morning
6695,23,927,434,2025-09-04,920,722,34,19,Evening
6696,4,306,128,2025-07-05,973,830,42,20,Morning
6697,1,304,230,2026-05-29,1010,677,0,18,Evening
6698,23,415,433,2026-02-23,1148,665,67,20,Night
6699,8,769,107,2025-09-17,925,860,114,19,Morning
6700,13,462,46,2026-01-20,1011,959,11,18,Night
6701,8,490,39,2026-04-19,997,791,108,13,Evening
6702,20,91,227,2025-09-03,889,747,76,17,Night
6703,10,152,101,2025-09-14,905,754,37,17,Evening
6704,11,285,306,2025-06-30,1082,881,104,5,Morning
6705,25,490,499,2026-04-17,875,786,99,15,Morning
6706,5,592,194,2026-04-06,878,804,75,3,Night
6707,12,58,292,2026-02-20,887,617,50,16,Night
6708,15,745,376,2026-06-18,1184,1160,41,18,Night
6709,1,810,82,2025-07-28,929,767,21,1,Morning
6710,9,164,450,2026-01-20,832,610,111,20,Night
6711,9,531,207,2026-05-28,820,711,112,4,Evening
6712,22,581,308,2026-06-13,1010,825,15,3,Night
6713,6,705,220,2026-01-05,1165,1087,1,23,Night
6714,5,743,143,2025-09-11,832,623,10,2,Night
6715,15,18,174,2026-05-26,1164,1087,26,3,Night
6716,22,602,383,2026-06-11,1105,894,99,10,Morning
6717,13,364,481,2025-10-01,1094,1021,108,0,Night
6718,14,367,268,2025-10-01,1106,922,105,15,Evening
6719,13,556,117,2026-01-06,922,741,40,18,Night
6720,25,849,160,2026-04-08,1196,646,49,18,Morning
6721,24,199,238,2025-07-20,979,885,44,22,Night
6722,20,426,297,2025-11-17,889,782,49,13,Morning
6723,16,934,204,2025-06-30,1035,717,12,23,Evening
6724,10,559,150,2026-01-30,1137,820,52,7,Morning
6725,23,848,381,2026-01-05,1073,798,37,13,Morning
6726,2,64,388,2025-12-23,806,639,16,24,Night
6727,1,896,81,2026-06-20,1026,1012,115,10,Morning
6728,10,469,208,2026-03-30,980,961,102,16,Evening
6729,4,577,273,2026-04-28,825,744,83,7,Morning
6730,13,262,263,2025-12-10,1178,654,21,9,Morning
6731,3,40,413,2026-02-27,878,606,36,6,Morning
6732,4,234,132,2025-10-03,1093,1004,102,9,Night
6733,11,558,360,2025-07-05,1199,855,32,2,Morning
6734,21,499,322,2026-02-01,854,829,83,25,Morning
6735,17,904,179,2025-09-22,1098,683,95,7,Evening
6736,15,102,230,2026-04-11,948,865,65,1,Evening
6737,23,283,85,2025-12-23,1071,948,89,12,Evening
6738,25,107,273,2025-10-22,816,778,115,3,Evening
6739,10,621,221,2026-01-17,997,851,108,15,Evening
6740,3,525,79,2025-10-17,993,821,34,5,Night
6741,9,684,220,2025-08-05,940,819,14,14,Morning
6742,7,57,361,2025-12-15,972,972,29,12,Evening
6743,22,549,148,2026-03-07,1018,738,107,14,Morning
6744,8,321,347,2026-02-24,1123,655,74,10,Evening
6745,24,834,198,2025-07-05,877,796,91,1,Morning
6746,25,304,348,2026-04-11,825,741,33,2,Morning
6747,9,309,422,2026-04-24,879,618,60,6,Evening
6748,1,953,85,2026-06-12,1131,731,30,10,Morning
6749,15,383,26,2026-02-05,1088,1013,76,22,Evening
6750,24,285,459,2025-11-07,1041,1024,7,18,Night
6751,2,146,403,2025-09-25,1152,600,21,7,Morning
6752,11,573,43,2026-02-28,1084,1070,104,5,Night
6753,20,137,494,2026-03-22,824,708,105,17,Morning
6754,6,750,311,2025-10-02,1194,956,50,24,Evening
6755,13,389,58,2025-09-08,1120,668,108,12,Evening
6756,22,195,182,2026-06-19,866,803,74,16,Evening
6757,5,621,74,2026-04-22,935,858,43,17,Evening
6758,9,351,8,2025-08-19,959,796,15,9,Evening
6759,18,32,370,2025-06-30,1020,804,98,6,Morning
6760,22,240,492,2025-10-30,1200,682,81,15,Morning
6761,24,214,81,2026-06-17,1068,789,42,18,Night
6762,11,274,218,2025-06-30,971,662,119,3,Night
6763,3,934,271,2026-04-22,892,646,16,16,Morning
6764,24,558,98,2025-09-05,1175,1019,42,12,Night
6765,14,434,66,2025-12-27,1031,654,109,0,Morning
6766,16,282,215,2026-04-18,806,759,115,5,Morning
6767,9,706,291,2026-05-15,830,787,76,12,Morning
6768,8,908,292,2025-11-12,909,742,84,20,Night
6769,24,998,394,2025-09-24,800,666,0,17,Morning
6770,15,717,90,2025-08-15,920,636,89,4,Night
6771,14,852,263,2026-06-17,907,672,110,15,Night
6772,19,794,15,2026-04-14,1086,798,9,14,Morning
6773,19,675,15,2026-04-06,985,723,29,11,Morning
6774,10,772,110,2025-11-02,1159,675,97,2,Morning
6775,8,608,199,2026-01-16,1169,1013,14,11,Night
6776,15,188,72,2026-02-04,850,725,72,16,Night
6777,14,949,74,2026-05-28,917,708,83,15,Morning
6778,4,702,312,2025-11-16,991,855,53,24,Morning
6779,21,959,73,2026-01-17,1103,951,89,4,Night
6780,13,527,200,2025-08-10,957,728,75,20,Morning
6781,13,834,34,2026-02-24,1142,610,4,21,Evening
6782,15,594,63,2025-08-11,1070,1070,10,19,Evening
6783,3,915,113,2025-11-12,1032,685,34,5,Night
6784,18,880,304,2025-12-27,1093,806,79,7,Evening
6785,6,982,347,2026-02-10,922,904,62,0,Morning
6786,15,580,100,2025-12-28,820,693,54,12,Morning
6787,17,625,136,2025-08-04,1022,961,91,3,Evening
6788,6,15,230,2025-08-30,1015,707,34,18,Evening
6789,17,502,376,2026-01-24,811,750,23,13,Morning
6790,6,37,257,2026-04-26,970,725,77,12,Morning
6791,2,278,241,2025-07-22,904,601,102,1,Night
6792,22,233,442,2026-02-27,1090,676,90,7,Evening
6793,13,269,25,2025-09-22,830,612,35,16,Morning
6794,11,800,96,2026-06-07,1037,932,69,4,Evening
6795,22,195,320,2025-08-05,912,763,53,6,Night
6796,24,297,395,2026-01-01,839,828,64,6,Morning
6797,19,866,129,2026-01-26,1152,749,54,20,Night
6798,17,37,433,2025-12-25,965,702,112,19,Night
6799,19,716,114,2025-07-22,916,694,67,7,Morning
6800,4,521,383,2025-11-12,1005,844,102,11,Night
6801,18,657,7,2026-01-16,981,953,33,5,Evening
6802,13,120,179,2025-11-26,1091,777,85,20,Evening
6803,1,289,411,2026-06-14,906,847,95,12,Night
6804,12,390,242,2025-10-20,937,684,40,11,Morning
6805,9,539,97,2026-01-01,1000,983,50,19,Morning
6806,8,593,161,2025-08-21,920,732,68,24,Morning
6807,3,209,2,2026-04-01,869,624,81,1,Evening
6808,4,765,275,2025-08-05,855,721,69,8,Evening
6809,22,125,179,2025-08-05,1181,1096,109,7,Night
6810,1,417,80,2025-11-30,824,657,40,13,Morning
6811,19,443,375,2026-04-28,951,810,69,1,Night
6812,20,989,192,2025-10-06,1145,1100,11,21,Night
6813,12,308,387,2026-06-17,1076,773,43,16,Morning
6814,17,84,319,2025-09-02,1172,814,74,18,Evening
6815,5,172,198,2025-10-31,1076,970,98,0,Evening
6816,10,319,50,2026-02-03,944,874,110,16,Morning
6817,13,489,229,2025-09-09,1091,732,8,20,Morning
6818,17,744,170,2026-06-08,1184,654,37,5,Morning
6819,5,243,349,2025-11-03,850,653,36,16,Night
6820,21,240,427,2026-01-24,905,836,6,20,Evening
6821,2,115,260,2025-08-03,900,885,48,8,Night
6822,4,843,280,2025-07-23,935,760,46,23,Evening
6823,6,814,86,2025-11-13,947,770,54,25,Evening
6824,4,313,420,2025-10-28,1067,681,96,22,Morning
6825,2,986,69,2026-06-07,1170,920,15,14,Night
6826,1,606,336,2025-12-08,1187,898,40,4,Morning
6827,25,486,494,2025-11-22,1178,941,88,12,Morning
6828,5,641,312,2025-09-01,1049,825,95,4,Evening
6829,18,869,14,2025-10-10,843,797,118,16,Night
6830,7,923,341,2025-10-25,972,745,14,12,Evening
6831,18,367,48,2026-01-02,940,650,103,3,Evening
6832,23,895,33,2026-03-15,1069,869,65,3,Night
6833,14,310,241,2025-09-18,1064,696,89,7,Night
6834,24,647,96,2026-02-15,966,605,103,7,Morning
6835,21,796,306,2026-01-20,913,758,2,18,Night
6836,4,607,366,2025-10-19,891,891,118,14,Night
6837,23,142,416,2026-05-02,1188,635,116,18,Morning
6838,22,795,309,2025-10-11,1005,668,55,7,Evening
6839,7,796,144,2025-10-30,846,744,87,0,Night
6840,5,256,99,2025-07-26,876,655,31,0,Evening
6841,8,299,447,2026-05-16,832,626,18,3,Morning
6842,1,281,244,2026-02-04,1080,948,26,19,Night
6843,13,421,450,2026-02-14,838,748,103,5,Night
6844,23,357,142,2025-11-11,992,749,117,24,Night
6845,2,989,461,2026-02-03,1025,965,79,23,Morning
6846,14,411,391,2025-10-30,1178,1129,49,9,Night
6847,4,600,380,2025-08-28,815,769,118,22,Evening
6848,17,211,342,2026-05-18,1029,868,106,16,Night
6849,16,701,359,2025-12-13,1128,1122,71,17,Evening
6850,1,933,15,2025-10-08,1134,1099,9,20,Evening
6851,18,154,108,2026-06-12,803,731,58,15,Evening
6852,15,819,180,2025-10-11,1034,1002,78,23,Evening
6853,1,88,154,2025-12-15,1067,676,61,12,Night
6854,11,398,225,2026-01-31,1190,624,116,22,Morning
6855,13,181,373,2026-04-14,1038,737,81,4,Night
6856,18,410,386,2026-03-16,819,710,70,12,Evening
6857,13,284,270,2025-12-10,934,797,82,15,Morning
6858,19,106,28,2025-11-28,1115,871,8,14,Evening
6859,12,610,484,2025-08-18,1011,698,86,20,Morning
6860,14,345,274,2026-05-18,1030,712,53,11,Morning
6861,1,594,187,2025-09-09,1176,1024,18,25,Evening
6862,20,956,229,2025-09-27,1094,672,113,6,Morning
6863,3,971,491,2026-03-12,837,829,65,8,Night
6864,21,804,445,2026-04-22,1100,1062,112,20,Morning
6865,25,503,442,2025-06-23,1013,685,31,11,Morning
6866,15,336,352,2025-08-23,1137,638,86,22,Morning
6867,10,251,7,2026-02-03,902,719,1,9,Night
6868,10,583,301,2026-06-14,1133,831,74,5,Night
6869,10,823,383,2026-01-25,1027,710,73,15,Evening
6870,17,605,298,2026-02-24,983,837,44,14,Night
6871,1,497,160,2026-01-30,1028,971,72,17,Night
6872,1,149,159,2026-05-17,1061,794,69,22,Evening
6873,14,362,378,2026-06-19,815,659,102,1,Night
6874,11,224,371,2026-03-14,874,790,45,7,Evening
6875,5,176,49,2026-03-09,908,636,26,1,Morning
6876,4,665,215,2026-06-04,964,930,79,20,Morning
6877,3,257,70,2025-09-09,1131,754,111,11,Morning
6878,10,296,350,2025-12-06,909,754,108,6,Morning
6879,1,285,276,2025-08-03,1095,760,97,24,Morning
6880,5,879,401,2025-12-12,860,845,88,22,Morning
6881,13,705,173,2025-06-22,1143,801,24,11,Evening
6882,22,674,240,2026-01-16,1058,607,34,22,Morning
6883,6,250,69,2026-04-22,992,698,31,7,Night
6884,15,577,353,2026-01-18,943,726,69,11,Evening
6885,8,970,5,2026-01-30,958,863,88,19,Morning
6886,4,897,431,2026-02-12,1032,801,111,13,Evening
6887,22,43,128,2025-07-23,1001,810,7,8,Night
6888,6,323,110,2025-11-05,1195,1030,54,18,Morning
6889,1,578,94,2025-07-03,917,822,97,18,Morning
6890,10,332,474,2026-06-02,930,752,89,15,Morning
6891,18,119,449,2025-06-24,1169,732,108,18,Morning
6892,14,654,221,2026-05-08,1066,664,1,10,Evening
6893,23,443,441,2025-11-19,1016,730,89,20,Morning
6894,2,389,49,2025-07-25,991,964,75,10,Night
6895,8,552,67,2025-07-08,975,972,74,5,Evening
6896,20,707,281,2026-04-05,905,706,16,23,Night
6897,6,161,270,2026-04-04,864,677,95,14,Morning
6898,9,679,91,2025-12-08,1072,650,54,11,Evening
6899,7,330,440,2025-09-05,1008,784,60,3,Evening
6900,13,20,316,2026-03-15,1109,745,115,17,Morning
6901,24,2,154,2026-03-17,945,797,57,3,Evening
6902,8,520,489,2025-11-10,1058,735,75,7,Morning
6903,4,940,19,2026-01-16,825,700,88,25,Night
6904,15,110,488,2026-05-08,1116,811,75,6,Morning
6905,11,317,165,2025-09-20,1103,979,55,21,Night
6906,18,105,1,2025-10-02,1176,896,9,9,Night
6907,3,442,92,2026-05-07,1042,900,30,6,Morning
6908,2,671,366,2025-08-27,897,893,71,0,Evening
6909,8,69,114,2026-05-06,913,651,83,13,Evening
6910,11,274,6,2025-08-05,1004,750,19,7,Evening
6911,8,779,329,2026-03-25,1018,625,55,9,Night
6912,15,690,45,2026-02-19,945,600,71,6,Morning
6913,2,189,294,2026-05-26,1075,907,11,18,Night
6914,6,307,452,2026-05-20,1118,707,97,5,Morning
6915,15,918,220,2026-05-04,974,952,44,20,Night
6916,7,764,387,2026-03-29,1046,904,114,16,Evening
6917,21,385,484,2026-05-03,1174,812,5,7,Morning
6918,11,19,188,2025-11-11,1006,891,35,9,Night
6919,12,432,354,2026-01-10,1007,654,108,24,Evening
6920,6,866,192,2026-06-03,889,832,66,22,Evening
6921,21,276,281,2025-09-22,914,637,76,16,Evening
6922,9,94,265,2026-02-20,1066,914,10,11,Evening
6923,2,205,383,2025-09-26,873,606,68,11,Night
6924,15,346,176,2026-03-11,918,866,12,0,Morning
6925,22,674,379,2025-07-16,1163,641,102,23,Morning
6926,9,400,172,2025-06-23,1170,1022,45,13,Evening
6927,15,205,240,2026-03-21,992,837,79,3,Night
6928,2,393,464,2025-10-02,938,678,27,11,Morning
6929,10,630,224,2025-10-18,1098,720,11,15,Night
6930,10,401,497,2025-11-10,878,832,92,6,Morning
6931,5,776,366,2026-04-12,1116,880,84,7,Morning
6932,20,722,52,2025-12-07,937,722,50,3,Morning
6933,14,992,138,2025-09-15,1091,875,100,12,Evening
6934,12,76,388,2025-09-02,1058,1027,13,21,Evening
6935,4,731,212,2025-09-07,1024,815,8,14,Evening
6936,8,291,244,2025-06-25,1094,714,4,23,Morning
6937,16,304,450,2025-11-25,965,731,94,19,Night
6938,13,716,354,2025-12-17,930,853,113,23,Morning
6939,9,724,201,2026-01-17,996,789,115,16,Evening
6940,23,511,203,2025-09-15,990,652,1,17,Evening
6941,14,215,420,2025-10-02,1012,800,36,13,Evening
6942,1,305,362,2025-06-23,1154,844,6,24,Evening
6943,16,400,189,2025-08-14,1171,782,50,11,Night
6944,8,638,249,2026-03-24,875,606,90,14,Morning
6945,9,536,103,2025-07-13,874,851,44,21,Night
6946,21,462,15,2025-08-20,1101,617,18,7,Morning
6947,5,879,429,2025-09-25,1087,993,78,2,Evening
6948,5,928,500,2026-02-24,908,900,103,12,Night
6949,21,416,356,2025-08-04,935,834,62,20,Night
6950,1,340,356,2025-09-15,918,891,72,1,Night
6951,13,70,123,2025-07-24,925,899,49,15,Night
6952,13,751,451,2025-11-17,975,863,78,9,Evening
6953,7,163,39,2025-08-25,1052,736,29,11,Morning
6954,3,892,239,2026-05-07,888,761,16,1,Evening
6955,13,614,388,2025-10-23,845,615,15,14,Morning
6956,23,963,176,2026-05-11,906,666,23,13,Evening
6957,14,721,38,2025-11-04,1192,1115,41,16,Night
6958,8,635,186,2026-02-02,1108,931,116,12,Morning
6959,7,646,196,2025-07-06,1191,747,5,7,Evening
6960,25,966,171,2025-09-07,1057,1057,3,22,Evening
6961,13,722,143,2026-01-07,850,682,49,21,Morning
6962,5,356,42,2025-07-30,1089,832,39,5,Morning
6963,6,60,363,2026-06-07,1012,980,23,11,Evening
6964,17,683,286,2026-02-25,858,712,87,21,Evening
6965,17,473,344,2025-09-15,880,880,39,24,Evening
6966,24,43,131,2025-09-07,1065,984,36,4,Night
6967,10,623,77,2026-03-12,1149,1014,90,17,Night
6968,4,55,482,2026-06-06,974,822,37,15,Night
6969,16,216,166,2026-01-17,1004,706,74,16,Evening
6970,7,132,454,2026-04-17,912,785,10,16,Evening
6971,11,779,418,2025-07-12,993,888,68,20,Morning
6972,23,722,24,2025-10-10,1044,715,4,14,Morning
6973,5,207,472,2026-01-29,1117,1054,69,18,Evening
6974,11,331,256,2025-10-27,871,858,8,7,Evening
6975,23,480,415,2026-02-23,938,600,86,3,Evening
6976,12,105,325,2025-12-31,1095,768,75,0,Evening
6977,6,491,1,2025-12-26,846,660,20,13,Morning
6978,13,355,326,2025-09-25,1068,762,26,9,Night
6979,8,742,383,2025-11-26,986,708,116,19,Night
6980,4,471,123,2026-05-25,991,710,27,7,Morning
6981,22,561,469,2025-08-09,888,876,85,6,Evening
6982,19,559,307,2025-11-29,979,727,113,8,Night
6983,9,440,264,2026-04-15,911,789,45,11,Morning
6984,16,79,50,2025-10-07,921,748,100,13,Night
6985,11,144,416,2026-04-29,833,685,39,21,Evening
6986,16,172,443,2025-11-25,870,773,51,9,Night
6987,2,583,116,2025-11-24,1163,817,17,11,Morning
6988,2,154,303,2026-01-11,1002,978,44,25,Night
6989,15,327,404,2025-08-28,1171,1152,30,9,Evening
6990,17,176,342,2025-09-29,1158,700,27,18,Evening
6991,1,70,151,2025-07-25,859,699,106,10,Evening
6992,15,472,451,2025-11-24,1192,1095,35,4,Night
6993,5,475,361,2026-05-11,921,892,40,23,Evening
6994,5,503,170,2026-04-02,900,843,68,6,Night
6995,20,249,380,2026-03-11,943,686,92,13,Evening
6996,6,860,297,2026-04-13,1056,655,12,25,Night
6997,10,298,45,2025-08-16,1013,864,42,16,Night
6998,21,512,474,2025-10-14,823,730,26,16,Night
6999,5,541,48,2026-06-08,1062,865,12,4,Morning
7000,2,268,13,2026-06-03,1181,1028,59,0,Morning
7001,10,269,139,2025-08-06,1055,623,109,24,Evening
7002,20,959,126,2026-01-05,877,843,36,9,Evening
7003,8,738,168,2026-04-28,1000,919,116,20,Evening
7004,12,305,420,2026-05-20,1168,935,21,13,Evening
7005,10,864,116,2025-11-29,1036,859,7,4,Evening
7006,9,287,121,2025-11-21,943,932,15,12,Morning
7007,17,746,416,2025-09-11,1087,757,50,3,Morning
7008,10,246,455,2026-06-14,905,620,108,24,Evening
7009,24,368,150,2025-11-04,856,631,8,9,Morning
7010,12,947,222,2025-07-07,1138,867,1,6,Morning
7011,25,464,455,2026-04-18,1019,857,107,21,Evening
7012,3,956,465,2025-10-09,947,854,63,18,Evening
7013,2,63,118,2026-06-04,857,803,82,9,Evening
7014,19,951,222,2026-04-22,1115,897,112,24,Night
7015,3,716,364,2025-11-18,979,660,5,14,Night
7016,11,837,496,2026-06-07,961,619,52,5,Night
7017,9,856,67,2025-12-09,1050,759,118,20,Evening
7018,25,782,8,2025-07-09,1028,879,29,19,Night
7019,24,143,252,2026-06-14,998,743,18,12,Morning
7020,1,521,291,2026-02-09,829,605,87,7,Evening
7021,3,288,300,2025-08-24,891,720,59,19,Night
7022,14,672,92,2025-08-01,1195,1085,116,18,Night
7023,7,758,104,2025-12-08,988,770,36,8,Morning
7024,6,757,450,2025-07-09,1024,873,111,23,Morning
7025,1,194,371,2026-06-05,931,882,25,5,Night
7026,23,285,191,2025-06-21,1044,764,95,11,Evening
7027,24,722,363,2025-06-28,867,757,17,24,Night
7028,2,725,434,2025-12-18,864,778,27,5,Night
7029,2,715,180,2026-03-25,943,864,71,23,Evening
7030,25,302,277,2026-05-16,1161,601,60,21,Night
7031,11,473,425,2025-08-24,859,654,77,25,Night
7032,8,45,172,2025-10-15,1088,920,30,20,Evening
7033,15,228,456,2025-07-03,1156,984,57,3,Evening
7034,3,580,246,2025-10-22,967,965,96,25,Morning
7035,3,486,479,2026-01-29,949,820,91,19,Morning
7036,1,810,262,2025-08-31,943,762,87,0,Morning
7037,10,914,456,2026-05-25,1107,1102,19,6,Night
7038,23,239,313,2025-10-24,1169,1071,90,22,Evening
7039,16,906,205,2026-02-16,1127,636,92,22,Morning
7040,16,693,425,2025-11-07,1142,693,97,21,Evening
7041,16,729,393,2026-01-10,1110,747,116,5,Evening
7042,17,925,374,2026-04-19,1128,1117,38,22,Night
7043,1,989,432,2026-02-05,1096,1054,19,14,Night
7044,12,876,132,2026-01-26,936,681,13,5,Evening
7045,17,622,359,2025-11-12,805,621,15,2,Night
7046,2,70,408,2025-10-10,1044,943,33,4,Morning
7047,17,869,217,2026-03-24,1013,645,29,8,Morning
7048,22,318,475,2025-10-17,958,713,86,8,Evening
7049,19,797,226,2026-05-01,1199,988,10,19,Night
7050,15,661,409,2025-07-31,1172,764,96,21,Night
7051,22,770,469,2025-10-23,1199,1104,1,18,Night
7052,4,400,391,2025-10-09,1156,767,75,24,Morning
7053,18,316,383,2025-12-04,1023,637,52,24,Evening
7054,18,734,257,2025-07-02,1050,923,69,19,Morning
7055,10,805,28,2025-07-01,1087,936,53,20,Morning
7056,25,659,165,2025-07-11,1182,850,50,25,Night
7057,1,426,276,2025-09-13,925,875,73,9,Morning
7058,3,989,408,2025-09-05,1135,1016,75,25,Morning
7059,16,120,69,2026-03-12,1109,915,108,23,Morning
7060,1,804,227,2025-07-18,1109,1091,80,1,Morning
7061,25,156,297,2026-06-17,1094,914,63,0,Evening
7062,1,927,65,2025-07-22,958,715,90,15,Night
7063,3,997,193,2025-07-20,1016,959,100,10,Evening
7064,2,375,371,2025-07-08,970,865,56,13,Morning
7065,17,761,106,2025-07-24,1024,610,120,14,Evening
7066,6,889,86,2025-12-31,933,777,76,21,Evening
7067,2,358,142,2026-03-20,1014,783,103,10,Morning
7068,24,870,421,2025-08-26,908,785,6,9,Night
7069,21,203,225,2025-11-27,889,745,49,0,Morning
7070,12,229,316,2025-11-24,1127,818,43,10,Evening
7071,18,121,88,2026-03-03,1045,636,95,0,Night
7072,15,935,413,2026-03-01,1050,863,85,16,Night
7073,21,157,72,2025-08-08,1005,976,23,19,Night
7074,10,712,454,2026-03-05,866,600,36,8,Morning
7075,15,576,337,2026-02-02,968,742,38,5,Night
7076,25,124,175,2026-03-09,873,803,88,9,Night
7077,18,368,13,2025-07-25,1187,610,83,13,Morning
7078,18,461,196,2025-08-31,871,817,84,6,Morning
7079,6,274,131,2026-04-18,934,827,11,21,Evening
7080,24,568,26,2025-11-23,1079,829,72,14,Night
7081,23,237,58,2026-05-16,1191,1121,97,18,Morning
7082,5,125,312,2026-06-12,806,682,85,19,Evening
7083,3,73,237,2026-06-03,1161,747,87,4,Morning
7084,14,214,206,2026-06-19,819,711,27,17,Night
7085,25,364,115,2025-07-19,1080,743,90,10,Evening
7086,15,89,204,2026-06-13,903,615,0,22,Morning
7087,10,551,31,2025-10-29,1060,668,60,10,Evening
7088,16,972,53,2025-08-09,934,710,54,6,Night
7089,19,567,470,2026-03-01,852,794,115,23,Morning
7090,19,14,204,2026-01-09,1056,983,110,2,Morning
7091,21,824,489,2025-09-03,892,789,70,11,Night
7092,12,612,414,2026-05-09,1067,939,13,17,Evening
7093,7,144,393,2025-10-06,933,772,32,1,Night
7094,4,320,344,2025-11-21,1168,935,119,15,Evening
7095,8,152,200,2025-12-10,1129,746,4,15,Night
7096,4,808,454,2026-01-06,1055,859,19,14,Morning
7097,12,70,38,2026-05-14,954,600,108,15,Morning
7098,16,366,349,2026-02-26,1110,833,98,0,Morning
7099,12,554,124,2025-10-01,851,690,80,4,Morning
7100,2,361,364,2025-08-13,1066,891,45,20,Evening
7101,12,76,222,2025-09-13,819,608,64,3,Morning
7102,15,628,358,2025-12-15,1002,916,39,0,Evening
7103,22,199,217,2026-01-02,1160,605,26,4,Evening
7104,11,483,43,2025-08-09,1016,940,19,1,Evening
7105,8,223,316,2025-07-23,1056,966,103,8,Night
7106,11,937,417,2025-11-26,970,793,106,1,Evening
7107,3,175,101,2025-12-12,1163,701,6,17,Morning
7108,18,922,4,2026-05-13,1055,846,92,7,Morning
7109,21,718,466,2025-11-18,997,937,57,3,Evening
7110,23,303,19,2026-02-01,926,716,37,12,Morning
7111,11,677,24,2025-11-14,821,762,107,18,Evening
7112,23,902,98,2025-11-18,1004,918,55,1,Evening
7113,25,810,395,2026-04-06,878,809,65,3,Morning
7114,10,614,244,2026-04-29,1075,929,17,13,Night
7115,25,694,182,2025-12-31,951,621,60,13,Morning
7116,15,11,64,2026-02-21,814,781,104,5,Night
7117,8,669,440,2025-10-31,1158,873,13,17,Evening
7118,5,71,489,2026-01-04,857,711,46,0,Morning
7119,11,153,341,2025-08-12,1029,672,46,15,Morning
7120,2,955,229,2025-09-08,1142,728,79,2,Morning
7121,15,526,140,2025-11-10,1086,1009,116,20,Night
7122,16,568,408,2025-12-31,945,712,104,2,Night
7123,15,991,330,2025-10-02,1150,979,8,3,Evening
7124,13,109,274,2025-11-24,1109,852,79,9,Evening
7125,5,76,252,2026-04-16,1157,808,53,2,Night
7126,14,895,212,2026-04-18,997,656,62,13,Morning
7127,15,536,29,2025-12-31,850,794,78,18,Morning
7128,14,44,161,2025-06-25,990,604,31,2,Night
7129,20,225,334,2026-01-13,950,780,47,9,Morning
7130,9,388,413,2026-03-27,897,604,9,11,Night
7131,19,441,343,2026-03-30,950,639,104,22,Night
7132,23,922,6,2025-07-18,875,748,104,13,Morning
7133,19,911,156,2025-08-08,932,775,41,2,Morning
7134,5,163,71,2025-11-11,888,777,89,23,Night
7135,22,1000,425,2025-12-26,963,776,33,23,Night
7136,25,822,285,2026-05-08,839,670,88,1,Morning
7137,11,246,140,2026-04-09,1007,796,62,11,Evening
7138,2,767,470,2025-10-17,814,658,60,13,Morning
7139,1,101,357,2025-07-30,1073,965,8,1,Morning
7140,10,871,455,2025-08-22,1168,872,114,24,Evening
7141,1,964,404,2026-05-26,863,617,23,21,Morning
7142,15,967,150,2026-06-19,958,772,24,5,Evening
7143,17,534,372,2025-09-18,819,633,22,20,Night
7144,7,183,366,2026-04-23,1176,709,88,6,Morning
7145,15,33,246,2025-07-08,1043,822,29,25,Evening
7146,10,430,3,2025-07-01,905,754,119,0,Morning
7147,24,410,50,2026-05-30,880,774,47,14,Morning
7148,9,227,153,2025-11-13,886,679,104,20,Night
7149,5,879,383,2026-04-15,807,623,96,12,Morning
7150,15,530,1,2026-04-25,1124,1046,41,11,Morning
7151,21,360,408,2025-10-02,936,673,82,16,Night
7152,2,807,238,2025-06-22,900,847,102,22,Evening
7153,20,839,33,2026-03-06,1036,924,48,0,Night
7154,17,199,490,2026-01-27,916,731,110,25,Night
7155,14,478,128,2025-08-15,840,775,60,8,Night
7156,18,305,168,2025-12-17,971,646,69,12,Night
7157,18,158,496,2025-12-31,1011,815,81,10,Evening
7158,15,837,138,2026-04-18,916,658,89,6,Night
7159,9,993,386,2026-03-17,1048,848,22,20,Evening
7160,16,144,73,2026-01-03,1183,780,47,5,Evening
7161,3,377,347,2026-03-25,868,654,64,1,Evening
7162,10,327,173,2025-10-15,996,812,44,23,Morning
7163,12,764,16,2025-08-22,1068,849,120,3,Night
7164,6,245,491,2025-11-17,1024,873,109,8,Night
7165,12,144,200,2026-06-13,857,697,21,2,Morning
7166,18,462,349,2026-01-27,1067,895,86,18,Night
7167,2,590,218,2026-01-12,1141,845,31,23,Morning
7168,13,81,241,2025-10-03,823,624,19,10,Night
7169,2,358,302,2026-02-28,1081,741,103,18,Morning
7170,19,36,9,2025-11-06,891,833,104,25,Night
7171,12,964,410,2025-07-13,1141,609,18,7,Night
7172,14,304,456,2025-12-26,954,783,62,21,Evening
7173,6,721,435,2026-02-19,891,641,54,17,Evening
7174,12,912,446,2025-10-31,1119,861,79,17,Night
7175,19,283,310,2026-03-24,1122,684,20,16,Evening
7176,23,7,92,2025-07-14,950,840,114,3,Morning
7177,9,21,69,2025-07-28,990,769,13,10,Morning
7178,14,717,429,2025-11-06,937,636,4,5,Night
7179,11,719,349,2025-08-30,947,786,35,5,Morning
7180,24,472,172,2025-09-11,1003,878,120,13,Night
7181,25,258,322,2026-01-28,805,790,21,13,Morning
7182,15,77,341,2026-01-05,1088,765,6,15,Night
7183,17,145,251,2025-09-11,1067,1017,89,1,Evening
7184,10,795,116,2025-08-23,1188,1094,102,5,Morning
7185,24,866,417,2026-05-04,1105,708,46,19,Evening
7186,2,65,155,2025-11-28,1188,1052,27,23,Morning
7187,17,695,168,2026-06-19,938,935,24,16,Night
7188,1,768,94,2025-07-05,1139,970,48,13,Morning
7189,5,14,429,2026-01-24,1135,609,85,4,Morning
7190,23,141,156,2025-10-24,911,691,14,9,Evening
7191,18,722,114,2025-12-11,902,889,107,6,Evening
7192,17,445,477,2025-07-17,883,692,78,18,Evening
7193,9,933,365,2025-08-18,1133,999,47,25,Evening
7194,3,279,488,2026-04-13,1008,751,25,10,Evening
7195,20,357,91,2026-01-25,977,844,100,17,Night
7196,17,332,305,2025-06-24,1012,675,91,5,Evening
7197,19,988,330,2026-02-28,1005,841,79,11,Morning
7198,3,564,23,2026-05-16,891,694,70,18,Night
7199,23,290,98,2026-01-08,853,793,97,14,Morning
7200,16,256,371,2026-02-11,845,785,0,15,Morning
7201,22,756,492,2026-04-29,1137,925,52,9,Evening
7202,10,527,132,2025-12-08,1008,626,41,3,Morning
7203,21,810,343,2026-04-03,1137,1039,25,18,Night
7204,12,627,167,2026-04-25,1043,932,32,17,Morning
7205,2,897,55,2026-03-15,835,652,104,10,Morning
7206,13,305,38,2025-09-11,1021,788,100,17,Evening
7207,24,869,362,2025-12-30,1172,1070,35,21,Night
7208,5,275,80,2025-08-05,856,788,39,5,Night
7209,19,665,322,2026-02-06,1035,903,32,17,Morning
7210,7,974,437,2026-04-01,992,894,48,25,Morning
7211,15,267,123,2025-07-25,1081,1049,4,13,Evening
7212,23,915,36,2025-10-30,1050,738,41,25,Evening
7213,25,389,426,2026-03-09,947,945,31,1,Morning
7214,11,542,306,2026-03-24,1082,1017,63,11,Evening
7215,4,763,240,2026-04-22,855,755,76,9,Morning
7216,1,574,126,2026-02-20,835,607,95,21,Morning
7217,18,944,476,2025-08-30,1059,1024,110,6,Night
7218,12,595,226,2026-03-12,957,710,47,3,Evening
7219,2,221,75,2026-02-06,1030,673,59,16,Night
7220,10,7,419,2025-07-15,992,671,6,9,Night
7221,12,81,259,2025-10-17,807,718,0,1,Night
7222,20,377,140,2025-07-04,856,717,48,1,Night
7223,9,32,55,2026-03-31,833,780,119,25,Night
7224,21,475,373,2025-11-10,1175,633,59,5,Morning
7225,14,587,268,2026-01-01,1021,868,60,0,Night
7226,9,856,333,2025-10-30,1070,699,18,14,Evening
7227,10,779,426,2026-02-12,959,918,108,23,Morning
7228,12,308,487,2026-06-10,849,625,45,3,Morning
7229,23,70,363,2026-04-04,1135,710,24,23,Night
7230,25,493,133,2026-01-12,1114,751,98,0,Evening
7231,16,819,263,2025-10-24,814,794,18,22,Evening
7232,9,328,231,2026-03-30,847,623,109,21,Evening
7233,25,189,106,2026-01-04,892,621,33,8,Night
7234,15,964,489,2025-10-07,1151,1141,56,10,Evening
7235,1,959,70,2026-06-06,1020,792,66,14,Night
7236,1,220,248,2026-05-21,904,879,109,20,Night
7237,23,604,338,2026-01-03,995,636,72,2,Night
7238,7,948,44,2026-04-28,1164,1119,79,11,Morning
7239,10,522,63,2025-11-02,1138,659,47,15,Morning
7240,20,31,20,2026-05-26,991,793,6,9,Morning
7241,21,436,218,2026-03-06,1008,610,107,2,Night
7242,7,491,478,2025-09-01,905,680,19,19,Morning
7243,10,606,466,2026-04-22,931,672,81,3,Morning
7244,9,709,21,2026-04-12,806,726,75,22,Morning
7245,1,413,275,2025-08-11,944,812,44,0,Morning
7246,15,682,125,2025-07-12,1010,903,116,7,Night
7247,18,355,371,2026-02-20,960,831,40,10,Night
7248,10,984,478,2025-12-23,860,620,89,1,Night
7249,5,725,8,2026-02-01,1040,652,99,21,Night
7250,17,984,192,2026-02-15,1049,676,101,8,Morning
7251,2,465,209,2025-08-16,839,729,92,0,Night
7252,15,954,72,2026-05-31,1045,679,86,8,Night
7253,6,672,317,2025-08-30,860,685,86,18,Morning
7254,24,840,32,2025-08-01,846,719,13,2,Morning
7255,10,355,487,2026-05-27,909,819,6,3,Evening
7256,13,933,240,2026-03-03,920,830,82,16,Night
7257,12,822,194,2025-12-17,1111,959,108,25,Night
7258,5,456,63,2026-01-12,891,878,37,9,Evening
7259,21,380,163,2025-08-10,873,755,94,19,Morning
7260,15,908,104,2026-02-07,1120,1026,91,0,Evening
7261,24,755,232,2026-05-18,873,643,62,22,Morning
7262,5,433,317,2025-09-02,996,985,106,21,Night
7263,8,909,399,2025-08-11,849,717,7,2,Morning
7264,23,920,202,2025-10-15,1123,1076,89,4,Morning
7265,5,975,160,2026-01-11,907,733,119,17,Evening
7266,17,52,62,2026-03-25,1115,973,5,17,Morning
7267,6,385,298,2026-03-14,1108,792,80,5,Evening
7268,8,103,106,2025-10-21,986,749,59,7,Morning
7269,17,625,500,2026-04-22,1125,1081,75,7,Morning
7270,19,398,62,2026-01-11,862,757,85,1,Evening
7271,12,971,406,2025-07-25,1018,1007,83,12,Evening
7272,3,665,312,2025-11-06,1055,652,32,9,Evening
7273,13,671,90,2025-10-31,930,602,78,25,Evening
7274,4,595,465,2025-11-23,1166,936,87,3,Evening
7275,23,528,373,2025-08-01,1033,669,98,20,Morning
7276,7,442,181,2025-10-26,964,839,44,0,Evening
7277,23,550,163,2026-04-24,1131,759,15,13,Evening
7278,7,987,175,2025-12-01,878,695,5,23,Morning
7279,9,199,22,2025-11-05,1168,743,95,10,Morning
7280,3,652,78,2025-12-22,975,731,89,19,Evening
7281,3,688,193,2025-07-23,1031,711,94,23,Morning
7282,20,80,432,2026-02-15,947,660,19,5,Morning
7283,8,836,468,2026-02-02,878,665,69,2,Evening
7284,25,27,150,2025-07-01,1118,989,2,2,Night
7285,21,266,484,2026-04-14,1031,659,54,7,Evening
7286,8,658,283,2025-07-28,970,920,109,2,Evening
7287,10,674,170,2026-04-08,966,888,74,25,Morning
7288,12,422,243,2025-08-26,1028,868,24,18,Night
7289,20,510,266,2025-09-15,1133,722,93,19,Morning
7290,14,772,50,2026-01-19,966,832,111,7,Evening
7291,17,282,348,2026-02-24,890,600,89,0,Evening
7292,25,173,255,2025-11-25,1105,789,99,7,Morning
7293,11,140,290,2026-01-09,866,753,45,25,Night
7294,13,1,429,2026-01-07,829,820,60,25,Morning
7295,17,409,333,2026-05-27,1047,915,52,13,Evening
7296,3,842,408,2025-07-15,943,635,17,20,Night
7297,8,25,308,2026-04-02,1156,1069,100,24,Evening
7298,24,783,465,2025-08-17,1116,827,28,10,Night
7299,18,679,171,2025-08-20,1105,1086,69,15,Evening
7300,18,135,431,2025-11-13,878,723,36,17,Night
7301,5,246,382,2025-10-17,1162,1019,118,8,Evening
7302,24,52,429,2026-04-13,1139,687,58,8,Night
7303,4,644,108,2026-03-22,1050,893,89,21,Morning
7304,7,509,136,2025-07-10,826,752,46,18,Evening
7305,17,812,210,2026-03-24,1149,972,115,24,Morning
7306,15,997,259,2026-05-23,886,773,28,8,Evening
7307,11,432,400,2026-05-05,869,844,116,18,Night
7308,20,783,74,2026-04-02,971,617,55,8,Morning
7309,10,730,221,2026-03-10,1087,913,78,11,Morning
7310,18,63,240,2025-09-17,964,881,46,20,Night
7311,16,755,226,2025-09-26,1109,790,85,8,Morning
7312,4,501,326,2025-07-15,864,614,34,13,Evening
7313,19,5,83,2026-02-12,802,745,3,23,Evening
7314,19,130,106,2025-11-16,1081,807,95,1,Night
7315,20,286,230,2025-12-21,821,635,57,5,Night
7316,22,738,414,2026-05-11,802,703,9,6,Night
7317,15,527,329,2025-08-13,1176,705,17,8,Evening
7318,15,210,325,2026-04-18,844,712,117,5,Evening
7319,6,566,444,2026-02-28,1166,900,0,4,Evening
7320,7,112,159,2025-06-25,1048,613,60,11,Night
7321,24,852,7,2026-03-07,1067,983,55,15,Night
7322,14,318,279,2025-08-14,995,633,3,24,Night
7323,23,930,439,2026-01-28,968,650,116,3,Evening
7324,13,207,200,2025-09-13,999,836,101,11,Evening
7325,5,36,460,2025-11-07,1187,656,17,1,Evening
7326,10,122,153,2025-12-28,980,906,105,2,Evening
7327,8,269,108,2025-08-31,876,774,53,15,Morning
7328,15,859,124,2026-03-09,948,822,28,9,Evening
7329,21,229,66,2025-09-06,848,600,61,11,Night
7330,15,558,91,2025-11-15,1171,716,120,14,Evening
7331,17,537,136,2025-11-01,987,776,49,13,Night
7332,21,369,330,2025-11-03,903,767,28,12,Evening
7333,11,194,200,2026-02-22,1063,637,105,20,Night
7334,20,291,181,2025-07-14,949,946,62,15,Morning
7335,5,118,500,2025-09-20,850,787,97,8,Night
7336,15,545,292,2026-05-12,1198,743,50,25,Morning
7337,22,463,275,2026-02-05,812,612,47,11,Morning
7338,15,443,299,2026-04-24,935,757,104,0,Evening
7339,14,857,20,2026-05-17,1140,1036,7,17,Night
7340,13,799,223,2026-06-20,884,853,22,23,Morning
7341,11,513,73,2026-03-08,994,892,35,15,Night
7342,6,3,500,2026-03-22,997,926,24,5,Evening
7343,1,73,155,2025-10-23,1003,610,40,22,Evening
7344,21,679,53,2025-08-11,956,738,76,20,Night
7345,24,682,354,2026-06-18,1022,782,94,13,Evening
7346,9,90,51,2026-05-16,980,615,120,10,Night
7347,25,512,419,2025-08-29,966,614,42,5,Night
7348,7,15,89,2025-08-15,850,726,101,7,Night
7349,14,320,176,2025-10-23,1155,628,57,15,Evening
7350,8,566,277,2026-04-18,907,822,112,14,Night
7351,10,6,107,2025-11-11,932,682,79,12,Morning
7352,7,25,176,2026-04-04,927,667,19,23,Evening
7353,13,476,114,2026-05-30,907,850,40,17,Night
7354,8,925,60,2025-07-18,856,852,30,0,Evening
7355,25,368,37,2026-01-05,993,640,38,20,Evening
7356,10,393,136,2026-03-13,961,741,111,2,Evening
7357,6,690,190,2025-11-04,854,668,60,12,Night
7358,2,273,302,2025-12-02,967,713,37,20,Night
7359,10,198,455,2026-03-12,956,802,104,9,Morning
7360,13,649,231,2026-01-08,1068,852,10,11,Night
7361,14,784,23,2026-03-09,886,733,59,15,Evening
7362,1,990,344,2026-01-22,823,674,75,12,Morning
7363,24,769,361,2025-08-09,1009,880,120,9,Night
7364,18,15,36,2025-12-24,919,717,95,21,Evening
7365,6,125,262,2026-02-14,993,779,68,21,Night
7366,4,584,463,2025-12-05,1102,827,102,10,Morning
7367,12,783,182,2025-09-22,1087,714,69,5,Evening
7368,5,43,6,2026-03-05,928,878,52,8,Morning
7369,18,67,121,2025-08-09,1164,993,16,7,Morning
7370,16,782,49,2025-10-03,1071,1018,1,10,Morning
7371,10,65,176,2026-04-19,1165,892,92,0,Night
7372,6,366,212,2025-11-17,1184,869,89,22,Evening
7373,18,381,130,2026-04-07,872,651,104,14,Morning
7374,17,21,19,2025-11-17,992,843,105,24,Morning
7375,25,768,437,2026-03-27,1100,1064,38,15,Night
7376,1,865,318,2026-02-24,978,967,84,17,Evening
7377,8,135,62,2025-10-07,1104,956,12,7,Evening
7378,9,46,21,2026-05-08,892,774,33,14,Morning
7379,19,856,25,2025-11-29,1174,938,15,13,Night
7380,13,517,143,2026-02-24,1169,1032,24,24,Evening
7381,9,953,272,2025-07-03,915,901,109,20,Night
7382,9,347,178,2025-12-25,1146,602,99,16,Morning
7383,21,614,360,2025-10-03,1121,1082,113,21,Morning
7384,18,900,292,2025-11-13,868,831,29,9,Morning
7385,19,601,325,2025-11-04,1194,827,47,8,Evening
7386,1,967,141,2026-05-11,876,836,42,1,Night
7387,19,332,458,2025-08-04,1069,649,76,11,Night
7388,18,978,286,2026-04-20,1098,862,108,13,Morning
7389,3,874,299,2026-03-29,1028,935,67,3,Morning
7390,16,430,7,2026-02-19,1112,1101,93,9,Evening
7391,14,507,471,2025-07-19,1096,887,39,22,Evening
7392,12,762,15,2025-10-14,972,869,83,17,Morning
7393,18,637,404,2026-02-24,1152,1143,41,14,Evening
7394,23,147,44,2025-12-31,866,655,29,7,Morning
7395,13,148,344,2025-08-23,1173,1011,8,1,Morning
7396,15,446,381,2025-09-22,1126,1089,65,23,Morning
7397,20,102,376,2025-12-21,1053,793,11,21,Evening
7398,7,383,40,2025-08-13,908,816,0,2,Morning
7399,17,335,110,2026-04-25,1171,792,29,6,Night
7400,14,421,208,2026-05-19,917,787,38,6,Morning
7401,19,17,462,2026-04-20,917,862,42,20,Night
7402,20,938,63,2026-05-17,854,819,93,15,Night
7403,24,141,248,2026-02-21,1005,914,36,23,Evening
7404,14,327,222,2025-12-02,1147,842,118,8,Night
7405,10,951,203,2025-10-25,1126,786,87,10,Night
7406,16,698,282,2025-08-04,1124,699,33,15,Night
7407,16,825,131,2026-03-12,863,770,62,23,Morning
7408,2,895,48,2026-06-21,848,617,111,1,Morning
7409,13,804,320,2025-12-01,922,913,36,17,Night
7410,2,783,376,2025-08-29,1094,879,67,20,Morning
7411,5,381,482,2025-11-29,1138,679,101,3,Night
7412,22,663,495,2026-01-04,957,711,54,20,Morning
7413,22,749,80,2025-06-24,908,873,23,2,Night
7414,22,952,177,2026-04-04,941,714,50,24,Evening
7415,12,808,133,2026-01-31,1200,1064,8,4,Evening
7416,19,553,163,2026-01-03,1018,641,34,7,Evening
7417,6,484,131,2026-03-28,906,740,109,22,Night
7418,13,784,288,2025-10-04,1064,623,44,16,Night
7419,17,266,365,2025-06-30,841,713,101,5,Evening
7420,17,403,190,2026-01-24,1163,750,88,23,Night
7421,11,598,193,2026-02-23,1067,697,31,16,Morning
7422,9,28,283,2025-07-06,1136,814,39,24,Morning
7423,15,386,78,2025-09-20,1004,857,77,16,Evening
7424,12,566,131,2026-05-17,857,679,20,10,Night
7425,24,885,335,2025-07-10,1141,905,98,9,Morning
7426,16,248,473,2025-09-11,1166,743,54,25,Night
7427,6,138,362,2026-04-28,920,853,15,17,Evening
7428,12,117,328,2026-01-29,913,799,119,16,Night
7429,14,701,464,2026-02-27,982,929,92,6,Night
7430,11,113,478,2025-08-16,900,821,72,10,Morning
7431,18,768,309,2025-09-13,848,658,74,12,Evening
7432,8,982,375,2026-01-03,800,745,17,2,Evening
7433,19,855,41,2025-12-24,949,907,25,10,Night
7434,7,257,399,2025-07-18,801,702,90,3,Morning
7435,19,219,326,2025-07-29,902,712,69,7,Night
7436,9,969,372,2025-11-12,1097,944,43,13,Night
7437,20,992,488,2025-11-05,863,774,82,18,Morning
7438,22,874,225,2026-06-15,1025,818,105,17,Morning
7439,1,528,322,2026-06-13,919,727,120,2,Evening
7440,13,865,224,2026-02-27,1101,655,72,8,Morning
7441,8,890,368,2026-04-15,896,666,89,23,Night
7442,4,614,453,2025-09-24,929,622,48,19,Evening
7443,13,784,378,2026-01-31,1012,690,99,8,Morning
7444,10,549,428,2025-12-30,842,797,59,1,Evening
7445,12,686,398,2025-10-03,1024,851,33,8,Morning
7446,10,807,395,2026-02-08,968,675,74,19,Morning
7447,20,400,37,2026-05-27,931,753,5,11,Evening
7448,6,825,308,2025-10-23,930,863,100,18,Night
7449,25,152,103,2026-06-15,912,768,41,10,Night
7450,20,131,194,2025-09-07,1063,819,59,10,Evening
7451,18,868,227,2026-04-12,1027,983,119,19,Evening
7452,23,916,441,2025-06-26,1103,776,80,10,Evening
7453,21,221,63,2026-02-28,1100,817,108,16,Night
7454,25,964,52,2026-04-10,870,853,17,11,Morning
7455,25,772,324,2025-06-30,820,752,81,1,Morning
7456,1,417,460,2025-12-05,806,695,102,11,Evening
7457,7,169,47,2025-10-26,1165,820,2,15,Morning
7458,18,384,22,2026-01-17,900,693,5,25,Night
7459,19,66,457,2026-01-23,1049,991,104,17,Evening
7460,8,750,92,2025-09-24,953,941,91,16,Night
7461,24,566,60,2026-02-13,900,655,104,8,Morning
7462,13,767,373,2026-04-05,856,769,107,7,Evening
7463,24,31,15,2026-01-08,878,865,102,3,Night
7464,4,958,39,2025-12-07,1165,861,119,14,Night
7465,17,99,272,2026-05-23,1086,729,77,17,Evening
7466,2,31,172,2026-03-02,952,604,118,23,Morning
7467,10,377,271,2025-11-16,1153,904,7,23,Night
7468,22,545,162,2026-02-12,1026,1008,104,11,Night
7469,2,392,458,2026-03-21,1059,691,102,9,Morning
7470,20,367,334,2025-08-30,1109,652,109,16,Evening
7471,25,152,107,2025-07-22,1158,685,112,10,Night
7472,3,905,250,2026-04-25,1099,681,86,0,Morning
7473,9,231,310,2025-10-12,877,811,16,17,Night
7474,22,126,59,2026-06-21,841,703,55,7,Evening
7475,16,584,368,2026-04-05,967,885,76,20,Evening
7476,2,335,105,2026-01-31,1039,1012,6,16,Morning
7477,22,214,159,2026-04-12,1056,920,91,7,Evening
7478,9,348,460,2025-07-09,1038,647,30,15,Morning
7479,5,575,399,2025-12-28,915,822,104,17,Morning
7480,16,435,361,2025-12-03,902,837,91,1,Night
7481,20,316,240,2025-07-25,959,909,38,20,Morning
7482,15,452,436,2025-11-09,1193,630,76,22,Evening
7483,12,643,78,2025-08-16,1177,657,69,23,Evening
7484,3,913,84,2025-10-08,852,727,106,23,Morning
7485,7,487,349,2026-06-03,1127,933,23,9,Morning
7486,23,886,407,2026-02-03,888,802,50,12,Evening
7487,9,522,20,2026-02-15,974,910,92,8,Evening
7488,12,487,142,2026-05-30,1183,1124,96,22,Evening
7489,15,643,236,2026-04-18,971,737,114,7,Evening
7490,12,171,164,2025-08-26,1060,751,29,17,Night
7491,19,985,500,2026-04-23,838,835,9,4,Evening
7492,15,47,220,2025-09-19,1166,622,14,5,Evening
7493,10,700,168,2026-06-18,836,625,104,8,Evening
7494,9,833,81,2026-05-22,1174,996,4,2,Night
7495,10,386,119,2025-11-16,1174,609,17,25,Evening
7496,20,232,45,2025-10-05,1189,1111,112,3,Night
7497,21,266,307,2025-07-09,1192,609,76,24,Evening
7498,21,392,81,2026-03-23,1161,672,89,8,Morning
7499,3,42,143,2026-05-06,925,864,105,0,Night
7500,12,916,180,2025-08-13,821,807,48,10,Morning
7501,18,927,392,2025-09-18,1048,954,110,20,Night
7502,9,807,267,2025-07-26,1121,781,31,23,Evening
7503,2,877,340,2026-04-26,852,786,44,23,Evening
7504,11,798,485,2025-07-19,1036,734,31,5,Night
7505,14,354,422,2026-02-07,864,600,90,8,Morning
7506,3,160,267,2025-06-29,910,772,53,21,Evening
7507,16,461,471,2026-01-25,1079,645,95,3,Night
7508,15,803,90,2026-04-20,1084,788,11,12,Morning
7509,22,830,175,2025-11-24,805,766,45,20,Night
7510,21,739,56,2026-02-23,1094,1092,42,1,Night
7511,13,842,152,2026-02-17,1046,800,19,7,Evening
7512,23,310,487,2025-10-22,1046,712,56,21,Evening
7513,15,818,231,2026-06-11,1024,851,39,7,Night
7514,11,604,276,2026-04-06,848,833,67,12,Morning
7515,19,566,382,2025-10-26,912,676,68,14,Evening
7516,11,63,327,2026-03-21,1081,982,66,9,Evening
7517,24,314,59,2025-12-12,1045,990,42,16,Morning
7518,15,72,20,2026-02-21,1144,689,87,7,Morning
7519,24,138,401,2026-01-23,974,959,105,15,Morning
7520,9,568,419,2025-08-03,997,855,96,0,Evening
7521,3,994,113,2025-07-18,1056,742,118,0,Morning
7522,21,530,307,2025-12-29,1186,1127,36,17,Evening
7523,11,788,373,2026-03-20,1009,695,108,14,Night
7524,7,862,44,2025-07-09,1165,861,54,10,Evening
7525,12,239,438,2025-10-08,925,710,17,4,Evening
7526,7,21,423,2026-05-15,1051,758,59,15,Morning
7527,12,397,465,2026-05-22,1066,986,28,0,Evening
7528,3,396,288,2025-12-13,1126,1120,11,0,Morning
7529,23,971,268,2025-07-11,928,888,83,23,Night
7530,18,92,251,2025-12-22,911,774,101,17,Evening
7531,20,763,252,2025-11-28,1187,909,90,18,Morning
7532,20,630,3,2026-02-14,844,660,27,17,Evening
7533,9,567,421,2025-12-08,896,679,55,6,Evening
7534,14,646,45,2026-01-13,1086,630,13,11,Morning
7535,2,786,70,2025-12-17,994,874,30,23,Night
7536,23,298,483,2025-12-06,841,653,34,20,Night
7537,22,793,335,2025-09-20,1063,1019,89,19,Evening
7538,13,303,260,2026-04-18,1107,1082,95,17,Morning
7539,7,992,155,2026-03-27,840,641,33,9,Evening
7540,2,385,30,2025-07-03,824,812,11,5,Morning
7541,23,862,409,2025-11-22,875,694,92,5,Night
7542,9,670,430,2025-07-22,1091,881,94,16,Evening
7543,1,441,200,2025-07-18,859,814,45,12,Morning
7544,7,146,148,2025-11-12,1042,669,38,4,Night
7545,25,483,280,2025-06-24,1126,828,61,16,Morning
7546,8,51,71,2025-08-13,876,847,101,25,Night
7547,24,60,300,2025-08-30,916,693,65,3,Morning
7548,6,42,260,2025-09-25,1042,647,1,17,Evening
7549,6,972,316,2025-12-30,1121,607,1,25,Evening
7550,25,922,343,2025-06-28,971,695,111,3,Night
7551,21,817,387,2025-10-09,858,729,118,14,Morning
7552,8,740,258,2025-11-20,983,958,56,14,Morning
7553,16,115,294,2025-07-27,1151,933,53,24,Night
7554,21,107,294,2025-11-26,975,661,65,16,Evening
7555,19,183,31,2025-12-27,808,642,20,15,Night
7556,18,687,484,2026-05-01,1031,1018,60,16,Night
7557,10,813,414,2026-01-04,1135,953,66,7,Night
7558,22,246,275,2025-11-24,822,763,70,20,Night
7559,4,18,459,2026-04-03,901,802,34,25,Evening
7560,12,680,436,2025-10-11,1061,1008,80,15,Evening
7561,5,354,293,2025-09-08,1173,643,96,14,Night
7562,3,226,210,2026-03-29,856,800,31,9,Evening
7563,24,105,284,2026-04-21,1108,918,20,3,Morning
7564,3,248,138,2026-01-01,966,628,67,7,Morning
7565,1,181,70,2026-02-25,1067,1042,10,14,Night
7566,14,637,184,2025-09-17,1167,816,59,3,Night
7567,14,622,301,2026-01-25,1153,890,53,4,Evening
7568,24,269,463,2025-07-30,815,791,0,8,Evening
7569,13,478,202,2025-10-16,1069,844,75,8,Evening
7570,9,483,21,2025-11-08,963,849,29,17,Night
7571,1,584,147,2025-07-31,1150,867,114,9,Evening
7572,11,906,255,2025-09-24,1031,925,77,21,Evening
7573,14,387,459,2025-07-10,884,609,41,10,Morning
7574,20,557,425,2026-02-03,921,921,58,24,Morning
7575,18,652,231,2026-01-14,1156,815,24,5,Evening
7576,10,410,485,2025-12-02,901,755,32,16,Morning
7577,12,679,158,2026-05-24,1010,989,77,4,Evening
7578,11,932,397,2026-02-18,1075,944,0,0,Evening
7579,5,463,472,2025-11-01,1116,645,105,10,Morning
7580,18,400,240,2026-02-01,998,839,112,8,Night
7581,24,879,483,2025-06-25,1147,785,93,12,Evening
7582,2,442,49,2025-11-26,831,682,69,7,Night
7583,25,555,360,2026-04-24,817,682,98,3,Night
7584,18,443,102,2026-04-01,1058,660,85,17,Evening
7585,2,27,199,2026-04-04,1023,610,101,25,Evening
7586,4,385,359,2026-05-05,932,894,114,7,Evening
7587,5,591,399,2025-12-26,1170,1061,91,23,Night
7588,19,880,140,2025-12-08,1093,910,48,20,Morning
7589,7,788,4,2026-04-03,1106,911,115,9,Morning
7590,2,296,324,2025-10-20,1039,899,62,1,Evening
7591,14,560,12,2025-08-12,1017,829,38,1,Night
7592,14,383,424,2025-11-30,1040,790,40,7,Morning
7593,4,429,317,2026-01-14,894,891,97,18,Evening
7594,20,557,287,2026-04-14,857,715,28,21,Evening
7595,10,925,375,2025-08-16,828,607,14,7,Evening
7596,3,944,97,2026-02-17,1078,707,77,22,Night
7597,9,474,169,2026-04-05,870,714,42,15,Morning
7598,21,961,350,2025-07-20,819,632,87,23,Morning
7599,9,454,24,2025-10-07,1003,822,35,9,Morning
7600,3,400,426,2026-06-14,1049,665,52,8,Morning
7601,19,578,137,2026-05-19,993,693,20,1,Evening
7602,16,281,185,2025-09-09,1009,653,63,25,Evening
7603,14,40,382,2026-01-06,819,676,110,24,Morning
7604,15,363,486,2025-12-03,1053,951,25,8,Morning
7605,11,906,311,2025-09-21,989,768,78,9,Morning
7606,14,405,185,2026-05-19,959,746,58,5,Evening
7607,1,175,85,2025-12-11,829,668,23,5,Night
7608,7,152,27,2026-01-04,861,726,61,8,Evening
7609,25,411,280,2025-07-16,1085,631,8,17,Evening
7610,20,219,338,2025-10-04,1117,894,22,1,Evening
7611,7,752,94,2025-09-22,1199,1081,21,7,Evening
7612,5,308,131,2026-02-06,848,631,106,13,Night
7613,15,896,195,2026-02-14,918,817,0,25,Night
7614,17,500,163,2025-10-11,937,746,25,22,Evening
7615,3,949,104,2026-02-20,1182,811,12,19,Morning
7616,4,396,127,2025-07-14,893,640,10,19,Morning
7617,14,98,207,2025-08-29,1194,1067,49,7,Night
7618,3,679,206,2026-01-24,953,752,96,24,Evening
7619,22,258,107,2026-01-09,1079,803,17,6,Morning
7620,1,448,179,2025-12-10,1154,710,93,2,Evening
7621,9,985,336,2026-01-07,1002,1000,118,5,Morning
7622,2,550,314,2026-06-13,816,700,102,7,Evening
7623,12,362,178,2025-09-26,812,735,13,0,Morning
7624,17,201,354,2025-07-24,942,618,85,2,Morning
7625,1,667,333,2025-12-20,1106,913,88,8,Morning
7626,19,643,447,2025-09-30,1149,987,74,0,Night
7627,3,566,45,2026-01-23,838,794,79,12,Evening
7628,6,634,140,2025-10-20,867,615,66,19,Morning
7629,17,839,387,2025-12-28,878,618,27,23,Morning
7630,20,908,34,2026-03-24,1199,1064,84,2,Night
7631,4,75,178,2026-01-02,866,614,53,5,Night
7632,23,982,82,2025-07-13,1179,645,36,18,Night
7633,2,28,165,2026-01-17,1146,1113,119,9,Morning
7634,9,648,500,2026-04-23,1053,997,9,25,Morning
7635,16,416,451,2026-05-16,922,695,42,6,Morning
7636,16,17,271,2025-08-24,1163,1127,1,13,Night
7637,7,335,254,2026-04-26,1176,812,72,11,Morning
7638,19,856,327,2025-07-17,896,613,64,21,Morning
7639,23,826,237,2026-03-09,940,888,111,25,Evening
7640,3,346,16,2026-04-15,847,728,77,24,Evening
7641,21,252,352,2026-05-28,814,783,13,9,Night
7642,13,333,133,2025-07-27,1049,632,54,14,Evening
7643,4,471,29,2026-02-07,1024,615,44,21,Evening
7644,2,605,253,2025-06-23,1145,644,33,4,Morning
7645,5,238,140,2025-12-11,1150,937,106,9,Night
7646,8,466,318,2025-10-17,860,777,32,13,Morning
7647,4,491,37,2025-06-29,814,796,98,12,Evening
7648,5,177,186,2026-01-18,1124,738,46,3,Morning
7649,1,332,208,2026-05-01,1114,635,37,23,Morning
7650,23,357,335,2026-04-06,937,829,51,20,Night
7651,7,980,26,2026-05-30,1126,637,90,6,Evening
7652,8,803,143,2026-06-07,920,690,45,15,Morning
7653,14,564,459,2026-06-21,968,737,7,0,Night
7654,10,769,458,2026-01-01,864,835,13,0,Evening
7655,19,935,172,2025-10-07,1022,793,0,0,Evening
7656,13,386,383,2026-02-10,1086,665,14,25,Evening
7657,14,109,461,2026-02-19,967,910,70,2,Night
7658,22,754,385,2025-11-08,886,733,75,20,Night
7659,20,102,497,2025-09-30,914,823,48,6,Night
7660,24,447,131,2026-02-22,997,831,8,19,Morning
7661,1,881,8,2025-08-06,831,766,39,5,Morning
7662,22,754,256,2025-12-14,961,749,31,7,Evening
7663,4,862,207,2025-11-11,1176,1153,63,14,Evening
7664,24,652,391,2026-01-31,928,872,12,7,Evening
7665,25,163,344,2026-04-05,897,605,112,9,Evening
7666,2,986,458,2025-09-04,987,763,95,12,Morning
7667,14,345,129,2026-03-15,949,816,106,17,Night
7668,17,321,71,2025-10-22,939,913,3,5,Night
7669,20,598,209,2026-05-04,905,669,20,22,Evening
7670,1,976,35,2025-12-01,893,880,23,6,Night
7671,9,762,235,2025-07-20,1086,922,12,14,Morning
7672,15,126,443,2026-03-18,824,668,1,2,Morning
7673,10,958,435,2025-12-16,1101,674,21,10,Evening
7674,24,646,398,2025-12-06,822,624,116,16,Morning
7675,22,399,277,2026-01-20,921,721,24,0,Night
7676,10,731,32,2026-05-12,961,675,77,5,Morning
7677,23,613,485,2026-05-05,1079,713,64,13,Night
7678,2,583,28,2026-04-18,833,769,73,19,Evening
7679,22,645,171,2026-05-21,910,862,27,11,Evening
7680,10,800,360,2025-10-22,1182,1043,41,18,Night
7681,21,709,152,2026-01-18,880,823,62,16,Evening
7682,11,153,233,2026-03-04,1189,931,25,1,Night
7683,21,220,127,2025-10-13,945,934,47,10,Night
7684,8,123,163,2025-07-24,1165,691,29,6,Morning
7685,17,708,160,2026-01-25,1065,1010,11,22,Night
7686,24,109,296,2025-12-23,1066,661,85,10,Night
7687,7,631,110,2026-03-28,976,942,65,4,Night
7688,3,794,363,2025-12-21,1033,901,76,5,Evening
7689,21,287,197,2026-03-03,978,712,29,19,Evening
7690,4,350,188,2025-10-01,1039,739,42,19,Night
7691,15,198,437,2026-03-03,982,632,112,4,Morning
7692,8,912,188,2026-04-08,1126,817,110,8,Night
7693,20,265,247,2026-05-25,1090,720,70,7,Night
7694,11,829,404,2025-07-02,891,810,43,11,Morning
7695,24,116,394,2025-08-02,1194,835,39,11,Evening
7696,2,606,55,2026-04-19,996,781,5,7,Night
7697,2,303,171,2026-03-02,920,659,44,4,Night
7698,22,924,79,2025-08-19,1020,688,16,5,Morning
7699,12,358,71,2026-06-13,807,662,45,13,Morning
7700,2,735,425,2025-10-20,1145,1134,2,22,Evening
7701,13,663,244,2026-04-08,991,913,9,21,Night
7702,17,413,197,2026-04-19,806,742,114,13,Morning
7703,15,848,49,2026-06-10,1072,663,44,23,Night
7704,17,60,63,2026-03-10,1098,670,62,4,Morning
7705,19,185,251,2025-09-17,985,944,77,1,Night
7706,19,763,442,2025-07-17,1167,1056,4,8,Evening
7707,24,294,31,2025-11-06,1113,714,119,1,Evening
7708,3,412,475,2026-04-06,1081,986,39,13,Night
7709,25,851,122,2026-01-01,1113,728,3,22,Morning
7710,12,4,110,2025-08-29,841,755,81,20,Morning
7711,13,147,464,2026-01-01,1200,935,11,10,Morning
7712,5,430,470,2026-05-27,879,605,119,9,Evening
7713,12,908,286,2026-03-26,1171,712,20,20,Evening
7714,17,227,50,2025-11-25,1032,965,35,10,Night
7715,3,352,185,2025-07-22,1194,1144,88,20,Morning
7716,7,412,365,2025-09-21,1176,1047,43,18,Evening
7717,3,64,478,2026-03-09,948,927,21,15,Morning
7718,16,450,474,2026-06-19,1156,638,16,11,Morning
7719,10,858,416,2026-01-01,909,631,119,17,Morning
7720,24,805,220,2026-01-14,1086,844,68,9,Night
7721,11,819,38,2026-06-03,1024,824,106,6,Night
7722,10,500,397,2025-08-11,1155,756,25,3,Evening
7723,16,888,404,2026-06-05,872,848,82,15,Night
7724,22,974,178,2025-12-10,1199,927,90,6,Morning
7725,4,555,198,2026-05-29,1065,903,111,12,Evening
7726,21,626,248,2025-07-09,1113,708,40,17,Evening
7727,5,375,244,2025-11-21,1077,980,25,25,Evening
7728,13,138,176,2026-03-27,800,778,32,8,Evening
7729,18,274,296,2026-01-12,1177,1082,30,13,Morning
7730,15,522,104,2025-12-31,987,764,107,6,Evening
7731,4,565,458,2026-06-02,1083,634,70,23,Night
7732,11,429,193,2025-12-21,829,677,80,1,Night
7733,24,253,500,2026-04-02,1109,826,116,0,Evening
7734,12,110,343,2026-03-10,1073,980,73,22,Morning
7735,24,529,92,2026-03-08,1188,826,58,22,Evening
7736,20,67,485,2026-01-30,894,837,32,20,Morning
7737,19,968,253,2026-01-02,1067,620,63,20,Evening
7738,3,836,484,2026-02-22,1187,925,111,12,Morning
7739,13,847,193,2026-05-27,888,692,47,3,Morning
7740,1,729,464,2026-05-08,906,810,106,16,Morning
7741,7,502,411,2026-03-04,944,775,7,13,Night
7742,20,381,303,2025-08-07,1114,896,40,12,Morning
7743,3,517,409,2026-02-15,1125,923,117,13,Morning
7744,19,231,253,2025-08-17,852,824,70,7,Night
7745,3,277,354,2026-03-11,857,822,34,4,Morning
7746,22,738,418,2025-09-05,1080,805,72,1,Morning
7747,1,127,294,2026-04-29,962,615,24,22,Morning
7748,16,8,37,2025-09-11,1070,993,39,8,Evening
7749,12,279,489,2025-11-12,1048,703,88,22,Evening
7750,11,163,259,2026-05-24,1050,848,22,22,Evening
7751,12,731,101,2026-06-14,931,788,91,8,Evening
7752,16,240,477,2025-10-04,810,754,62,7,Morning
7753,4,267,22,2026-04-19,1143,710,5,15,Night
7754,19,32,104,2026-01-17,849,786,68,11,Morning
7755,6,205,395,2026-02-09,965,833,59,7,Night
7756,14,266,161,2025-10-18,835,829,36,16,Morning
7757,16,728,42,2025-08-23,1023,1012,116,8,Night
7758,25,180,33,2025-06-21,1170,925,95,22,Night
7759,19,72,178,2026-06-12,875,875,61,12,Morning
7760,17,83,278,2026-05-26,867,698,105,16,Night
7761,14,623,358,2025-07-14,1176,898,119,23,Night
7762,15,181,243,2025-06-29,1138,977,77,0,Night
7763,2,796,428,2026-03-31,973,613,103,25,Morning
7764,24,172,114,2025-09-11,1191,684,8,18,Evening
7765,21,679,262,2025-06-28,1135,1082,20,8,Night
7766,21,445,6,2025-12-29,1020,1020,112,0,Night
7767,23,159,252,2026-05-16,959,629,75,24,Morning
7768,16,828,111,2025-12-07,1033,631,17,5,Night
7769,1,814,426,2025-11-03,884,687,81,7,Evening
7770,18,621,11,2025-07-08,1093,998,102,7,Morning
7771,1,946,486,2025-10-13,1159,671,76,1,Morning
7772,9,852,93,2025-09-06,1175,759,13,14,Night
7773,21,886,223,2025-10-25,1121,844,53,17,Morning
7774,17,622,81,2025-12-18,1139,894,104,5,Evening
7775,12,964,132,2025-09-14,1118,795,25,16,Morning
7776,8,817,439,2026-01-26,997,845,56,14,Night
7777,8,966,7,2026-01-11,1156,912,113,1,Evening
7778,25,926,371,2025-07-14,1187,1033,85,11,Night
7779,3,703,295,2026-02-21,1013,848,109,5,Evening
7780,14,420,472,2026-02-18,1148,839,40,0,Morning
7781,13,318,234,2026-01-05,845,668,92,11,Evening
7782,17,535,63,2025-07-31,1060,728,117,3,Evening
7783,14,502,373,2026-06-07,1181,845,112,0,Morning
7784,7,144,41,2025-08-05,1000,872,105,24,Night
7785,10,462,80,2026-01-14,916,853,33,18,Morning
7786,4,585,341,2026-04-30,1015,664,81,13,Morning
7787,22,670,18,2026-05-21,1049,960,78,8,Evening
7788,9,329,186,2026-02-03,868,710,6,3,Night
7789,7,568,173,2026-01-26,812,720,25,10,Night
7790,16,103,296,2026-01-31,812,674,105,24,Night
7791,1,593,91,2025-07-03,1093,998,99,18,Evening
7792,13,12,417,2025-07-12,1103,916,17,12,Evening
7793,10,603,420,2025-08-28,1059,698,86,3,Morning
7794,25,771,83,2026-04-14,1082,749,93,23,Morning
7795,16,227,466,2026-04-11,1037,1007,117,4,Evening
7796,18,167,383,2026-02-26,805,779,46,25,Night
7797,13,265,77,2025-11-18,1074,932,22,20,Morning
7798,22,181,409,2025-08-16,1115,644,67,6,Night
7799,10,461,86,2025-09-04,886,602,63,17,Evening
7800,21,540,321,2026-05-11,1133,703,119,22,Evening
7801,13,390,313,2026-04-22,1138,826,36,10,Morning
7802,5,130,342,2026-02-06,809,642,67,8,Morning
7803,15,549,229,2025-08-26,952,845,81,16,Morning
7804,12,312,188,2025-11-10,937,667,108,7,Morning
7805,2,216,104,2026-05-19,1177,1049,7,6,Morning
7806,5,807,26,2025-11-27,981,730,104,14,Night
7807,7,906,20,2026-03-18,1008,839,54,24,Morning
7808,7,164,149,2025-12-31,1161,695,8,25,Evening
7809,3,904,253,2025-11-16,921,823,21,0,Night
7810,10,868,498,2026-01-28,928,667,115,5,Evening
7811,3,147,315,2026-02-16,800,620,30,4,Morning
7812,17,614,363,2026-02-03,943,604,8,11,Morning
7813,7,634,14,2025-07-14,1161,868,50,19,Evening
7814,23,886,17,2026-01-07,1163,671,96,19,Night
7815,17,606,389,2025-11-11,1188,1163,73,15,Night
7816,9,443,184,2025-10-31,965,635,53,12,Evening
7817,16,37,168,2025-08-01,1025,621,69,8,Evening
7818,16,374,327,2025-09-21,927,720,113,25,Morning
7819,18,630,303,2025-10-17,960,606,15,1,Night
7820,1,819,475,2026-06-15,802,643,64,8,Morning
7821,3,852,183,2025-12-31,1149,1085,68,20,Night
7822,22,271,269,2025-11-09,1156,666,118,21,Evening
7823,25,605,306,2026-05-14,1137,998,5,1,Night
7824,19,881,201,2025-11-12,1090,738,113,1,Morning
7825,10,897,75,2025-06-27,1034,971,90,17,Evening
7826,18,718,3,2025-08-26,1198,880,92,23,Morning
7827,10,671,286,2026-05-29,1011,736,117,18,Evening
7828,4,66,199,2026-03-04,848,659,61,22,Evening
7829,6,155,238,2025-12-24,953,764,97,4,Morning
7830,24,296,216,2025-11-16,1124,993,0,2,Evening
7831,19,435,161,2026-02-09,821,809,94,14,Morning
7832,7,354,461,2026-02-28,868,831,28,12,Morning
7833,8,70,383,2025-10-30,1113,719,75,19,Evening
7834,24,994,257,2025-09-26,1111,867,101,6,Night
7835,22,816,58,2025-09-13,904,661,26,1,Morning
7836,8,518,344,2025-07-12,932,654,59,1,Night
7837,3,148,449,2026-06-11,943,727,28,9,Morning
7838,13,769,142,2025-07-23,936,669,20,6,Morning
7839,24,450,239,2025-10-02,828,608,37,12,Evening
7840,25,689,371,2025-12-22,815,685,110,2,Evening
7841,13,825,24,2025-07-18,903,858,104,21,Morning
7842,15,413,494,2025-08-30,835,723,69,5,Morning
7843,19,921,468,2026-05-15,1092,912,81,10,Night
7844,3,535,466,2026-02-20,1118,1085,73,6,Evening
7845,19,134,342,2026-02-09,866,611,14,3,Morning
7846,19,677,27,2025-08-07,849,731,46,20,Evening
7847,7,264,131,2026-06-21,843,708,78,23,Morning
7848,4,736,414,2026-02-05,833,753,13,7,Evening
7849,9,615,265,2026-02-02,1067,689,29,23,Evening
7850,9,353,210,2025-07-20,1180,950,61,8,Evening
7851,4,168,222,2025-12-23,884,771,102,13,Night
7852,17,424,264,2026-01-03,1006,856,77,18,Morning
7853,7,269,365,2025-07-02,1192,1050,39,14,Morning
7854,25,927,481,2025-07-30,1170,1087,69,24,Night
7855,25,252,251,2026-05-22,960,645,68,3,Evening
7856,23,665,112,2025-12-25,1063,688,59,18,Night
7857,21,411,32,2026-06-11,909,639,1,13,Evening
7858,10,332,71,2026-05-09,908,639,79,22,Night
7859,16,754,27,2025-09-21,970,739,56,25,Morning
7860,8,171,26,2025-12-26,917,783,34,9,Night
7861,21,296,33,2025-08-08,939,645,3,22,Morning
7862,22,163,61,2025-07-16,1093,947,107,21,Evening
7863,15,193,141,2025-07-09,868,604,37,18,Evening
7864,14,488,66,2025-11-21,875,815,19,25,Morning
7865,1,136,208,2026-03-02,1095,703,71,25,Night
7866,14,604,451,2026-04-19,840,710,67,20,Morning
7867,5,930,474,2026-01-24,853,824,44,24,Morning
7868,25,678,96,2025-12-05,1065,642,3,3,Morning
7869,1,914,117,2026-02-07,1054,770,40,11,Night
7870,11,376,110,2026-01-24,1145,617,43,3,Evening
7871,4,863,38,2025-11-04,1152,950,12,11,Evening
7872,8,351,234,2025-10-26,973,690,107,20,Night
7873,3,482,232,2026-05-25,848,836,105,4,Evening
7874,5,245,491,2026-04-13,878,672,8,1,Evening
7875,7,784,166,2025-07-14,1154,1096,35,16,Evening
7876,16,52,125,2025-12-14,1155,1151,54,11,Evening
7877,19,108,436,2025-07-26,1051,1028,42,25,Night
7878,3,369,384,2025-10-03,1029,964,39,9,Morning
7879,6,564,325,2025-11-12,815,696,3,2,Evening
7880,22,508,140,2026-02-10,954,940,42,18,Evening
7881,7,57,281,2025-11-04,872,630,105,18,Morning
7882,21,172,370,2025-10-02,1087,705,86,6,Evening
7883,11,214,130,2025-09-18,846,709,22,4,Morning
7884,19,398,408,2026-01-18,1147,684,5,18,Night
7885,25,689,442,2026-03-07,972,836,50,8,Evening
7886,14,463,192,2025-07-24,991,810,28,23,Morning
7887,11,50,14,2026-06-19,1177,784,26,11,Morning
7888,17,697,452,2026-05-05,896,657,91,1,Evening
7889,20,689,273,2026-06-15,822,756,62,22,Morning
7890,22,57,347,2025-07-11,831,617,41,10,Night
7891,17,948,258,2025-11-20,1138,891,75,24,Evening
7892,15,318,74,2025-12-27,1104,880,108,3,Evening
7893,6,168,171,2026-05-20,943,726,120,7,Morning
7894,23,915,497,2026-04-03,1147,742,30,4,Morning
7895,16,261,249,2026-02-04,994,976,95,17,Morning
7896,11,184,239,2026-04-29,1182,651,96,0,Morning
7897,15,24,179,2025-10-30,1187,683,80,10,Evening
7898,23,699,443,2026-06-19,1011,646,78,9,Night
7899,20,148,69,2026-04-26,1051,663,93,17,Night
7900,11,464,415,2025-06-25,951,601,3,6,Evening
7901,14,363,326,2026-04-24,1104,868,94,24,Evening
7902,5,182,80,2026-05-08,1046,704,6,1,Morning
7903,23,985,323,2025-12-03,850,632,69,7,Night
7904,16,858,209,2026-04-12,1121,1081,106,6,Morning
7905,20,555,17,2026-05-14,918,676,28,0,Morning
7906,25,872,402,2025-10-05,1014,623,4,22,Evening
7907,16,375,499,2026-01-07,1199,916,101,20,Evening
7908,18,600,285,2025-10-19,954,795,95,16,Night
7909,3,283,287,2026-02-16,832,767,9,22,Morning
7910,18,591,176,2026-02-23,983,919,94,4,Night
7911,9,54,278,2026-06-21,830,793,88,17,Night
7912,22,672,260,2026-06-13,1153,1053,62,9,Evening
7913,3,714,235,2025-11-23,958,628,71,17,Morning
7914,22,500,433,2025-08-28,820,773,88,21,Morning
7915,22,321,411,2026-05-24,847,763,91,19,Night
7916,15,86,47,2025-08-23,1040,978,6,20,Evening
7917,10,385,165,2026-01-13,1129,1059,95,2,Evening
7918,6,804,411,2026-04-22,1066,864,56,3,Night
7919,13,111,80,2025-11-23,1097,834,87,2,Morning
7920,22,461,462,2026-02-09,865,693,39,10,Morning
7921,16,452,407,2026-03-03,898,837,72,17,Evening
7922,3,700,265,2025-07-05,855,797,110,12,Night
7923,5,842,479,2026-05-28,806,791,110,15,Evening
7924,13,226,45,2025-09-15,927,714,91,19,Evening
7925,3,424,268,2025-07-24,988,659,67,10,Night
7926,10,387,251,2025-11-14,802,759,110,19,Evening
7927,21,249,159,2025-07-17,1035,708,119,2,Morning
7928,1,480,279,2025-08-28,809,654,92,0,Evening
7929,14,708,237,2026-06-13,929,657,49,18,Night
7930,3,266,125,2026-04-13,887,875,65,24,Night
7931,22,768,232,2025-12-26,829,767,7,0,Evening
7932,23,584,363,2025-09-13,1186,1141,10,17,Night
7933,24,415,321,2026-05-01,927,806,15,1,Evening
7934,21,594,411,2025-08-12,842,684,34,8,Morning
7935,20,946,273,2026-05-06,1041,763,65,7,Morning
7936,14,929,476,2026-02-27,1090,1049,46,1,Morning
7937,21,15,86,2026-03-11,979,970,19,4,Evening
7938,22,611,483,2026-04-14,1077,613,16,4,Night
7939,18,498,21,2026-03-20,801,747,69,25,Morning
7940,15,184,386,2026-05-20,1143,878,32,17,Night
7941,10,809,4,2025-12-15,1161,906,13,12,Evening
7942,1,51,410,2026-02-10,1010,696,93,24,Night
7943,2,1000,463,2025-11-12,949,846,15,3,Evening
7944,20,348,441,2025-10-14,803,612,100,5,Night
7945,8,917,200,2025-11-16,948,710,91,17,Night
7946,19,473,280,2025-09-17,1169,1146,36,12,Evening
7947,4,679,3,2026-05-18,1189,921,35,4,Morning
7948,24,403,312,2025-07-09,1023,806,42,4,Evening
7949,19,483,68,2025-10-14,1199,718,20,5,Night
7950,25,614,185,2025-07-08,833,753,43,4,Morning
7951,3,516,439,2026-04-05,1036,613,19,13,Morning
7952,15,259,454,2025-10-15,970,662,71,16,Morning
7953,2,281,472,2025-10-26,1177,740,83,14,Morning
7954,4,172,482,2025-09-28,900,740,115,25,Night
7955,11,484,410,2025-12-01,806,613,83,8,Night
7956,2,393,462,2026-04-27,852,757,101,0,Night
7957,13,320,238,2026-04-20,1114,620,89,24,Evening
7958,24,616,151,2026-02-08,1099,951,23,8,Morning
7959,8,922,66,2025-12-06,1143,674,116,3,Evening
7960,7,224,192,2025-10-20,888,783,36,12,Night
7961,5,367,362,2026-03-03,1136,886,4,13,Night
7962,14,906,359,2025-11-26,1066,838,64,13,Night
7963,13,877,374,2025-09-07,1018,608,31,4,Morning
7964,12,972,306,2025-12-20,1048,771,36,14,Morning
7965,19,111,261,2025-09-05,1146,1075,56,14,Evening
7966,9,588,204,2025-08-26,1158,1008,113,23,Morning
7967,19,119,262,2026-01-04,1069,862,17,14,Morning
7968,5,815,324,2025-11-16,1040,605,114,22,Morning
7969,18,825,200,2025-10-06,894,785,107,12,Night
7970,8,577,1,2026-01-30,901,844,48,2,Night
7971,10,502,296,2025-07-04,1077,711,29,21,Night
7972,1,844,408,2025-12-27,1096,991,106,10,Evening
7973,21,690,319,2026-06-11,930,806,28,8,Night
7974,5,851,10,2026-03-29,1132,915,67,20,Evening
7975,9,296,100,2026-05-27,1184,934,56,24,Morning
7976,11,285,179,2026-02-25,1000,818,64,0,Night
7977,21,963,23,2025-07-03,975,690,104,24,Morning
7978,16,82,461,2026-04-21,1059,876,110,19,Evening
7979,4,931,99,2026-04-09,1088,683,40,10,Morning
7980,3,95,370,2026-03-04,1065,1040,93,17,Morning
7981,23,140,264,2025-07-29,1159,792,54,23,Night
7982,6,673,290,2026-02-20,822,792,40,9,Night
7983,24,672,29,2026-03-06,870,743,77,15,Morning
7984,9,924,25,2025-09-11,1009,685,46,14,Evening
7985,2,709,179,2026-01-04,918,700,3,20,Evening
7986,25,794,337,2026-02-06,1014,1006,53,12,Evening
7987,4,596,293,2026-02-07,1105,787,88,1,Morning
7988,10,782,218,2025-12-31,918,707,32,18,Morning
7989,3,432,388,2025-10-19,1098,846,88,9,Night
7990,13,584,131,2025-08-27,1066,741,79,19,Morning
7991,9,346,107,2026-04-11,943,796,50,21,Morning
7992,8,20,487,2026-04-21,944,718,71,6,Morning
7993,2,130,127,2025-08-17,1170,941,89,2,Night
7994,13,711,316,2025-10-19,908,832,84,23,Night
7995,3,497,155,2025-08-25,1115,677,31,11,Night
7996,17,603,270,2025-11-06,984,827,115,7,Evening
7997,9,265,231,2026-05-02,861,618,14,21,Night
7998,4,20,267,2025-10-01,1067,1048,57,11,Evening
7999,15,185,368,2026-01-16,838,788,117,17,Night
8000,15,624,300,2026-04-11,1041,955,83,23,Morning
8001,18,195,45,2026-01-25,933,651,30,3,Night
8002,17,750,409,2026-03-04,929,632,98,14,Evening
8003,6,37,486,2025-09-19,1185,791,43,6,Night
8004,14,763,92,2025-11-06,957,718,8,19,Morning
8005,14,436,299,2025-12-18,803,732,13,24,Morning
8006,1,590,94,2025-10-27,926,844,23,11,Morning
8007,11,512,472,2025-12-09,1052,711,85,12,Morning
8008,10,806,349,2026-03-15,907,825,20,23,Morning
8009,12,433,330,2025-09-23,895,694,66,14,Evening
8010,10,988,289,2026-05-20,1025,627,54,18,Evening
8011,20,285,193,2026-02-16,899,738,94,2,Evening
8012,14,197,28,2026-04-02,844,844,10,7,Evening
8013,16,137,379,2026-01-13,1023,792,4,9,Evening
8014,20,617,256,2026-04-05,1173,880,116,6,Evening
8015,14,304,175,2025-09-01,1148,773,111,12,Morning
8016,7,341,12,2025-09-09,1001,755,1,25,Morning
8017,23,268,35,2025-09-27,1005,965,104,1,Night
8018,6,108,242,2025-10-25,1110,1077,117,8,Morning
8019,25,265,376,2025-07-10,917,637,19,12,Night
8020,19,134,391,2025-12-09,903,642,37,17,Morning
8021,9,421,374,2025-11-20,1108,745,44,9,Morning
8022,2,108,416,2026-04-18,1111,993,85,24,Evening
8023,11,568,373,2025-12-23,1120,902,116,4,Morning
8024,13,287,334,2025-08-24,810,737,12,20,Night
8025,25,70,197,2026-04-28,1058,843,19,6,Morning
8026,11,692,310,2026-04-19,1017,1014,7,3,Evening
8027,7,270,198,2025-11-07,921,800,5,20,Evening
8028,10,362,422,2026-05-16,905,831,81,6,Evening
8029,5,337,197,2025-09-11,866,701,69,8,Night
8030,8,831,414,2025-07-03,1173,1070,93,13,Night
8031,15,840,483,2026-04-06,826,823,2,22,Evening
8032,5,714,244,2026-01-10,1057,608,24,13,Night
8033,24,687,66,2026-04-09,927,736,33,19,Morning
8034,14,310,440,2026-02-27,972,837,46,16,Night
8035,6,804,285,2026-05-07,1104,913,75,17,Evening
8036,23,121,241,2026-05-03,1074,977,42,11,Evening
8037,5,274,453,2025-12-01,1039,646,63,7,Morning
8038,13,570,249,2026-04-23,1160,771,50,13,Night
8039,14,284,407,2025-12-02,1156,958,18,16,Morning
8040,25,811,136,2025-07-03,1145,882,81,24,Evening
8041,11,597,80,2025-11-19,914,759,15,19,Evening
8042,4,938,312,2025-12-20,958,662,56,15,Night
8043,18,615,188,2025-09-07,957,723,110,20,Night
8044,14,405,483,2026-01-26,1148,925,113,21,Night
8045,23,987,117,2026-01-16,1134,707,83,5,Night
8046,5,426,286,2026-02-03,833,601,40,10,Morning
8047,19,314,497,2025-11-11,1035,820,47,18,Morning
8048,13,33,335,2026-01-06,847,671,75,1,Evening
8049,3,896,218,2025-10-07,1080,835,92,10,Night
8050,18,305,288,2026-06-12,1072,744,106,14,Evening
8051,24,695,176,2025-07-11,1058,1002,45,16,Morning
8052,11,180,162,2026-04-24,812,671,25,4,Night
8053,24,329,119,2025-08-04,996,923,42,22,Night
8054,16,315,96,2026-01-17,929,761,107,6,Evening
8055,1,263,100,2026-01-24,1044,1020,76,15,Morning
8056,4,164,199,2025-11-11,800,622,78,8,Night
8057,17,340,254,2025-08-03,849,624,118,6,Night
8058,8,906,128,2025-11-15,1168,910,16,25,Morning
8059,7,583,492,2025-12-31,1142,1048,114,1,Night
8060,21,699,48,2025-07-31,828,708,113,9,Night
8061,24,808,200,2025-12-19,1176,665,16,15,Evening
8062,2,71,50,2025-10-02,1097,699,11,25,Evening
8063,9,40,183,2026-06-12,877,776,12,7,Morning
8064,14,335,238,2026-06-09,916,699,118,11,Morning
8065,17,195,36,2025-08-03,948,802,9,21,Night
8066,10,516,335,2026-03-24,905,643,71,20,Evening
8067,20,111,390,2025-10-12,1001,606,67,7,Morning
8068,7,501,293,2025-07-28,899,879,78,6,Morning
8069,12,289,482,2026-04-03,1019,738,3,14,Night
8070,20,190,399,2025-10-05,924,830,27,6,Morning
8071,7,714,107,2025-10-21,935,813,113,18,Evening
8072,23,668,239,2026-03-26,982,892,86,8,Night
8073,22,987,146,2025-10-11,1019,691,98,18,Evening
8074,24,291,437,2026-03-20,808,776,20,9,Evening
8075,25,904,350,2025-12-20,894,822,97,12,Night
8076,19,22,275,2025-10-30,1031,622,51,6,Night
8077,24,662,143,2025-10-07,1039,704,61,2,Evening
8078,6,305,422,2025-11-29,1133,967,99,22,Evening
8079,10,993,468,2026-02-22,1054,738,12,19,Night
8080,5,905,101,2026-03-27,1012,901,99,7,Morning
8081,5,482,294,2025-08-29,863,610,28,8,Night
8082,2,899,225,2026-03-15,1075,646,42,3,Night
8083,21,232,32,2025-11-10,1025,917,20,2,Evening
8084,13,107,221,2025-12-19,1120,800,102,19,Night
8085,11,933,415,2025-10-08,866,760,23,18,Night
8086,11,878,275,2025-07-27,861,781,118,21,Night
8087,7,772,186,2025-10-13,1149,941,115,23,Night
8088,21,848,271,2025-12-25,842,622,76,22,Night
8089,25,481,238,2025-12-24,864,689,38,16,Night
8090,22,326,126,2025-10-19,1125,951,54,23,Morning
8091,11,122,397,2025-09-20,947,643,97,19,Night
8092,24,118,200,2025-08-22,929,799,97,2,Morning
8093,10,129,118,2025-11-10,882,736,21,14,Evening
8094,5,498,90,2025-06-28,906,622,3,13,Night
8095,12,826,320,2025-12-04,910,711,11,23,Evening
8096,17,489,254,2025-10-18,1194,1055,11,12,Evening
8097,9,451,264,2025-10-20,1117,1117,65,16,Night
8098,9,127,173,2026-06-10,835,731,49,4,Morning
8099,20,518,53,2025-12-04,1074,663,43,19,Night
8100,15,421,377,2025-12-17,883,629,46,8,Night
8101,6,232,404,2026-05-26,1058,888,7,9,Night
8102,2,422,357,2025-12-11,1192,775,118,12,Morning
8103,13,987,449,2025-10-02,850,699,76,16,Evening
8104,20,709,96,2025-06-22,1115,736,95,13,Morning
8105,22,34,230,2026-05-28,1188,601,21,13,Night
8106,15,610,254,2026-01-29,1163,1108,42,6,Morning
8107,1,879,94,2025-08-01,1163,688,105,22,Evening
8108,22,873,131,2026-06-01,1102,1069,59,6,Morning
8109,10,150,45,2026-02-27,1183,882,80,11,Morning
8110,19,403,215,2026-03-23,1110,656,70,23,Evening
8111,18,510,370,2026-06-08,1006,678,30,9,Morning
8112,5,77,130,2026-01-10,868,784,100,20,Morning
8113,16,188,255,2025-07-29,943,675,100,18,Evening
8114,21,894,72,2025-11-03,953,711,6,16,Evening
8115,12,114,28,2026-03-18,927,743,99,9,Evening
8116,18,250,141,2026-01-18,870,858,39,13,Morning
8117,4,911,426,2026-03-10,1153,684,82,17,Night
8118,17,385,26,2025-08-16,996,942,62,9,Evening
8119,15,270,278,2025-10-19,985,751,56,3,Morning
8120,14,761,434,2026-02-02,969,897,83,11,Morning
8121,17,709,348,2026-05-05,937,702,107,18,Night
8122,25,575,267,2026-01-21,973,887,16,14,Morning
8123,16,389,360,2025-06-29,1067,975,76,6,Night
8124,9,28,499,2026-02-17,1013,655,53,11,Night
8125,15,145,46,2026-02-15,800,767,119,24,Night
8126,1,57,23,2026-01-09,800,786,116,14,Night
8127,8,199,180,2025-11-09,865,862,114,20,Night
8128,6,485,343,2025-08-05,922,911,42,6,Evening
8129,10,128,197,2025-06-29,1024,797,104,9,Evening
8130,24,543,46,2026-06-19,1200,813,48,6,Night
8131,2,165,331,2026-03-17,982,690,107,19,Night
8132,15,441,28,2026-01-25,940,732,6,10,Evening
8133,15,998,2,2026-04-22,967,626,73,18,Night
8134,23,374,26,2026-03-25,1097,687,0,18,Evening
8135,1,920,142,2026-04-08,1157,1108,109,22,Evening
8136,6,404,265,2025-08-11,1134,805,106,1,Morning
8137,9,591,255,2025-11-15,1085,874,16,13,Morning
8138,18,352,474,2026-02-24,928,918,112,14,Night
8139,14,667,292,2026-06-02,919,819,101,19,Evening
8140,24,748,236,2025-09-06,957,610,60,15,Evening
8141,19,501,488,2025-09-25,955,759,34,21,Morning
8142,9,348,293,2025-09-25,922,754,20,17,Evening
8143,25,851,9,2025-09-10,903,848,101,7,Night
8144,23,806,386,2026-06-19,1045,787,32,8,Morning
8145,1,905,443,2025-07-07,1145,752,22,13,Morning
8146,5,572,463,2026-01-26,1079,787,15,19,Evening
8147,9,981,474,2025-09-27,981,786,3,24,Evening
8148,16,210,330,2025-09-23,801,614,15,21,Evening
8149,6,899,409,2025-12-21,1099,960,19,0,Morning
8150,1,286,466,2026-06-02,1001,921,103,10,Night
8151,4,971,255,2025-09-29,1139,1046,57,21,Night
8152,19,501,236,2026-06-01,1012,791,60,6,Evening
8153,18,311,331,2025-08-17,839,839,88,9,Morning
8154,7,498,421,2025-10-25,1131,730,38,0,Night
8155,3,986,338,2026-02-23,1032,777,105,24,Evening
8156,18,471,89,2025-10-28,917,757,119,13,Night
8157,5,156,156,2025-07-28,1039,811,91,21,Morning
8158,21,582,370,2025-07-29,800,771,66,20,Night
8159,18,1000,202,2025-09-07,1150,940,9,10,Night
8160,22,880,215,2025-10-15,1153,1036,74,12,Morning
8161,24,219,113,2026-05-11,892,606,58,24,Morning
8162,14,334,216,2026-01-28,874,684,109,15,Night
8163,9,390,7,2026-03-24,1160,898,58,15,Night
8164,1,477,486,2026-03-26,1065,1016,44,15,Night
8165,18,454,416,2025-11-21,1013,623,2,8,Night
8166,21,593,55,2026-02-07,899,682,102,9,Evening
8167,10,877,46,2026-05-18,1064,788,101,16,Evening
8168,5,847,236,2026-05-31,887,795,83,25,Night
8169,1,440,117,2026-04-09,834,723,18,13,Evening
8170,8,63,263,2026-03-15,958,650,42,4,Night
8171,11,747,446,2025-11-29,1155,1015,49,2,Evening
8172,9,848,134,2026-06-14,1062,904,82,18,Night
8173,4,948,347,2026-05-31,958,771,70,20,Morning
8174,15,127,494,2025-11-28,804,632,77,25,Evening
8175,25,318,198,2025-08-18,866,769,29,0,Morning
8176,22,713,4,2025-12-01,1112,854,95,5,Night
8177,3,708,435,2025-09-21,968,686,57,22,Evening
8178,10,415,60,2025-06-29,1159,865,112,2,Night
8179,9,575,209,2025-07-21,920,889,103,8,Night
8180,20,864,70,2025-11-07,1090,1061,73,0,Night
8181,23,814,294,2025-06-21,1014,617,38,0,Evening
8182,10,253,239,2026-01-13,1091,742,48,21,Morning
8183,21,55,324,2025-09-24,835,803,61,14,Morning
8184,10,708,58,2025-10-22,897,887,106,2,Night
8185,19,598,452,2025-08-07,819,780,62,23,Morning
8186,23,75,333,2026-05-30,810,683,92,25,Night
8187,19,25,379,2026-03-16,1043,844,10,4,Evening
8188,8,613,278,2025-11-11,1152,677,101,18,Evening
8189,5,15,220,2026-06-04,1186,870,97,25,Night
8190,10,905,312,2026-03-31,978,890,95,1,Evening
8191,2,470,148,2026-03-13,963,826,79,8,Night
8192,6,555,338,2026-03-23,1131,622,99,9,Evening
8193,12,496,108,2026-06-14,979,723,49,20,Morning
8194,13,820,468,2025-12-30,1038,953,66,9,Evening
8195,13,612,188,2025-07-20,970,757,40,12,Morning
8196,25,4,154,2025-11-28,1197,997,119,2,Morning
8197,1,200,428,2025-11-17,828,789,80,7,Morning
8198,7,851,264,2026-01-02,1004,665,105,13,Night
8199,8,901,363,2025-07-01,1148,1021,57,16,Morning
8200,2,107,29,2025-12-30,1047,680,32,8,Evening
8201,8,924,228,2025-07-22,821,784,29,7,Evening
8202,21,12,330,2026-05-22,1140,807,51,1,Morning
8203,22,569,234,2026-04-12,903,848,103,25,Night
8204,1,436,82,2025-12-08,1094,608,41,11,Morning
8205,7,679,281,2026-06-13,824,782,86,25,Morning
8206,22,10,284,2025-08-21,1134,1003,28,12,Evening
8207,24,494,272,2026-04-25,824,772,60,2,Night
8208,24,880,59,2026-04-22,989,799,46,8,Morning
8209,14,640,278,2026-03-27,1000,725,96,12,Evening
8210,23,888,100,2025-12-29,1126,997,4,24,Night
8211,14,454,321,2025-11-27,1034,698,101,15,Night
8212,6,430,238,2025-12-15,815,711,106,1,Morning
8213,3,958,112,2026-01-22,968,908,101,7,Morning
8214,3,621,358,2026-03-29,1151,712,69,17,Morning
8215,14,742,129,2026-05-07,955,664,13,13,Evening
8216,12,29,268,2025-11-28,1015,879,55,7,Evening
8217,5,244,278,2026-02-11,1193,1009,72,10,Evening
8218,17,224,151,2025-09-11,1101,1012,92,15,Night
8219,18,721,139,2025-06-25,1107,1107,103,6,Evening
8220,2,591,75,2025-11-30,1118,691,64,8,Morning
8221,23,975,243,2025-12-12,869,839,2,6,Night
8222,4,772,229,2025-09-25,831,741,72,10,Evening
8223,13,225,3,2025-08-31,882,641,1,16,Night
8224,5,823,133,2025-10-26,951,684,25,11,Evening
8225,14,353,262,2026-02-06,1185,684,119,22,Night
8226,12,315,58,2025-10-08,831,641,70,23,Night
8227,12,68,293,2026-03-23,812,756,59,25,Night
8228,7,887,466,2025-12-11,1177,974,37,15,Morning
8229,5,89,53,2025-11-25,1068,657,47,11,Evening
8230,8,422,45,2025-07-17,948,694,39,21,Morning
8231,6,831,77,2026-03-13,988,818,39,22,Evening
8232,14,142,39,2026-01-14,965,747,85,2,Evening
8233,13,244,219,2025-09-10,941,877,99,3,Night
8234,1,663,104,2025-09-19,938,606,64,23,Evening
8235,8,975,53,2025-10-27,893,783,0,11,Evening
8236,25,545,72,2026-05-02,861,703,78,3,Evening
8237,6,793,308,2025-09-02,1188,727,46,7,Night
8238,7,603,6,2025-10-01,888,820,91,2,Night
8239,22,124,115,2026-03-04,1105,752,51,25,Night
8240,25,760,21,2026-02-26,992,961,83,23,Evening
8241,16,91,480,2025-08-17,1137,905,59,15,Morning
8242,12,265,121,2026-04-16,812,771,94,23,Morning
8243,20,174,417,2026-05-15,1157,849,14,17,Night
8244,23,398,4,2025-09-20,1094,734,65,20,Night
8245,17,118,265,2025-09-15,842,733,42,10,Morning
8246,7,213,312,2026-06-02,1157,670,77,25,Night
8247,14,107,484,2026-03-13,1085,1028,60,10,Night
8248,16,835,190,2025-11-11,1038,684,63,14,Night
8249,13,778,150,2026-01-18,1053,680,27,14,Morning
8250,18,464,320,2025-08-23,1139,770,51,22,Morning
8251,12,146,232,2025-10-22,1002,681,35,13,Evening
8252,8,852,25,2025-10-07,1018,793,31,25,Night
8253,4,782,104,2025-11-29,931,679,1,11,Morning
8254,12,292,407,2026-02-11,1117,830,114,13,Night
8255,8,808,284,2026-05-17,829,635,32,10,Morning
8256,14,818,483,2026-03-05,1114,670,64,22,Night
8257,24,868,266,2025-11-18,1018,1004,22,14,Morning
8258,16,211,185,2025-09-20,882,739,82,10,Night
8259,14,268,155,2025-06-22,829,646,22,8,Night
8260,13,611,296,2025-12-04,979,860,33,24,Evening
8261,6,60,120,2026-03-15,936,805,68,11,Evening
8262,6,96,13,2026-04-29,1090,837,114,7,Morning
8263,20,134,142,2025-10-17,961,891,0,1,Evening
8264,8,71,315,2025-09-11,886,694,95,14,Night
8265,2,396,366,2025-11-05,1128,939,37,15,Night
8266,14,491,68,2025-11-01,1044,746,58,16,Morning
8267,15,936,313,2025-08-23,1136,965,94,21,Evening
8268,3,305,29,2026-05-07,874,792,71,19,Evening
8269,19,70,161,2026-01-27,1090,677,97,22,Evening
8270,5,811,448,2025-07-01,1057,620,60,20,Evening
8271,11,583,381,2025-10-24,1193,802,27,2,Night
8272,6,807,49,2026-06-21,1017,713,52,17,Morning
8273,25,633,201,2025-08-03,947,854,106,16,Morning
8274,16,920,17,2026-06-17,927,659,24,2,Evening
8275,22,867,405,2025-07-14,816,759,20,6,Morning
8276,24,793,239,2025-08-12,973,953,119,1,Night
8277,7,653,445,2026-01-10,1105,715,64,14,Morning
8278,21,276,254,2026-01-06,992,905,80,16,Night
8279,12,578,111,2025-12-05,1044,759,59,10,Night
8280,5,797,375,2026-03-05,929,793,80,19,Evening
8281,4,234,96,2026-03-02,955,953,31,9,Night
8282,25,251,67,2026-01-11,975,846,13,18,Night
8283,23,384,345,2025-12-25,947,774,35,2,Evening
8284,2,917,350,2026-03-23,977,752,6,19,Night
8285,2,541,295,2025-11-26,1176,979,102,22,Night
8286,11,831,264,2026-06-04,940,767,24,0,Morning
8287,15,703,25,2025-12-18,1124,756,41,20,Evening
8288,9,284,248,2025-06-24,916,825,40,4,Morning
8289,16,85,192,2026-01-27,1085,966,56,22,Night
8290,6,15,256,2026-03-23,1191,1076,71,5,Evening
8291,21,122,70,2025-12-22,935,676,9,22,Morning
8292,8,50,228,2026-04-15,1079,602,85,19,Evening
8293,14,572,185,2026-05-02,835,764,97,18,Morning
8294,21,956,454,2025-11-11,1072,885,73,3,Night
8295,13,353,287,2026-02-14,1171,646,95,17,Night
8296,3,312,424,2026-01-13,932,905,50,10,Night
8297,18,164,417,2025-08-11,809,807,57,13,Evening
8298,14,447,409,2025-10-09,847,753,9,4,Evening
8299,14,409,375,2025-06-24,1003,669,30,10,Morning
8300,16,626,363,2026-01-04,1163,815,11,23,Night
8301,9,242,366,2025-11-14,1057,1041,39,13,Night
8302,11,138,474,2025-09-12,865,779,40,5,Night
8303,2,185,164,2025-06-29,1132,604,18,18,Evening
8304,20,3,376,2025-12-02,950,693,75,7,Morning
8305,18,367,381,2025-09-26,1047,656,56,6,Morning
8306,14,875,33,2026-03-31,1007,984,55,3,Morning
8307,24,154,454,2025-06-21,1045,714,49,5,Night
8308,2,425,157,2025-07-13,819,667,96,17,Morning
8309,1,939,73,2026-04-17,939,607,32,23,Night
8310,18,614,216,2026-03-21,876,836,111,2,Night
8311,23,336,350,2026-04-15,961,662,16,1,Night
8312,6,369,28,2026-06-16,1047,779,105,3,Night
8313,6,117,324,2026-02-26,1163,656,52,9,Night
8314,2,237,113,2026-02-28,1177,882,112,16,Evening
8315,20,172,491,2026-03-16,1035,661,45,14,Morning
8316,24,4,221,2026-01-26,993,644,101,6,Morning
8317,7,177,410,2025-08-19,1096,972,44,2,Morning
8318,23,867,249,2026-01-19,1058,1010,18,24,Evening
8319,10,162,481,2025-10-30,1046,783,49,19,Night
8320,22,884,351,2026-03-15,915,612,43,0,Evening
8321,3,740,396,2026-02-19,1017,903,38,22,Morning
8322,10,168,355,2025-08-11,1148,950,5,2,Night
8323,23,947,246,2026-04-01,1053,656,51,23,Night
8324,21,344,200,2025-09-29,1035,715,62,10,Evening
8325,18,341,207,2025-08-20,1171,1152,29,21,Night
8326,8,269,339,2026-04-20,997,881,98,22,Morning
8327,19,899,482,2025-10-02,1195,763,69,17,Morning
8328,3,110,136,2025-06-26,894,654,26,3,Evening
8329,19,588,255,2026-01-18,1030,937,63,2,Night
8330,13,673,231,2026-06-21,1128,1101,96,17,Morning
8331,6,655,143,2026-05-19,1105,930,0,10,Night
8332,9,778,116,2026-03-18,1120,709,109,21,Night
8333,3,469,54,2025-12-07,886,844,79,8,Night
8334,3,766,279,2025-09-08,861,838,70,2,Morning
8335,14,265,405,2025-12-22,992,767,8,18,Night
8336,14,375,206,2025-10-21,900,673,17,20,Night
8337,14,77,404,2025-09-04,1194,862,13,5,Evening
8338,13,13,382,2025-10-06,983,895,41,10,Morning
8339,15,18,51,2026-03-10,911,872,28,0,Night
8340,24,236,233,2026-01-25,1024,1009,41,18,Evening
8341,4,202,242,2025-06-24,990,949,91,19,Evening
8342,14,614,367,2026-05-27,886,743,78,10,Night
8343,4,89,212,2025-09-21,1078,1002,83,19,Evening
8344,19,224,57,2025-12-08,872,658,20,16,Night
8345,24,228,311,2026-01-14,1169,1137,9,15,Evening
8346,18,7,159,2025-09-13,1047,864,113,9,Evening
8347,2,519,94,2026-05-16,955,617,90,11,Night
8348,12,593,20,2025-07-27,1119,859,97,24,Morning
8349,14,275,92,2025-10-01,908,845,95,3,Morning
8350,13,398,394,2025-08-27,950,678,72,7,Evening
8351,17,307,437,2025-12-02,874,797,110,12,Night
8352,6,993,322,2025-07-15,808,689,66,8,Night
8353,9,105,382,2026-05-14,1126,1008,91,14,Evening
8354,16,899,79,2026-03-24,1110,879,102,10,Morning
8355,13,859,37,2025-09-12,1087,815,71,7,Evening
8356,19,171,193,2026-02-17,1061,833,114,8,Night
8357,1,8,96,2025-07-04,947,944,108,22,Morning
8358,7,816,310,2025-10-17,878,824,14,6,Night
8359,7,26,321,2026-03-01,865,602,4,15,Morning
8360,20,979,362,2025-11-18,1182,645,111,16,Morning
8361,5,841,495,2026-02-03,1126,935,22,13,Night
8362,10,402,497,2025-09-20,1101,914,36,5,Morning
8363,15,140,244,2025-12-08,1119,889,64,25,Morning
8364,11,682,146,2025-09-01,1160,685,90,6,Morning
8365,24,507,35,2026-03-18,992,730,68,21,Morning
8366,7,981,156,2025-11-10,879,773,50,6,Evening
8367,6,914,378,2025-11-05,824,609,23,0,Evening
8368,12,465,241,2025-10-28,1121,928,100,5,Evening
8369,15,584,154,2025-12-19,1048,849,51,12,Evening
8370,7,14,301,2025-10-08,1146,728,87,3,Morning
8371,17,488,131,2025-12-15,859,671,85,5,Night
8372,23,793,129,2025-12-18,1188,600,120,1,Night
8373,18,208,393,2025-07-20,1142,668,53,2,Morning
8374,9,270,1,2026-03-06,1049,735,42,16,Evening
8375,2,854,397,2025-10-19,1039,1016,23,17,Evening
8376,19,386,111,2026-05-13,1039,852,73,1,Morning
8377,13,259,201,2025-08-22,1107,738,76,18,Morning
8378,11,234,406,2025-08-20,878,704,74,18,Evening
8379,25,69,350,2025-07-15,1181,819,21,2,Night
8380,23,671,444,2026-03-08,1143,923,66,18,Morning
8381,24,365,437,2025-11-15,843,758,8,2,Evening
8382,6,416,233,2026-06-12,838,747,91,19,Morning
8383,20,51,341,2026-01-15,1070,1057,21,24,Morning
8384,9,879,347,2025-06-23,1060,1059,4,25,Night
8385,12,331,37,2025-10-04,1017,925,90,20,Evening
8386,6,493,60,2026-05-28,1087,633,82,16,Evening
8387,11,573,337,2025-12-06,918,751,18,17,Morning
8388,7,999,88,2025-09-06,904,749,69,7,Evening
8389,24,664,423,2025-08-02,1011,1011,85,10,Morning
8390,19,550,131,2025-08-01,1147,805,75,13,Night
8391,5,38,367,2025-12-27,1198,795,91,12,Night
8392,22,751,156,2025-11-07,1051,698,119,21,Morning
8393,4,114,229,2025-10-15,1008,908,1,8,Night
8394,19,721,49,2026-05-30,1101,784,46,21,Morning
8395,4,480,39,2025-09-08,964,709,44,22,Morning
8396,12,711,272,2026-03-13,921,920,34,14,Morning
8397,3,487,360,2026-06-06,1037,932,78,2,Evening
8398,15,433,447,2026-05-01,1017,692,1,25,Morning
8399,24,481,209,2025-12-28,896,888,72,20,Morning
8400,21,236,472,2025-12-08,1180,841,15,11,Evening
8401,1,518,158,2026-05-29,1131,832,37,7,Night
8402,15,957,245,2025-12-10,891,750,67,2,Morning
8403,6,259,335,2025-10-18,1018,805,104,24,Morning
8404,20,173,182,2026-01-11,1176,619,44,11,Morning
8405,11,677,302,2026-03-31,914,851,50,15,Morning
8406,8,43,422,2025-12-20,894,678,100,23,Night
8407,4,559,232,2025-12-10,1154,951,23,0,Evening
8408,18,238,44,2026-03-28,1001,949,80,3,Morning
8409,5,473,267,2025-12-03,1142,704,61,11,Evening
8410,15,407,458,2025-07-13,1041,813,44,4,Night
8411,2,29,288,2026-06-19,999,882,96,4,Evening
8412,21,70,447,2025-09-21,1147,1038,112,15,Night
8413,25,368,275,2026-06-09,935,642,31,12,Evening
8414,14,265,469,2026-03-26,849,612,41,18,Night
8415,16,277,83,2026-06-07,1196,1125,106,8,Night
8416,18,398,10,2026-05-20,885,805,120,23,Morning
8417,1,355,131,2025-10-30,1149,876,23,21,Evening
8418,9,487,445,2025-10-23,1129,791,26,12,Night
8419,23,252,467,2026-05-27,1183,973,9,9,Morning
8420,22,761,430,2025-07-17,896,721,93,12,Morning
8421,1,274,361,2025-11-28,853,843,27,5,Morning
8422,2,849,334,2026-05-30,1095,662,54,20,Evening
8423,13,274,249,2025-08-01,1133,901,78,15,Evening
8424,17,368,114,2025-09-21,956,631,9,7,Night
8425,2,79,381,2026-04-14,815,800,79,18,Morning
8426,13,923,138,2026-01-02,1086,936,113,13,Night
8427,21,424,120,2025-08-08,877,788,17,6,Night
8428,7,239,379,2025-08-16,918,792,49,21,Morning
8429,12,2,228,2026-05-02,1125,1086,85,12,Night
8430,2,526,224,2025-09-21,1111,902,16,21,Evening
8431,5,940,195,2026-01-25,1011,784,15,20,Morning
8432,12,960,141,2025-07-12,1110,766,1,18,Morning
8433,9,711,327,2025-06-25,938,883,0,13,Evening
8434,25,140,484,2026-04-06,1022,992,38,3,Morning
8435,3,19,244,2026-05-14,1118,962,105,18,Night
8436,16,915,239,2025-11-08,1143,891,120,6,Morning
8437,20,796,369,2025-06-22,884,845,93,6,Evening
8438,7,693,299,2026-01-26,886,777,88,12,Night
8439,13,486,77,2026-06-15,1084,977,1,4,Evening
8440,2,38,435,2026-02-20,994,649,50,21,Morning
8441,11,32,305,2025-07-07,980,614,93,7,Morning
8442,22,74,65,2025-09-19,1139,631,41,14,Morning
8443,6,384,266,2026-05-05,870,623,58,16,Morning
8444,25,154,229,2025-06-23,1178,904,18,15,Evening
8445,8,559,199,2026-05-28,822,665,104,17,Night
8446,15,223,273,2025-11-30,1194,826,1,13,Morning
8447,13,418,473,2025-10-26,838,607,2,24,Evening
8448,23,893,179,2025-06-26,812,680,16,14,Evening
8449,10,631,414,2025-08-18,976,811,72,17,Night
8450,24,808,436,2025-11-12,1018,912,33,0,Evening
8451,7,762,86,2026-05-18,923,919,64,15,Morning
8452,22,781,258,2025-07-17,908,751,17,13,Evening
8453,4,273,167,2025-07-16,827,677,105,21,Night
8454,16,218,239,2026-05-19,924,835,46,7,Night
8455,5,699,446,2025-07-16,1104,767,62,6,Night
8456,11,407,420,2025-10-10,883,823,103,24,Night
8457,19,372,43,2025-07-06,943,705,81,11,Morning
8458,18,797,64,2025-07-05,1200,606,13,2,Morning
8459,12,233,351,2026-05-21,1107,837,86,6,Evening
8460,3,577,246,2026-03-08,832,641,21,6,Night
8461,24,458,74,2025-12-22,1120,707,52,24,Evening
8462,7,81,247,2025-09-26,1017,794,49,2,Evening
8463,9,911,48,2026-03-21,998,798,46,25,Evening
8464,16,185,483,2026-05-29,827,693,13,23,Night
8465,11,276,320,2025-11-28,988,946,37,9,Night
8466,10,432,381,2025-08-31,923,806,66,22,Evening
8467,2,379,287,2026-03-22,968,874,8,0,Night
8468,25,674,29,2026-03-17,968,624,33,13,Morning
8469,23,349,99,2026-03-28,1184,658,120,8,Morning
8470,22,261,88,2025-10-09,997,741,64,4,Morning
8471,9,236,77,2026-02-18,917,842,102,14,Morning
8472,2,261,255,2026-05-18,1088,905,49,7,Night
8473,15,289,255,2026-01-13,1030,762,53,18,Evening
8474,13,570,173,2025-08-18,1156,850,93,6,Morning
8475,12,128,93,2026-04-16,1160,1155,83,12,Night
8476,15,76,284,2025-07-14,899,869,2,19,Morning
8477,7,624,1,2026-03-22,974,916,91,22,Morning
8478,7,758,212,2025-11-19,1172,614,0,5,Night
8479,17,702,83,2025-06-21,881,743,36,18,Morning
8480,10,379,377,2026-03-30,1091,687,102,18,Evening
8481,20,620,51,2026-04-27,1128,1011,24,16,Morning
8482,3,449,80,2025-12-21,805,775,91,5,Morning
8483,16,985,378,2025-09-19,1083,663,16,11,Evening
8484,24,178,218,2025-10-07,887,608,107,3,Night
8485,21,97,361,2026-04-18,1084,601,82,18,Evening
8486,17,631,108,2025-10-22,1006,1006,101,21,Morning
8487,15,950,449,2026-06-19,1117,1026,87,22,Evening
8488,24,153,205,2025-10-08,1009,696,43,20,Night
8489,4,369,215,2026-05-12,979,945,8,3,Evening
8490,19,444,197,2026-06-16,1085,988,40,25,Evening
8491,22,877,103,2025-11-03,854,802,46,24,Evening
8492,9,53,179,2026-01-25,860,808,76,17,Night
8493,24,587,89,2025-11-12,1124,892,90,20,Morning
8494,9,273,243,2025-11-13,1156,670,102,23,Evening
8495,9,409,10,2026-01-26,1166,750,77,12,Morning
8496,20,450,67,2025-08-29,1108,1058,113,13,Night
8497,21,911,417,2026-06-15,1074,789,90,4,Evening
8498,14,376,400,2026-05-16,805,686,5,15,Evening
8499,17,430,95,2026-03-03,834,823,29,3,Evening
8500,21,174,40,2025-08-13,809,623,14,19,Morning
8501,2,805,438,2026-01-13,1049,895,104,22,Evening
8502,23,963,302,2026-04-10,832,724,36,5,Morning
8503,15,127,137,2025-08-11,996,778,95,16,Evening
8504,24,138,136,2025-08-21,1071,750,85,13,Evening
8505,11,354,326,2026-01-30,914,744,3,14,Morning
8506,4,985,317,2025-06-27,926,771,78,6,Evening
8507,19,472,490,2025-07-23,1111,602,105,11,Morning
8508,4,8,173,2026-05-07,1011,972,39,18,Morning
8509,11,185,257,2026-05-24,1126,671,33,11,Night
8510,22,396,147,2025-07-27,935,681,70,22,Night
8511,14,351,265,2026-01-04,901,691,108,5,Night
8512,1,85,467,2025-08-04,836,776,92,22,Night
8513,22,90,45,2025-08-03,1127,780,38,7,Night
8514,21,779,334,2026-06-13,1143,703,98,19,Morning
8515,1,493,102,2026-02-26,937,927,89,20,Night
8516,19,468,19,2026-04-27,856,647,47,3,Night
8517,21,591,112,2025-07-03,1144,982,99,11,Morning
8518,21,82,2,2026-05-20,1162,1036,88,17,Morning
8519,19,932,456,2026-04-29,993,854,117,17,Morning
8520,5,460,399,2025-11-14,884,755,84,19,Night
8521,4,509,15,2025-10-15,959,894,48,18,Morning
8522,3,971,432,2025-11-10,1130,839,64,25,Morning
8523,9,403,477,2025-07-28,1081,881,36,9,Morning
8524,14,613,498,2025-12-04,816,666,86,21,Night
8525,4,890,125,2025-11-24,1197,1103,60,5,Evening
8526,4,445,394,2026-03-26,980,890,12,20,Night
8527,24,355,308,2025-12-11,942,769,115,5,Night
8528,17,421,459,2025-07-31,814,813,91,1,Evening
8529,22,583,356,2026-01-10,1067,703,7,16,Night
8530,17,980,56,2026-03-23,1115,956,56,15,Evening
8531,12,689,354,2025-08-20,1076,1015,66,11,Evening
8532,5,643,81,2026-04-13,1002,728,65,9,Morning
8533,5,97,333,2025-12-15,1024,660,63,5,Evening
8534,20,972,253,2026-05-03,946,631,21,9,Night
8535,25,913,14,2025-08-23,1112,625,53,0,Night
8536,17,372,118,2025-12-15,882,869,103,8,Night
8537,3,716,440,2025-06-21,973,955,81,5,Evening
8538,4,551,359,2026-03-27,1104,930,116,23,Night
8539,24,514,442,2026-03-22,1129,755,40,16,Evening
8540,18,470,253,2025-07-16,1047,742,103,3,Morning
8541,6,536,405,2025-07-25,990,641,119,2,Night
8542,25,832,226,2025-11-30,1000,714,61,8,Night
8543,18,45,42,2026-02-19,888,843,75,24,Night
8544,1,293,229,2025-10-17,897,797,56,16,Morning
8545,9,50,178,2026-01-12,859,693,68,18,Night
8546,4,959,463,2026-03-18,1057,816,94,5,Morning
8547,25,166,45,2025-07-11,825,718,11,2,Evening
8548,12,215,205,2026-05-18,1090,1010,66,7,Evening
8549,5,386,472,2025-06-29,869,624,3,21,Morning
8550,21,167,385,2026-06-20,1183,686,62,22,Morning
8551,9,54,6,2025-08-02,1116,650,102,7,Morning
8552,10,152,375,2025-08-19,1140,938,26,7,Morning
8553,1,330,29,2025-12-03,945,822,73,7,Night
8554,1,368,357,2026-03-18,1078,928,117,6,Evening
8555,16,501,17,2025-07-22,807,662,45,11,Night
8556,25,958,144,2026-04-22,1167,800,12,14,Morning
8557,9,398,247,2025-12-10,1063,911,30,10,Morning
8558,18,572,32,2025-08-25,1117,873,43,12,Morning
8559,13,495,135,2025-08-01,1028,935,79,8,Evening
8560,20,8,36,2025-10-04,1108,1084,25,0,Night
8561,23,174,204,2025-09-10,1027,918,47,23,Night
8562,5,202,395,2025-11-18,992,731,79,24,Night
8563,10,151,368,2025-07-15,1085,773,104,19,Morning
8564,20,328,104,2025-10-31,1184,619,69,16,Evening
8565,21,342,159,2026-01-27,986,742,41,6,Morning
8566,16,416,359,2026-03-14,1074,857,27,1,Night
8567,25,498,362,2026-01-25,917,894,104,6,Morning
8568,5,449,339,2026-04-19,998,957,84,24,Evening
8569,1,985,38,2025-08-14,935,740,62,14,Evening
8570,10,807,79,2026-04-16,1039,814,89,24,Evening
8571,24,273,180,2025-06-30,1066,687,77,22,Morning
8572,9,199,316,2025-07-27,1011,880,69,18,Morning
8573,2,938,12,2025-07-16,957,841,98,21,Night
8574,14,174,333,2025-11-13,1109,880,71,0,Evening
8575,8,43,455,2026-02-19,982,674,70,17,Morning
8576,6,479,304,2026-02-16,1177,782,26,6,Evening
8577,7,222,360,2025-09-07,1104,801,5,23,Night
8578,11,292,498,2026-03-20,1048,991,13,22,Evening
8579,11,578,389,2026-05-05,974,945,118,16,Night
8580,2,216,399,2026-05-21,866,605,114,22,Evening
8581,18,56,11,2026-02-17,1160,780,8,13,Night
8582,3,177,466,2026-01-16,1061,919,54,0,Evening
8583,11,950,314,2025-09-07,882,775,40,5,Evening
8584,12,240,483,2026-05-25,863,711,32,2,Morning
8585,6,721,146,2025-07-15,979,752,56,21,Morning
8586,6,315,127,2025-09-30,985,641,29,22,Evening
8587,21,542,441,2026-04-07,1175,607,49,5,Night
8588,1,940,85,2025-09-17,984,928,119,21,Evening
8589,23,245,421,2025-12-20,1124,664,9,13,Morning
8590,10,488,128,2026-05-18,1016,984,66,24,Morning
8591,9,205,453,2025-12-20,1001,991,40,23,Night
8592,15,210,477,2026-04-15,830,759,28,18,Evening
8593,11,570,400,2025-07-06,891,855,48,14,Evening
8594,16,912,273,2025-07-06,1199,1184,63,6,Evening
8595,1,239,259,2026-03-17,888,862,50,15,Morning
8596,13,936,73,2026-02-01,1174,1024,97,3,Morning
8597,20,949,90,2026-01-24,984,632,24,18,Evening
8598,7,130,140,2025-07-27,887,774,35,12,Night
8599,11,828,234,2026-04-09,1036,859,103,23,Night
8600,1,371,425,2026-01-11,860,705,30,9,Night
8601,12,650,153,2025-09-28,941,652,5,10,Morning
8602,7,375,302,2026-04-11,1197,841,25,8,Evening
8603,11,657,405,2025-11-15,904,847,67,10,Night
8604,22,829,250,2025-11-21,924,810,49,5,Morning
8605,25,492,44,2026-01-13,1133,652,88,13,Evening
8606,22,772,274,2025-09-06,1151,929,112,10,Evening
8607,8,215,217,2025-07-04,837,779,93,25,Night
8608,18,371,258,2025-08-29,889,750,49,14,Morning
8609,25,863,48,2025-08-25,807,710,116,24,Night
8610,17,122,408,2026-03-01,1089,1024,77,19,Morning
8611,13,677,352,2026-05-20,1007,750,101,8,Night
8612,11,556,473,2026-03-16,1052,824,52,11,Morning
8613,9,998,204,2025-12-18,951,719,27,25,Night
8614,24,151,325,2026-02-02,918,600,2,5,Morning
8615,18,158,237,2025-10-15,996,614,89,24,Night
8616,12,75,30,2026-01-07,993,953,31,1,Evening
8617,19,49,239,2025-07-03,1049,1009,24,13,Night
8618,18,453,64,2026-01-01,1055,985,112,24,Night
8619,8,641,465,2025-07-02,836,799,50,23,Evening
8620,4,510,330,2026-01-14,1146,1052,113,24,Evening
8621,22,849,349,2025-12-12,1039,961,117,15,Morning
8622,11,517,331,2026-03-25,1146,837,21,17,Morning
8623,16,25,319,2025-11-05,1001,609,20,25,Evening
8624,12,272,35,2025-07-14,954,950,60,24,Night
8625,19,241,453,2026-03-20,1155,685,107,19,Night
8626,15,643,29,2026-03-31,1179,1098,82,1,Night
8627,13,887,421,2026-06-13,956,922,91,24,Night
8628,16,824,337,2025-08-29,1171,1056,11,20,Night
8629,5,966,343,2026-04-14,1039,1025,116,12,Evening
8630,21,531,165,2026-01-28,1153,860,15,3,Night
8631,23,145,422,2026-01-01,931,779,3,10,Morning
8632,13,466,267,2026-04-02,1075,697,1,17,Evening
8633,22,723,4,2026-03-26,1060,873,52,5,Night
8634,22,244,351,2025-07-11,844,678,101,7,Morning
8635,18,712,29,2026-03-04,1041,752,65,14,Evening
8636,7,992,241,2025-07-19,1159,882,46,21,Evening
8637,3,950,382,2026-05-31,926,876,89,1,Morning
8638,5,928,70,2025-08-25,1051,802,119,16,Evening
8639,5,70,140,2026-02-23,1065,628,113,13,Night
8640,4,728,12,2025-09-22,806,663,39,18,Night
8641,5,548,105,2026-01-06,1154,702,31,8,Evening
8642,3,194,105,2025-12-28,938,754,6,16,Night
8643,12,863,287,2025-10-09,866,660,43,23,Night
8644,17,969,100,2025-12-24,1099,697,80,20,Evening
8645,11,212,372,2026-06-08,1031,695,118,15,Morning
8646,25,108,160,2025-08-19,941,708,22,25,Morning
8647,14,35,229,2026-05-28,1149,1051,77,23,Morning
8648,8,89,91,2025-10-08,1196,1143,22,5,Morning
8649,6,932,96,2025-11-18,991,682,53,0,Morning
8650,3,82,41,2026-06-20,1097,949,95,13,Evening
8651,3,387,487,2025-08-25,1098,717,78,11,Evening
8652,24,301,423,2026-02-11,1139,773,115,10,Evening
8653,13,404,460,2026-05-07,1194,1059,9,13,Evening
8654,11,778,361,2025-11-11,939,911,71,6,Night
8655,3,920,211,2026-03-20,823,767,39,17,Morning
8656,20,19,340,2025-11-06,861,772,80,10,Morning
8657,24,605,415,2026-06-14,1066,853,36,23,Evening
8658,17,23,155,2026-05-16,1059,748,56,25,Evening
8659,1,489,483,2025-07-28,929,792,44,5,Evening
8660,16,189,374,2025-12-15,1173,801,39,7,Night
8661,4,354,200,2026-06-10,1143,602,11,2,Night
8662,8,363,247,2025-10-26,1024,887,104,24,Evening
8663,21,162,429,2026-01-14,986,941,20,8,Morning
8664,21,686,340,2025-11-03,1018,785,84,17,Evening
8665,1,167,363,2025-07-05,1103,843,51,25,Night
8666,8,747,46,2025-08-17,1170,1012,65,24,Night
8667,7,437,194,2026-03-04,1165,625,12,1,Night
8668,21,654,496,2025-10-03,934,839,116,16,Evening
8669,10,827,263,2026-03-16,1193,689,116,9,Evening
8670,17,362,209,2025-11-06,1035,649,36,4,Evening
8671,25,577,350,2026-04-08,1052,833,48,20,Morning
8672,4,864,385,2025-11-24,1073,863,88,2,Morning
8673,13,374,64,2025-12-21,1075,917,113,23,Morning
8674,7,772,452,2025-08-17,1124,829,117,8,Evening
8675,21,764,254,2025-09-04,856,719,41,23,Morning
8676,13,527,110,2025-11-30,1027,731,81,5,Night
8677,16,178,163,2025-07-11,951,630,5,13,Morning
8678,24,296,449,2026-05-10,1054,609,91,17,Night
8679,9,841,448,2026-02-01,893,654,118,0,Evening
8680,10,319,473,2026-03-18,1070,910,51,24,Evening
8681,13,701,140,2025-09-17,863,828,34,11,Night
8682,9,11,393,2025-10-30,852,852,13,16,Night
8683,8,601,103,2025-11-20,1127,843,51,23,Evening
8684,6,588,7,2025-06-26,1079,607,26,0,Evening
8685,10,192,29,2026-06-15,971,720,70,7,Night
8686,7,723,128,2026-04-01,1006,929,61,4,Night
8687,8,11,240,2026-06-12,1089,614,92,1,Evening
8688,16,758,309,2026-05-24,893,802,120,9,Night
8689,20,989,24,2025-07-08,940,811,69,0,Evening
8690,11,981,453,2026-02-18,1168,654,85,11,Night
8691,8,376,139,2026-01-09,1060,649,50,1,Evening
8692,22,92,437,2026-04-08,938,685,24,6,Morning
8693,5,902,190,2026-03-15,1072,894,44,5,Evening
8694,14,945,154,2026-05-28,998,744,37,15,Night
8695,16,22,291,2025-09-07,940,604,106,5,Morning
8696,11,38,154,2026-03-25,869,791,54,17,Morning
8697,4,542,156,2026-05-01,894,804,81,16,Evening
8698,16,408,445,2025-09-11,820,743,61,22,Evening
8699,17,409,485,2026-03-01,853,813,32,3,Evening
8700,11,404,192,2026-05-24,979,961,96,7,Night
8701,19,197,114,2025-08-17,1179,1046,107,1,Night
8702,9,635,340,2026-01-05,986,742,58,12,Night
8703,13,992,397,2025-08-17,1186,670,56,8,Morning
8704,1,851,255,2026-05-06,1140,1110,47,20,Evening
8705,22,131,335,2026-01-31,968,729,39,8,Morning
8706,19,263,269,2025-12-17,885,711,59,11,Night
8707,16,575,318,2025-11-15,802,801,58,2,Morning
8708,25,270,322,2025-12-15,919,902,80,24,Morning
8709,1,412,385,2026-03-22,821,766,59,6,Night
8710,5,129,17,2025-11-29,953,632,52,13,Night
8711,16,326,251,2026-01-05,975,902,29,5,Morning
8712,25,404,399,2025-10-12,922,890,87,10,Evening
8713,4,92,156,2026-02-23,1035,965,93,18,Morning
8714,21,387,290,2026-03-27,1040,681,91,3,Evening
8715,24,32,50,2026-05-12,1164,1133,0,9,Morning
8716,14,352,493,2026-06-18,1097,857,54,1,Evening
8717,21,42,315,2026-02-10,910,767,45,7,Night
8718,3,60,224,2026-05-13,868,689,22,18,Night
8719,25,146,265,2026-06-03,1031,725,101,2,Night
8720,3,53,394,2026-04-05,869,761,33,22,Evening
8721,23,961,455,2026-03-18,883,663,57,25,Night
8722,8,722,198,2026-03-28,1182,1144,83,25,Morning
8723,4,729,247,2025-08-10,1037,734,6,14,Evening
8724,5,146,25,2025-10-31,869,851,28,5,Evening
8725,23,380,477,2025-08-11,895,621,4,9,Evening
8726,12,243,334,2025-11-07,1066,899,86,15,Morning
8727,8,541,385,2026-01-22,1137,1004,87,18,Evening
8728,23,478,18,2025-12-23,864,734,120,24,Morning
8729,1,89,23,2026-05-05,1187,600,102,12,Night
8730,9,643,234,2026-03-02,802,760,29,13,Morning
8731,23,739,243,2025-08-30,1174,939,109,17,Evening
8732,25,704,96,2026-02-01,1147,766,111,7,Evening
8733,21,844,74,2025-07-15,921,632,11,11,Morning
8734,20,255,333,2026-03-29,855,693,22,3,Evening
8735,1,504,73,2025-08-08,973,736,115,5,Morning
8736,12,736,206,2025-10-20,1052,778,67,21,Night
8737,14,575,102,2025-12-20,1179,1069,38,16,Morning
8738,6,271,288,2026-06-17,979,880,64,25,Evening
8739,25,729,377,2026-04-16,837,660,113,11,Morning
8740,1,476,353,2026-03-07,984,661,84,18,Evening
8741,25,850,276,2025-10-12,806,755,16,22,Morning
8742,15,248,174,2026-03-13,1194,1114,11,23,Night
8743,25,875,406,2025-10-07,1119,1116,64,16,Evening
8744,19,358,484,2025-11-29,917,735,47,24,Night
8745,4,440,279,2025-12-08,1161,615,65,21,Evening
8746,9,763,141,2026-02-07,1175,939,92,3,Night
8747,7,685,350,2026-02-20,941,894,61,9,Night
8748,23,591,462,2025-11-02,956,717,114,5,Morning
8749,20,178,210,2025-12-29,1083,706,93,1,Evening
8750,23,145,31,2026-01-02,918,720,51,24,Night
8751,18,983,438,2025-12-27,892,651,46,15,Night
8752,21,400,434,2026-03-13,840,692,8,24,Evening
8753,20,610,264,2026-06-15,1173,940,44,0,Evening
8754,4,611,443,2026-02-17,816,766,31,14,Evening
8755,10,408,481,2025-09-19,874,699,89,19,Evening
8756,5,787,48,2025-12-14,940,773,23,25,Evening
8757,16,337,116,2026-02-05,828,636,98,19,Night
8758,4,142,121,2026-01-14,841,746,17,12,Evening
8759,16,502,205,2026-06-20,1105,846,46,4,Night
8760,17,34,357,2025-11-13,987,819,29,24,Night
8761,22,247,394,2026-05-03,937,814,17,3,Morning
8762,22,601,198,2026-05-24,937,733,24,22,Morning
8763,14,969,300,2025-07-07,1088,861,91,19,Evening
8764,10,16,357,2025-09-27,1179,648,65,16,Evening
8765,15,306,143,2026-04-05,843,681,3,24,Night
8766,18,60,213,2026-01-06,1114,859,0,3,Night
8767,4,623,458,2026-03-31,1071,604,67,7,Night
8768,8,582,361,2025-07-28,898,628,101,10,Night
8769,8,482,120,2026-03-03,874,799,86,5,Morning
8770,6,986,242,2025-09-30,1188,903,51,6,Morning
8771,7,453,104,2025-12-07,1066,674,7,13,Morning
8772,10,745,221,2025-11-01,812,708,11,24,Night
8773,12,774,480,2026-06-17,881,656,76,0,Morning
8774,2,96,391,2025-12-01,805,697,39,4,Night
8775,25,654,43,2025-09-22,1180,1021,51,12,Morning
8776,15,257,490,2025-10-27,837,797,22,15,Evening
8777,15,945,46,2025-08-31,1192,1181,79,12,Evening
8778,8,451,148,2026-02-26,819,608,29,3,Morning
8779,2,557,478,2026-06-12,863,768,107,24,Evening
8780,11,187,45,2025-09-18,904,761,93,22,Morning
8781,25,960,380,2025-07-04,899,678,15,13,Morning
8782,20,721,471,2025-06-30,1058,812,73,23,Night
8783,23,504,248,2026-05-07,947,801,120,2,Evening
8784,21,991,116,2025-11-10,880,776,11,25,Morning
8785,17,68,489,2025-07-14,845,818,13,17,Evening
8786,16,319,32,2026-03-12,1071,627,46,18,Night
8787,20,309,414,2025-11-11,958,757,109,13,Night
8788,16,340,436,2025-10-09,1071,913,49,17,Night
8789,8,157,422,2026-04-17,803,723,99,25,Morning
8790,13,283,72,2026-05-30,1067,624,78,9,Evening
8791,10,176,154,2025-12-21,1078,1038,4,11,Night
8792,25,168,366,2026-05-12,845,797,113,10,Night
8793,8,228,419,2025-07-06,1159,1139,77,12,Morning
8794,2,43,292,2026-03-08,942,793,60,12,Night
8795,7,69,150,2025-07-25,1177,795,34,0,Night
8796,6,364,266,2026-01-31,1080,1079,111,21,Morning
8797,15,359,195,2026-04-14,1007,934,19,19,Morning
8798,2,953,64,2026-03-19,1156,1012,107,7,Morning
8799,9,314,487,2025-09-05,1037,976,112,18,Morning
8800,14,805,455,2026-04-12,906,875,86,25,Morning
8801,11,433,27,2026-05-28,870,845,45,25,Evening
8802,8,818,155,2026-03-31,1059,648,70,22,Evening
8803,19,719,396,2025-10-13,1166,1102,64,12,Night
8804,24,250,141,2025-07-05,1181,1077,113,10,Evening
8805,6,660,30,2026-02-14,1124,918,3,13,Evening
8806,15,140,306,2025-07-16,802,625,90,7,Evening
8807,21,337,436,2025-12-23,1092,762,1,1,Night
8808,22,98,470,2025-09-22,1068,672,15,9,Morning
8809,19,626,53,2025-07-16,863,795,77,12,Night
8810,17,989,121,2026-06-05,1131,994,17,8,Evening
8811,8,414,116,2025-12-27,1174,616,68,6,Morning
8812,8,184,217,2025-12-19,1166,661,57,17,Evening
8813,4,888,377,2026-02-23,828,608,33,20,Morning
8814,20,166,38,2025-10-07,1177,1137,77,12,Morning
8815,24,235,278,2026-03-08,859,851,44,24,Evening
8816,2,241,219,2025-12-23,1016,947,106,18,Night
8817,2,634,269,2026-04-30,894,887,22,1,Night
8818,15,375,181,2026-01-05,988,743,103,6,Morning
8819,16,538,379,2026-02-07,830,658,62,9,Morning
8820,22,767,27,2026-01-10,1019,949,40,14,Evening
8821,20,741,401,2025-12-19,982,752,46,13,Night
8822,24,392,291,2026-02-17,831,826,14,25,Night
8823,17,192,127,2026-01-03,825,779,62,21,Night
8824,25,115,173,2026-04-01,890,813,112,11,Evening
8825,10,840,153,2025-12-25,879,814,2,6,Night
8826,21,579,133,2025-07-31,1178,1019,12,16,Evening
8827,21,533,422,2025-09-15,900,665,52,1,Night
8828,3,606,342,2026-03-19,975,945,37,24,Morning
8829,21,549,238,2026-01-09,971,756,93,25,Night
8830,14,263,420,2026-05-23,970,803,97,22,Evening
8831,18,388,268,2025-11-28,940,737,107,10,Morning
8832,14,206,343,2025-12-30,987,649,113,12,Morning
8833,25,925,318,2025-09-17,932,620,101,23,Morning
8834,13,838,48,2026-06-09,977,776,45,10,Night
8835,22,280,117,2025-12-04,805,770,0,20,Morning
8836,22,620,288,2026-01-12,1183,1029,33,24,Evening
8837,19,620,291,2026-05-11,1150,851,68,14,Evening
8838,7,738,253,2026-05-05,946,754,5,6,Morning
8839,18,571,175,2026-04-08,1009,625,18,11,Night
8840,18,239,314,2026-01-12,921,785,43,17,Evening
8841,15,269,484,2026-02-14,1118,1002,95,15,Evening
8842,2,857,350,2025-07-24,1028,611,66,21,Night
8843,9,351,57,2025-07-06,875,774,29,12,Evening
8844,21,226,468,2026-03-19,859,837,63,5,Morning
8845,19,311,50,2026-04-05,1170,739,23,24,Night
8846,4,114,244,2026-03-19,1175,1133,43,14,Morning
8847,14,271,49,2025-09-07,1049,881,109,14,Morning
8848,9,722,152,2025-11-29,1030,681,103,14,Morning
8849,23,550,342,2025-08-28,963,886,23,14,Evening
8850,20,799,264,2026-05-07,1158,910,70,20,Morning
8851,10,490,21,2025-10-22,1084,1010,68,9,Morning
8852,11,344,259,2025-09-04,882,743,39,4,Evening
8853,21,429,113,2025-06-21,1192,901,112,12,Morning
8854,20,210,382,2025-08-24,809,653,75,25,Evening
8855,18,222,323,2025-07-20,945,606,12,8,Night
8856,9,523,131,2025-10-01,1109,707,10,2,Morning
8857,23,230,37,2025-12-06,1106,1032,114,5,Evening
8858,11,886,488,2026-01-27,838,816,52,11,Night
8859,10,120,69,2026-04-30,1030,996,91,13,Night
8860,1,83,94,2025-07-10,1118,956,0,17,Night
8861,13,166,210,2025-08-17,857,790,26,13,Evening
8862,10,375,231,2025-08-15,840,697,77,1,Night
8863,19,304,245,2026-02-14,1086,931,6,25,Morning
8864,6,459,168,2025-09-25,1019,944,110,22,Morning
8865,12,983,447,2025-08-15,890,704,64,21,Morning
8866,9,576,378,2026-02-04,1184,947,67,4,Evening
8867,4,76,222,2025-10-24,1075,795,93,0,Night
8868,24,466,410,2025-10-25,849,684,104,9,Evening
8869,16,10,452,2025-10-23,995,982,43,1,Morning
8870,18,742,265,2025-07-23,936,845,14,21,Night
8871,23,101,108,2026-02-15,826,698,10,14,Evening
8872,19,14,218,2025-12-10,885,748,0,4,Morning
8873,20,63,227,2026-04-04,821,625,0,11,Night
8874,17,970,298,2026-04-03,816,805,86,10,Evening
8875,17,734,284,2025-11-12,854,790,84,18,Morning
8876,18,645,490,2026-01-21,994,631,83,12,Morning
8877,14,648,53,2026-01-03,1084,989,32,18,Night
8878,23,110,144,2025-12-20,886,791,69,20,Night
8879,13,966,419,2026-05-18,1040,963,23,18,Night
8880,24,949,74,2026-06-08,827,676,61,5,Evening
8881,25,515,291,2025-09-06,1150,785,109,21,Night
8882,10,771,139,2025-08-10,1168,687,35,20,Morning
8883,3,728,379,2025-09-03,850,735,33,22,Night
8884,4,698,428,2026-03-04,996,893,69,25,Evening
8885,7,884,23,2025-07-31,989,962,92,22,Evening
8886,19,328,258,2026-01-10,996,730,91,0,Morning
8887,18,745,466,2026-06-15,846,646,9,10,Morning
8888,24,538,366,2026-06-03,918,689,53,15,Night
8889,22,501,415,2026-02-07,1191,1097,119,15,Evening
8890,14,851,437,2025-09-20,810,769,49,24,Night
8891,14,932,64,2026-06-03,856,722,114,4,Evening
8892,8,903,13,2026-01-03,1151,865,97,23,Evening
8893,22,34,127,2025-09-27,1146,845,100,19,Evening
8894,20,822,31,2025-08-26,821,627,67,24,Morning
8895,24,37,348,2025-08-09,1073,823,58,19,Morning
8896,11,604,67,2026-03-26,986,980,91,15,Evening
8897,15,376,151,2025-08-09,1022,914,103,15,Evening
8898,17,706,181,2026-06-06,879,689,114,23,Morning
8899,12,296,279,2026-02-01,911,679,76,7,Night
8900,2,701,305,2026-05-22,1053,769,90,15,Night
8901,19,441,318,2026-06-16,1015,657,20,25,Night
8902,7,345,83,2025-10-03,895,622,5,4,Morning
8903,6,271,405,2025-10-15,970,772,74,18,Morning
8904,12,774,132,2026-03-15,1113,914,36,8,Evening
8905,19,35,342,2025-10-16,990,835,90,12,Morning
8906,3,588,253,2026-06-08,879,630,45,21,Evening
8907,22,364,31,2025-07-09,895,841,31,2,Night
8908,16,522,174,2025-12-17,870,843,30,21,Evening
8909,9,853,110,2026-05-13,1087,890,27,18,Evening
8910,24,680,458,2025-07-25,955,653,19,4,Night
8911,5,999,206,2025-10-24,1173,671,80,9,Night
8912,13,198,41,2025-08-20,1092,616,45,17,Evening
8913,6,532,193,2026-05-04,1035,646,82,6,Evening
8914,22,434,162,2026-04-01,1170,829,75,1,Morning
8915,8,307,86,2026-03-10,1009,845,45,13,Morning
8916,10,749,141,2025-12-11,1141,851,59,9,Morning
8917,19,210,375,2026-06-15,1123,647,35,4,Morning
8918,9,67,184,2026-05-15,1126,639,100,22,Evening
8919,2,112,296,2026-05-05,1086,891,24,22,Night
8920,11,860,185,2026-01-16,1067,782,0,15,Night
8921,20,165,473,2026-06-03,1040,934,45,14,Morning
8922,15,895,117,2026-02-03,900,705,74,24,Evening
8923,6,455,119,2026-04-16,921,752,83,22,Morning
8924,21,531,254,2026-06-07,869,789,92,20,Night
8925,8,836,412,2026-06-20,1084,811,35,22,Evening
8926,24,204,93,2026-02-22,940,905,105,18,Morning
8927,20,566,88,2025-12-15,1123,825,44,7,Night
8928,23,681,62,2025-10-09,924,602,92,25,Evening
8929,8,356,186,2025-10-20,938,912,113,23,Morning
8930,12,64,132,2025-07-25,1032,818,60,3,Morning
8931,13,795,366,2025-08-18,968,675,85,25,Morning
8932,17,646,174,2025-08-03,1127,1036,34,4,Evening
8933,20,203,447,2026-03-16,896,771,97,17,Night
8934,24,389,150,2026-03-12,1177,880,10,17,Morning
8935,6,362,369,2025-07-06,1176,730,41,16,Evening
8936,6,139,183,2025-11-25,1193,843,117,7,Morning
8937,6,508,463,2025-08-09,924,760,74,22,Morning
8938,4,96,94,2026-04-25,873,849,50,13,Night
8939,23,577,369,2025-12-22,1043,817,8,13,Evening
8940,21,514,411,2025-07-01,1133,886,75,23,Night
8941,1,693,19,2026-01-15,1173,973,48,13,Morning
8942,20,795,386,2026-01-05,829,813,35,23,Night
8943,1,326,123,2025-08-09,1183,715,116,17,Morning
8944,9,206,178,2026-05-20,1064,958,119,7,Night
8945,9,930,75,2026-05-05,1163,1020,23,12,Night
8946,17,884,346,2025-11-29,1147,1131,76,22,Evening
8947,23,841,403,2025-07-16,1060,767,67,13,Morning
8948,8,771,399,2025-12-24,1065,627,68,6,Night
8949,21,164,159,2026-01-21,826,714,101,15,Evening
8950,7,651,209,2025-07-27,863,820,115,5,Night
8951,24,906,123,2025-07-18,1011,711,116,1,Night
8952,9,398,175,2025-12-27,1141,771,113,15,Evening
8953,19,855,46,2026-02-16,886,608,119,10,Night
8954,5,923,371,2025-07-10,1035,923,30,7,Evening
8955,10,20,467,2025-09-30,809,776,37,13,Morning
8956,12,280,21,2025-10-03,1053,942,54,15,Morning
8957,17,597,70,2025-11-17,1124,838,41,8,Evening
8958,5,849,269,2026-05-03,1003,733,110,24,Night
8959,12,118,221,2026-03-08,892,759,66,18,Evening
8960,1,241,309,2026-01-03,806,751,24,0,Evening
8961,1,825,310,2026-04-03,1073,1026,54,19,Evening
8962,16,290,73,2026-03-20,845,714,18,25,Evening
8963,13,802,7,2026-02-02,936,822,54,5,Morning
8964,15,367,397,2026-06-02,1128,704,0,18,Morning
8965,7,982,22,2025-09-18,842,661,84,24,Morning
8966,7,624,470,2025-09-03,975,722,26,6,Evening
8967,16,106,452,2025-07-04,945,945,118,0,Morning
8968,1,569,236,2026-05-08,823,811,60,8,Night
8969,5,845,8,2025-09-05,1169,984,100,7,Evening
8970,19,72,194,2025-08-04,1168,745,68,0,Morning
8971,2,625,314,2026-03-14,987,822,9,21,Night
8972,21,734,304,2025-06-21,1125,757,0,16,Evening
8973,19,379,150,2025-11-09,1131,787,99,3,Evening
8974,9,688,263,2025-09-04,1071,885,81,19,Morning
8975,15,664,225,2025-12-29,1183,759,10,6,Evening
8976,12,290,494,2025-09-16,1029,979,117,5,Night
8977,1,190,435,2026-05-30,801,630,116,1,Night
8978,11,435,346,2026-06-14,991,898,71,19,Evening
8979,13,737,146,2026-03-02,810,701,106,0,Night
8980,6,596,363,2025-12-13,946,804,109,11,Morning
8981,23,970,453,2025-12-13,1038,873,104,14,Evening
8982,9,401,492,2025-09-06,858,743,91,25,Night
8983,9,546,83,2026-01-19,1006,913,68,0,Night
8984,9,491,163,2025-06-25,953,864,75,14,Night
8985,9,49,150,2026-04-24,1034,822,89,6,Morning
8986,23,459,247,2026-01-28,1133,936,81,2,Morning
8987,16,660,455,2025-11-30,809,644,46,25,Morning
8988,22,109,219,2026-06-01,896,650,59,10,Night
8989,4,965,342,2026-03-09,835,726,0,11,Evening
8990,9,295,260,2025-08-23,883,876,6,15,Night
8991,22,95,184,2026-02-07,843,719,112,2,Evening
8992,1,620,184,2026-01-07,983,813,106,5,Morning
8993,2,741,141,2025-10-26,1072,680,115,14,Evening
8994,20,641,143,2026-01-26,844,661,26,22,Evening
8995,24,359,392,2026-03-12,1187,1155,71,24,Morning
8996,18,710,417,2025-11-11,968,710,20,14,Morning
8997,25,399,150,2025-10-10,930,660,66,7,Morning
8998,7,914,179,2025-12-29,982,669,42,13,Morning
8999,4,301,452,2025-12-02,826,601,111,5,Evening
9000,2,461,256,2026-04-06,999,654,27,25,Evening
9001,25,283,129,2026-05-23,971,608,31,6,Morning
9002,5,564,446,2025-09-28,1018,790,7,25,Morning
9003,10,976,368,2026-02-02,834,760,42,14,Morning
9004,20,149,446,2026-02-22,1004,688,56,25,Evening
9005,12,189,321,2025-10-14,1176,1016,75,15,Night
9006,18,779,354,2025-08-27,961,617,75,18,Night
9007,6,704,294,2025-12-14,1037,799,31,14,Evening
9008,7,490,47,2025-06-26,1114,669,52,15,Evening
9009,9,373,482,2025-11-03,854,654,58,1,Night
9010,22,285,326,2025-11-25,928,696,69,4,Evening
9011,9,872,191,2025-07-09,826,639,19,25,Night
9012,3,172,406,2025-10-08,882,630,39,23,Night
9013,5,805,257,2025-11-23,945,917,36,21,Morning
9014,2,436,111,2025-07-27,1176,637,55,23,Evening
9015,25,51,169,2026-04-08,1152,794,11,22,Night
9016,8,903,107,2026-06-05,974,744,80,6,Evening
9017,25,326,122,2026-03-17,889,858,87,24,Morning
9018,17,329,361,2026-06-13,923,736,87,18,Evening
9019,16,700,68,2026-02-07,1049,748,35,22,Morning
9020,20,775,449,2026-05-30,903,605,105,18,Night
9021,4,878,100,2026-05-14,922,664,38,15,Evening
9022,15,102,268,2026-01-07,998,800,0,1,Morning
9023,22,820,284,2026-01-25,1003,876,67,25,Evening
9024,3,747,139,2026-05-11,807,721,109,12,Night
9025,15,428,41,2025-08-30,1179,674,114,24,Night
9026,25,709,330,2026-02-15,1164,1138,98,20,Evening
9027,16,951,314,2026-03-31,823,800,9,21,Morning
9028,18,621,235,2025-07-14,1030,973,16,1,Morning
9029,5,290,493,2025-12-02,1015,665,12,8,Night
9030,7,729,479,2026-05-05,970,850,106,4,Night
9031,4,10,154,2025-09-18,1152,934,59,15,Night
9032,13,894,24,2026-01-27,1103,1028,114,13,Evening
9033,11,632,94,2025-08-13,1101,843,113,18,Night
9034,10,123,263,2026-06-07,1120,676,9,3,Night
9035,24,868,432,2026-03-15,1174,957,97,25,Morning
9036,8,961,68,2025-10-11,809,762,58,12,Evening
9037,6,955,388,2026-06-07,1178,984,61,25,Night
9038,22,868,284,2025-09-28,1185,813,5,18,Night
9039,18,527,385,2026-02-15,1144,969,101,21,Evening
9040,7,509,73,2026-05-19,803,656,70,18,Evening
9041,13,503,220,2025-07-31,821,818,76,23,Morning
9042,18,725,73,2026-04-23,1138,662,6,10,Morning
9043,22,264,163,2026-03-30,1066,670,16,12,Evening
9044,5,698,85,2026-03-29,956,949,33,23,Evening
9045,10,711,445,2025-12-23,1077,831,78,22,Evening
9046,20,929,355,2026-05-11,891,619,19,16,Night
9047,10,747,21,2026-01-28,864,772,62,25,Evening
9048,23,9,129,2026-06-20,801,707,70,23,Night
9049,8,10,302,2025-10-22,1180,1052,4,24,Evening
9050,8,771,499,2025-10-06,1078,827,103,16,Night
9051,7,738,375,2025-11-06,814,774,63,0,Morning
9052,16,235,5,2025-10-08,1008,972,38,7,Evening
9053,21,595,49,2026-02-20,888,703,16,18,Night
9054,13,811,496,2025-10-21,1038,844,54,18,Morning
9055,10,76,425,2025-09-29,1148,1001,2,23,Morning
9056,2,961,295,2025-08-06,1180,780,15,15,Morning
9057,12,181,316,2025-09-10,815,751,18,20,Morning
9058,25,78,120,2025-07-23,866,668,86,12,Evening
9059,19,487,408,2026-02-05,1186,1184,107,0,Evening
9060,5,527,169,2026-05-02,1115,850,95,22,Morning
9061,14,384,216,2026-05-23,1011,616,110,0,Night
9062,9,554,135,2025-09-15,801,610,102,2,Evening
9063,21,640,470,2025-08-20,943,912,37,14,Night
9064,14,141,1,2025-08-13,837,684,34,23,Night
9065,5,577,237,2025-11-02,1063,868,86,25,Morning
9066,16,841,66,2025-10-25,1007,885,106,12,Morning
9067,7,827,499,2025-06-22,1073,792,102,12,Morning
9068,13,652,418,2025-12-30,814,715,77,4,Morning
9069,1,569,316,2026-05-28,811,647,9,7,Evening
9070,15,219,488,2025-11-18,841,817,83,9,Evening
9071,13,787,438,2026-02-06,1165,964,72,16,Evening
9072,2,26,241,2026-05-30,1088,613,60,25,Night
9073,10,516,206,2025-10-11,942,823,70,6,Night
9074,2,812,131,2025-11-11,886,651,45,8,Night
9075,14,104,17,2026-04-18,1117,1004,58,18,Morning
9076,4,648,105,2026-02-23,1151,766,88,2,Evening
9077,2,381,341,2026-01-20,1131,716,48,23,Morning
9078,9,539,177,2025-09-06,1047,942,109,16,Night
9079,6,125,369,2026-02-13,1122,1118,20,3,Night
9080,23,732,413,2026-01-15,828,742,29,8,Morning
9081,18,453,269,2026-05-13,1169,749,95,8,Night
9082,24,856,347,2026-02-22,989,953,5,22,Evening
9083,9,989,167,2026-05-07,845,769,45,8,Evening
9084,4,160,141,2026-06-06,806,724,90,23,Night
9085,4,641,126,2025-09-10,1185,1017,120,9,Morning
9086,21,633,470,2026-03-15,1109,1044,55,20,Evening
9087,23,273,427,2026-01-04,833,658,58,7,Morning
9088,20,560,250,2025-11-28,1121,931,52,19,Evening
9089,16,476,3,2026-04-23,1071,759,89,18,Morning
9090,19,620,460,2025-06-23,800,715,120,5,Night
9091,22,318,488,2025-12-17,1031,715,75,7,Night
9092,18,359,318,2025-07-17,938,700,118,3,Evening
9093,20,416,290,2026-05-27,906,674,101,8,Morning
9094,14,271,314,2026-01-16,1107,719,99,23,Evening
9095,10,532,138,2025-10-18,944,828,31,12,Evening
9096,3,353,224,2026-01-21,1188,1049,26,2,Evening
9097,10,854,331,2025-09-27,1088,606,91,23,Night
9098,18,413,388,2025-08-03,803,603,52,3,Morning
9099,8,624,469,2026-05-25,947,620,63,11,Evening
9100,19,973,70,2025-08-11,1124,777,64,21,Evening
9101,9,71,399,2025-09-12,1158,876,28,17,Morning
9102,19,409,342,2025-11-02,1132,902,4,16,Evening
9103,7,883,107,2025-12-21,1079,919,118,14,Morning
9104,2,534,4,2025-07-27,802,795,92,4,Morning
9105,19,136,121,2025-10-29,1058,779,30,3,Morning
9106,20,532,158,2026-04-24,1077,709,46,19,Night
9107,7,662,224,2026-04-20,848,786,22,21,Night
9108,17,94,119,2025-08-11,947,926,75,9,Night
9109,8,291,71,2026-04-12,812,730,33,11,Night
9110,21,480,308,2025-11-03,1124,796,83,21,Morning
9111,7,865,472,2025-11-26,1156,732,105,14,Evening
9112,7,156,57,2026-03-30,852,746,102,15,Night
9113,24,815,6,2025-11-07,927,787,10,25,Morning
9114,3,693,224,2025-09-22,1029,658,61,19,Morning
9115,14,922,122,2025-09-06,821,744,13,4,Night
9116,3,998,140,2025-08-21,1010,965,101,16,Evening
9117,13,652,198,2026-05-07,921,897,9,22,Night
9118,25,988,260,2026-02-08,1131,742,74,5,Evening
9119,7,271,43,2026-01-31,1069,609,3,7,Evening
9120,22,858,421,2026-04-21,903,660,81,14,Morning
9121,21,779,359,2026-01-06,821,818,12,1,Night
9122,9,662,3,2025-11-12,968,744,117,24,Evening
9123,11,175,53,2025-11-07,1058,723,68,7,Night
9124,19,547,168,2025-07-24,1039,671,115,12,Evening
9125,2,751,484,2026-02-04,1062,662,114,24,Morning
9126,2,912,130,2026-05-14,986,625,53,18,Night
9127,23,35,81,2025-12-17,1039,724,74,16,Morning
9128,2,668,481,2025-08-30,971,880,112,10,Evening
9129,9,417,22,2026-03-12,924,758,86,20,Morning
9130,11,875,408,2025-11-08,990,758,7,20,Night
9131,13,513,234,2025-07-02,883,708,2,14,Evening
9132,1,529,162,2026-05-10,1199,917,120,9,Morning
9133,6,520,397,2025-08-14,1047,1013,85,17,Morning
9134,18,868,71,2026-05-05,973,685,103,23,Night
9135,20,778,273,2025-11-21,1145,872,99,1,Evening
9136,17,867,92,2026-02-26,1132,1081,34,21,Night
9137,9,239,284,2026-02-23,891,883,23,1,Evening
9138,11,464,78,2025-10-04,819,664,115,18,Morning
9139,6,706,214,2025-12-12,1023,779,47,11,Night
9140,4,94,346,2025-08-04,889,666,39,16,Night
9141,17,505,498,2025-08-22,1029,728,0,3,Morning
9142,23,185,143,2026-06-04,914,674,113,24,Evening
9143,8,318,132,2026-05-20,1008,980,44,20,Evening
9144,7,427,298,2026-05-27,1115,1065,108,4,Night
9145,10,71,393,2025-10-29,1077,670,93,2,Night
9146,13,88,6,2026-02-17,942,875,105,6,Night
9147,11,430,279,2025-11-06,1172,898,30,5,Evening
9148,2,563,369,2025-12-30,905,797,1,21,Night
9149,11,680,19,2025-12-01,947,639,106,23,Morning
9150,4,930,40,2026-04-23,1075,891,23,8,Night
9151,10,906,319,2026-03-15,1036,948,34,5,Evening
9152,16,704,487,2026-03-30,994,763,101,14,Morning
9153,5,739,44,2025-08-31,954,914,63,24,Night
9154,11,868,57,2026-02-21,1107,1068,12,6,Evening
9155,24,446,6,2026-05-09,1123,605,6,8,Morning
9156,9,132,215,2026-03-06,1000,709,81,2,Night
9157,13,297,109,2026-04-27,866,841,110,15,Morning
9158,1,652,143,2025-09-20,979,677,51,21,Morning
9159,5,874,68,2025-10-06,1024,903,7,13,Night
9160,7,249,190,2025-12-26,954,899,99,24,Evening
9161,13,741,180,2026-03-16,963,748,46,11,Evening
9162,13,462,245,2026-05-04,871,764,47,6,Evening
9163,5,856,60,2025-08-23,937,758,69,16,Morning
9164,24,67,142,2026-04-12,925,729,70,13,Evening
9165,25,595,237,2025-08-20,1199,1082,86,7,Night
9166,23,260,137,2025-11-18,937,681,95,12,Evening
9167,10,125,177,2026-03-24,842,810,63,11,Night
9168,2,671,69,2025-10-24,1031,961,34,7,Morning
9169,17,886,132,2025-11-10,1092,769,115,10,Night
9170,2,522,497,2025-10-23,844,761,25,10,Evening
9171,17,420,24,2026-06-13,1070,852,87,17,Morning
9172,15,814,424,2025-09-29,828,708,55,21,Morning
9173,8,661,224,2025-11-04,834,621,95,24,Evening
9174,21,617,477,2025-12-02,1018,851,114,2,Morning
9175,7,67,65,2025-07-11,1141,1018,83,2,Morning
9176,13,950,148,2025-12-27,856,624,57,7,Evening
9177,8,86,264,2025-10-02,894,680,110,4,Night
9178,19,560,208,2026-03-19,823,647,64,10,Morning
9179,6,221,370,2025-10-21,1018,667,32,15,Morning
9180,21,803,341,2026-06-08,934,854,55,25,Evening
9181,15,781,319,2026-03-31,861,612,19,8,Evening
9182,23,959,322,2026-05-25,930,871,45,23,Night
9183,15,292,162,2025-10-11,1128,1116,117,23,Morning
9184,2,313,6,2026-03-25,998,686,61,20,Evening
9185,15,580,446,2025-10-29,981,623,25,21,Night
9186,8,296,161,2026-06-02,1135,1030,54,15,Morning
9187,22,393,264,2025-07-23,812,697,48,6,Night
9188,11,587,18,2025-06-29,1073,612,88,0,Morning
9189,15,624,243,2025-09-04,1037,949,77,13,Morning
9190,24,370,319,2025-07-18,1129,938,61,16,Morning
9191,2,543,244,2025-08-08,1037,601,5,22,Morning
9192,19,428,219,2026-02-16,1109,1027,88,16,Morning
9193,1,1,415,2025-08-11,899,897,97,5,Evening
9194,17,775,384,2025-09-29,965,641,25,20,Morning
9195,5,368,159,2026-05-25,992,954,87,16,Night
9196,20,29,294,2026-01-30,1123,1077,96,24,Evening
9197,1,771,341,2025-12-06,998,709,104,13,Morning
9198,9,797,202,2026-06-16,921,844,92,14,Evening
9199,2,685,377,2026-01-17,1002,839,116,6,Evening
9200,3,215,208,2026-01-27,1174,998,116,18,Evening
9201,24,49,192,2025-07-26,928,671,43,3,Night
9202,20,651,72,2025-09-22,823,778,43,25,Night
9203,8,850,381,2025-11-02,961,951,81,15,Morning
9204,8,465,75,2025-11-22,1026,764,57,0,Night
9205,11,37,414,2025-10-09,1158,724,18,24,Evening
9206,5,866,411,2025-08-09,985,950,106,16,Night
9207,11,568,490,2026-04-26,1032,960,110,23,Night
9208,13,526,12,2025-08-20,833,618,21,9,Evening
9209,18,678,358,2026-01-30,1003,621,33,3,Morning
9210,17,624,187,2025-12-17,827,822,13,11,Night
9211,10,876,197,2026-05-06,1039,902,3,6,Morning
9212,1,144,184,2026-05-10,1064,925,79,23,Night
9213,6,537,52,2025-12-03,973,958,7,6,Evening
9214,18,481,250,2026-02-24,831,780,89,16,Morning
9215,20,252,405,2025-06-23,922,704,9,19,Morning
9216,16,569,376,2026-06-18,1005,608,46,14,Morning
9217,6,816,26,2026-01-19,1148,706,33,7,Morning
9218,21,16,177,2025-10-06,927,607,103,16,Evening
9219,10,840,315,2026-06-12,840,808,54,11,Evening
9220,25,25,195,2025-09-11,1178,931,114,20,Evening
9221,19,637,485,2026-01-30,1079,850,80,1,Morning
9222,17,564,482,2026-03-18,1137,814,83,9,Night
9223,25,357,43,2025-11-07,890,677,95,12,Morning
9224,11,870,477,2025-12-25,1114,803,50,13,Night
9225,6,431,470,2025-09-16,1078,729,105,13,Morning
9226,14,298,213,2025-09-04,928,709,45,23,Morning
9227,17,925,126,2026-04-30,1075,1037,89,0,Morning
9228,7,446,481,2025-06-27,827,633,50,13,Morning
9229,11,669,386,2026-03-17,1172,961,59,20,Evening
9230,6,930,452,2026-05-20,1100,605,52,20,Night
9231,1,163,369,2025-11-25,974,716,51,5,Night
9232,25,528,466,2026-01-15,1167,1036,99,21,Morning
9233,8,39,51,2025-11-18,1069,800,65,1,Evening
9234,20,799,311,2026-05-12,1014,719,14,20,Evening
9235,20,829,195,2026-03-14,898,725,113,3,Morning
9236,5,863,316,2026-06-05,842,625,88,0,Evening
9237,8,130,20,2025-08-16,830,828,119,22,Night
9238,16,435,239,2025-10-06,867,676,64,7,Night
9239,19,281,420,2025-09-11,1104,865,78,20,Morning
9240,25,691,6,2026-04-02,954,765,74,0,Morning
9241,18,345,436,2025-07-02,1195,1195,73,24,Morning
9242,3,71,498,2025-08-27,981,742,11,20,Night
9243,1,965,186,2025-12-15,918,802,112,23,Night
9244,23,115,388,2025-09-03,1075,670,115,15,Night
9245,21,666,180,2025-09-09,1036,652,98,6,Morning
9246,9,101,40,2026-03-18,1163,862,10,22,Morning
9247,14,484,106,2026-03-20,1104,639,58,22,Morning
9248,9,539,404,2026-02-02,1131,994,30,18,Morning
9249,12,187,333,2025-08-11,1199,633,21,7,Night
9250,18,835,153,2026-05-27,1011,844,87,16,Morning
9251,25,586,421,2025-11-09,804,769,59,22,Evening
9252,24,790,295,2026-02-26,1170,781,30,14,Morning
9253,18,97,498,2025-11-05,1061,1035,56,25,Evening
9254,1,756,233,2026-04-21,963,846,64,7,Night
9255,22,973,310,2026-04-15,847,756,61,25,Night
9256,14,517,499,2026-06-08,800,629,84,22,Night
9257,5,873,307,2026-05-24,1002,993,10,1,Night
9258,11,76,482,2026-06-06,1133,781,1,13,Morning
9259,8,857,186,2026-02-18,1109,1046,9,4,Evening
9260,11,832,220,2026-02-08,987,635,107,16,Evening
9261,9,648,149,2026-05-19,1046,724,119,8,Night
9262,3,345,73,2025-12-06,1007,676,112,22,Evening
9263,8,925,256,2026-06-12,877,867,44,0,Evening
9264,25,224,348,2025-07-27,1013,861,13,7,Night
9265,16,66,263,2026-01-18,1041,923,24,8,Night
9266,11,831,82,2025-11-02,1163,962,66,15,Night
9267,4,787,9,2025-06-30,1053,872,84,10,Evening
9268,24,663,465,2025-10-18,1028,751,86,7,Night
9269,11,206,367,2026-05-31,1142,972,14,19,Evening
9270,19,800,300,2025-06-23,1109,697,102,5,Evening
9271,14,965,396,2025-12-11,883,797,41,11,Night
9272,9,114,159,2025-08-04,917,701,106,6,Evening
9273,16,386,332,2026-02-13,990,831,49,6,Morning
9274,6,99,315,2025-11-28,916,780,75,21,Morning
9275,13,782,380,2025-10-19,1166,705,13,22,Evening
9276,20,911,27,2026-04-20,846,846,113,16,Night
9277,16,419,449,2026-03-13,960,806,39,22,Morning
9278,25,972,456,2026-05-09,828,763,6,23,Evening
9279,19,677,301,2026-05-07,854,718,52,3,Night
9280,12,475,417,2026-02-07,1189,1041,16,15,Evening
9281,1,833,448,2025-09-25,1124,649,113,18,Morning
9282,16,992,482,2025-08-20,859,611,103,1,Evening
9283,6,71,301,2025-10-12,1125,913,34,7,Morning
9284,5,958,214,2026-04-05,929,835,75,20,Evening
9285,9,171,301,2025-09-23,1023,794,72,6,Evening
9286,25,974,33,2025-12-19,1071,683,82,15,Morning
9287,10,653,89,2026-03-28,988,824,7,7,Night
9288,11,627,429,2025-07-02,993,673,93,1,Evening
9289,23,414,277,2025-12-13,1057,683,24,20,Morning
9290,10,522,500,2026-04-11,924,901,104,23,Night
9291,22,346,459,2026-02-27,879,606,45,24,Night
9292,7,902,65,2025-07-21,1056,1031,75,19,Evening
9293,18,345,87,2025-12-01,880,646,104,8,Night
9294,21,158,160,2025-11-27,925,806,71,3,Night
9295,10,244,380,2025-07-23,1046,624,69,15,Morning
9296,21,629,118,2026-05-31,874,654,112,0,Evening
9297,3,16,347,2026-03-30,872,676,48,23,Morning
9298,5,424,401,2025-09-13,938,868,92,22,Night
9299,25,321,38,2025-06-21,813,772,6,19,Night
9300,22,790,472,2025-10-28,892,879,78,24,Evening
9301,15,12,106,2025-08-21,920,760,103,23,Night
9302,22,682,284,2025-10-04,869,606,101,13,Night
9303,16,556,416,2025-11-17,1144,939,101,25,Night
9304,18,236,248,2025-11-06,967,839,77,4,Night
9305,16,806,39,2025-10-12,917,824,90,17,Night
9306,6,509,433,2025-08-20,1185,607,57,7,Night
9307,8,551,151,2025-10-20,841,657,42,4,Night
9308,4,321,124,2025-08-17,1014,793,39,11,Night
9309,21,368,492,2026-05-10,872,828,90,24,Night
9310,4,26,33,2026-05-15,1169,724,42,6,Morning
9311,18,429,116,2025-07-28,836,610,47,18,Morning
9312,10,600,192,2025-08-09,1101,1085,86,24,Evening
9313,9,310,190,2026-04-07,978,897,73,18,Evening
9314,5,916,193,2026-01-14,904,859,117,19,Night
9315,18,364,81,2025-12-17,969,706,23,8,Morning
9316,19,841,215,2025-10-14,914,771,92,7,Evening
9317,24,820,249,2026-01-21,1177,696,62,19,Night
9318,18,507,87,2026-03-01,947,753,90,2,Night
9319,1,649,47,2025-07-04,1112,903,76,9,Night
9320,12,958,16,2026-01-17,805,688,66,2,Evening
9321,7,355,415,2025-10-12,848,838,58,25,Evening
9322,7,837,125,2026-04-30,1182,798,53,11,Evening
9323,10,957,155,2025-09-16,1147,1078,99,16,Evening
9324,21,124,80,2025-08-18,860,750,61,8,Evening
9325,1,195,439,2026-01-15,812,717,33,1,Evening
9326,18,852,75,2026-04-17,945,891,3,11,Night
9327,5,762,181,2026-04-14,1197,904,50,18,Evening
9328,23,484,192,2026-02-01,1015,916,82,7,Evening
9329,16,849,263,2026-02-10,933,921,96,12,Night
9330,20,924,368,2025-12-25,951,950,9,15,Night
9331,23,741,284,2026-04-17,1180,1012,14,23,Night
9332,6,982,429,2025-08-30,1015,932,8,23,Evening
9333,2,550,105,2025-08-05,862,645,98,9,Evening
9334,6,509,358,2025-08-24,832,627,8,9,Morning
9335,2,50,116,2025-10-19,1020,639,104,18,Morning
9336,18,225,463,2026-03-22,864,776,113,17,Night
9337,15,629,295,2026-01-13,992,967,29,2,Night
9338,3,216,195,2026-03-03,884,725,23,0,Morning
9339,4,367,8,2025-12-10,963,912,114,7,Night
9340,5,929,434,2026-01-20,991,604,116,11,Evening
9341,16,380,195,2026-05-26,1179,779,17,7,Morning
9342,7,842,42,2026-01-02,1141,795,28,0,Night
9343,13,943,351,2025-07-31,972,891,73,20,Evening
9344,17,249,355,2026-02-12,1039,662,91,11,Night
9345,6,402,7,2025-12-16,899,610,81,7,Evening
9346,24,615,397,2026-03-31,938,808,63,25,Evening
9347,18,425,435,2026-02-12,843,832,54,25,Morning
9348,13,222,295,2025-11-02,1161,607,46,0,Night
9349,17,536,151,2026-05-30,1177,759,67,17,Night
9350,5,241,96,2026-06-04,905,792,16,16,Evening
9351,10,765,451,2026-03-19,1064,842,2,10,Morning
9352,9,499,215,2026-03-04,1108,665,12,21,Evening
9353,12,228,420,2026-03-03,1100,605,74,20,Morning
9354,25,302,347,2025-11-09,999,702,17,20,Night
9355,2,557,356,2025-09-22,1195,1167,28,24,Evening
9356,8,669,470,2025-09-24,1158,767,111,10,Morning
9357,17,877,250,2025-08-29,1196,1018,39,9,Morning
9358,7,26,85,2025-09-21,897,604,57,18,Night
9359,1,116,79,2025-08-03,863,745,92,5,Evening
9360,1,894,25,2025-10-08,804,715,22,7,Night
9361,2,78,132,2026-05-09,1068,736,102,9,Night
9362,9,603,407,2025-09-20,848,706,30,15,Night
9363,8,561,27,2025-08-30,923,608,71,21,Morning
9364,15,6,182,2026-05-02,906,689,96,14,Evening
9365,13,732,1,2026-03-31,1088,896,32,12,Evening
9366,3,80,432,2025-08-02,1050,883,60,5,Night
9367,9,286,471,2026-03-19,994,729,47,0,Night
9368,14,445,120,2025-10-23,838,679,12,24,Evening
9369,2,938,317,2026-05-30,885,848,52,16,Night
9370,19,348,180,2025-12-05,1168,1153,26,14,Morning
9371,23,521,2,2025-11-23,1002,888,120,10,Morning
9372,25,625,497,2025-11-28,950,883,91,7,Night
9373,9,735,348,2026-05-15,1083,1043,34,21,Night
9374,18,796,439,2026-06-18,1069,892,61,4,Morning
9375,1,112,164,2025-08-27,1037,996,64,17,Morning
9376,12,920,363,2025-11-15,892,632,26,6,Evening
9377,12,655,345,2026-04-28,1172,891,48,13,Evening
9378,16,108,27,2026-06-02,1050,830,33,7,Morning
9379,16,525,15,2026-01-12,1101,642,21,2,Evening
9380,18,9,245,2026-06-05,980,684,114,22,Evening
9381,1,338,22,2026-04-08,1200,674,69,23,Evening
9382,6,560,272,2025-12-24,971,632,48,14,Morning
9383,22,575,127,2026-02-12,884,756,5,16,Night
9384,11,139,369,2026-06-11,1049,1004,108,5,Night
9385,12,34,284,2025-11-28,1094,679,80,3,Evening
9386,10,314,459,2026-01-29,950,625,11,24,Night
9387,13,802,455,2026-01-22,1177,828,117,14,Evening
9388,7,526,160,2025-11-13,969,635,14,24,Morning
9389,14,312,288,2025-07-28,1095,1001,45,12,Evening
9390,1,611,213,2026-02-04,1045,989,74,19,Morning
9391,4,685,35,2025-10-20,925,802,41,3,Night
9392,17,922,236,2025-08-04,913,849,112,4,Night
9393,18,27,463,2026-05-18,1180,834,82,19,Night
9394,13,295,492,2026-03-05,969,727,57,25,Night
9395,22,657,29,2026-02-19,851,701,55,10,Morning
9396,1,98,126,2026-03-01,895,770,84,23,Night
9397,16,617,136,2026-02-21,1012,699,112,13,Night
9398,9,605,495,2026-06-01,1035,746,14,24,Evening
9399,5,228,157,2026-04-30,1164,620,53,19,Night
9400,5,775,139,2025-10-30,824,732,42,5,Evening
9401,13,561,24,2025-12-19,1142,694,77,3,Night
9402,7,397,177,2025-09-03,866,658,62,0,Morning
9403,10,454,64,2025-10-28,994,847,20,17,Night
9404,16,243,62,2026-04-15,1099,663,86,14,Morning
9405,1,646,152,2025-11-18,1065,837,100,14,Evening
9406,5,306,463,2026-01-12,980,979,31,0,Evening
9407,15,307,237,2026-03-24,1141,704,7,7,Night
9408,24,99,247,2025-10-29,863,607,28,19,Night
9409,9,530,185,2025-12-24,1007,722,47,4,Night
9410,24,50,69,2025-09-25,1171,1134,80,5,Evening
9411,23,572,12,2025-10-21,1043,725,11,3,Evening
9412,25,833,202,2026-02-08,1182,1150,84,11,Morning
9413,3,536,207,2025-09-10,852,708,65,8,Morning
9414,24,934,362,2025-08-29,1061,617,106,2,Night
9415,22,841,313,2026-03-28,1005,966,83,11,Night
9416,4,358,324,2026-05-08,981,745,15,9,Morning
9417,14,143,338,2025-10-23,855,680,57,25,Evening
9418,6,366,345,2026-06-04,1134,1022,95,10,Morning
9419,13,325,182,2026-03-13,966,845,10,12,Morning
9420,24,569,211,2025-09-25,1131,625,81,19,Evening
9421,23,505,372,2026-04-30,1082,624,23,17,Morning
9422,1,587,345,2026-03-24,1113,786,42,7,Morning
9423,10,487,384,2025-09-23,1184,947,72,13,Evening
9424,19,138,459,2026-06-14,827,816,2,19,Evening
9425,1,54,212,2026-05-16,858,671,94,2,Night
9426,23,808,484,2026-02-19,1041,965,75,0,Morning
9427,8,780,436,2025-09-27,818,745,5,17,Night
9428,4,474,277,2025-12-27,1195,712,59,24,Night
9429,5,67,125,2025-11-20,947,730,27,21,Morning
9430,3,811,495,2025-12-31,1131,1069,41,6,Morning
9431,22,705,314,2025-11-20,879,655,18,19,Evening
9432,11,666,104,2025-10-26,813,649,6,25,Night
9433,22,82,266,2026-04-02,952,769,104,16,Night
9434,24,85,200,2025-11-05,1005,767,19,12,Evening
9435,11,986,47,2026-05-14,864,637,37,14,Morning
9436,15,956,440,2025-12-06,1127,1085,95,13,Night
9437,1,500,368,2026-02-03,929,665,11,24,Morning
9438,1,78,300,2026-01-25,1062,767,115,4,Night
9439,11,744,161,2026-01-08,908,637,24,15,Morning
9440,13,182,402,2026-04-25,954,649,110,2,Morning
9441,3,71,141,2025-12-20,825,816,108,25,Night
9442,7,5,65,2026-06-01,1049,800,63,17,Morning
9443,7,647,162,2026-02-23,891,708,13,6,Evening
9444,16,857,252,2025-07-07,880,628,53,8,Night
9445,20,853,401,2026-01-18,1089,1013,33,19,Night
9446,9,910,309,2025-09-29,1021,950,40,2,Evening
9447,17,612,277,2026-02-08,1168,663,50,1,Night
9448,8,951,326,2025-11-18,1098,644,56,13,Morning
9449,7,428,57,2026-03-26,1105,736,82,23,Night
9450,1,909,196,2025-07-16,867,803,22,10,Morning
9451,14,165,279,2026-03-04,915,732,39,23,Night
9452,25,313,329,2025-10-29,971,780,4,1,Morning
9453,20,157,209,2025-11-10,842,726,112,2,Night
9454,15,74,179,2026-03-23,873,784,90,8,Night
9455,5,274,133,2025-07-07,1056,1010,56,11,Night
9456,23,178,190,2025-08-21,971,818,0,7,Night
9457,2,729,232,2025-09-26,887,675,36,16,Night
9458,5,1000,221,2025-08-07,908,839,30,25,Evening
9459,13,792,471,2026-06-01,1139,823,36,25,Evening
9460,4,951,441,2026-06-10,1029,750,71,4,Night
9461,20,341,458,2026-05-23,910,729,106,15,Morning
9462,1,9,109,2026-03-19,1093,765,102,17,Night
9463,11,913,175,2026-04-30,971,793,108,24,Morning
9464,22,936,161,2026-05-10,851,807,29,13,Evening
9465,20,800,479,2026-01-23,1067,741,86,21,Morning
9466,11,491,54,2025-11-09,1174,1134,44,17,Morning
9467,9,746,278,2026-01-10,911,876,96,15,Evening
9468,3,574,56,2026-05-29,972,604,59,20,Morning
9469,21,502,416,2025-06-30,1042,1007,66,17,Night
9470,6,776,224,2026-03-17,1146,730,109,14,Night
9471,16,558,289,2025-09-22,842,753,85,15,Night
9472,3,692,190,2025-08-19,848,799,115,0,Morning
9473,20,221,312,2026-03-31,978,911,95,22,Evening
9474,16,324,493,2026-01-21,978,706,75,8,Evening
9475,2,457,6,2025-07-31,1000,670,23,17,Evening
9476,1,605,363,2025-12-01,813,606,59,20,Night
9477,18,262,156,2026-02-22,863,806,49,14,Evening
9478,10,589,185,2025-09-15,1057,849,53,9,Morning
9479,8,876,102,2025-12-09,926,887,51,10,Night
9480,10,827,391,2026-05-20,1197,643,20,8,Night
9481,18,684,119,2025-12-22,1162,1035,113,21,Evening
9482,9,508,498,2025-11-12,897,846,49,25,Night
9483,16,680,453,2026-02-25,960,742,107,23,Morning
9484,1,651,218,2025-09-13,993,965,74,3,Morning
9485,21,46,279,2026-03-22,918,842,100,13,Morning
9486,23,449,361,2025-07-22,810,650,119,5,Morning
9487,25,162,78,2026-01-15,830,657,72,19,Evening
9488,21,105,217,2025-06-22,936,637,97,21,Morning
9489,19,709,181,2025-08-26,966,664,34,8,Night
9490,15,440,191,2025-07-20,1030,790,85,5,Night
9491,1,571,138,2026-06-04,1064,1061,119,5,Morning
9492,13,95,239,2025-08-10,1057,919,78,17,Evening
9493,17,256,459,2026-01-17,838,712,89,9,Night
9494,5,558,222,2025-10-21,1016,722,120,11,Evening
9495,10,387,62,2025-12-22,1095,667,58,13,Night
9496,5,847,393,2026-04-15,919,717,41,2,Morning
9497,10,266,497,2026-02-03,931,628,115,16,Morning
9498,8,311,140,2026-05-22,982,848,11,14,Night
9499,9,986,7,2025-12-07,894,749,6,22,Morning
9500,15,903,489,2026-04-04,1027,699,62,21,Evening
9501,2,307,198,2026-05-23,819,648,52,1,Evening
9502,2,238,233,2025-07-24,861,845,85,2,Night
9503,10,668,435,2025-07-20,862,836,103,2,Morning
9504,23,472,335,2025-07-11,821,739,18,3,Night
9505,12,554,259,2026-02-07,969,746,51,15,Evening
9506,3,768,108,2025-12-07,821,720,44,2,Evening
9507,3,108,351,2026-06-17,969,625,7,7,Morning
9508,2,515,357,2026-04-24,912,831,79,1,Morning
9509,25,950,426,2026-03-06,1149,615,70,18,Night
9510,2,18,438,2026-02-20,920,739,112,3,Evening
9511,3,16,408,2025-09-26,1055,1022,108,20,Night
9512,21,398,429,2026-01-30,862,825,0,4,Night
9513,8,919,139,2026-04-28,866,839,67,15,Morning
9514,3,925,408,2025-12-14,1139,1036,100,7,Morning
9515,5,688,334,2025-11-21,820,666,45,20,Morning
9516,13,708,132,2026-03-22,1156,1008,19,2,Night
9517,15,863,418,2025-11-23,1023,791,116,2,Evening
9518,18,506,45,2025-08-30,800,698,10,4,Morning
9519,18,532,125,2026-03-09,1078,777,75,19,Morning
9520,13,24,141,2025-10-16,973,618,85,1,Evening
9521,5,872,330,2025-11-07,941,638,80,13,Morning
9522,16,820,103,2025-08-19,1122,832,62,25,Evening
9523,9,143,488,2026-04-23,895,819,96,25,Morning
9524,12,503,287,2026-02-10,903,857,82,10,Night
9525,24,598,236,2025-06-25,948,722,61,4,Night
9526,13,929,63,2026-02-04,825,804,35,0,Evening
9527,12,788,407,2025-11-07,1159,1146,114,24,Evening
9528,6,821,173,2025-11-28,1019,737,68,23,Night
9529,14,301,478,2026-05-15,1168,606,34,18,Night
9530,2,951,257,2026-02-08,853,780,33,0,Evening
9531,23,772,261,2025-11-01,946,693,110,18,Evening
9532,11,824,312,2026-01-09,1107,706,30,2,Evening
9533,15,587,484,2025-07-04,1197,1185,37,8,Evening
9534,21,787,237,2026-06-16,1018,767,103,18,Morning
9535,5,386,7,2026-05-07,987,610,0,11,Night
9536,17,77,239,2026-01-14,852,818,57,17,Morning
9537,8,596,480,2025-09-30,875,653,53,7,Morning
9538,6,974,153,2025-07-10,1043,669,44,9,Night
9539,17,289,25,2026-02-09,1054,863,34,0,Morning
9540,24,768,87,2026-06-08,1072,888,66,17,Morning
9541,2,305,367,2025-12-07,1069,695,34,21,Morning
9542,13,306,76,2025-12-13,885,692,79,8,Night
9543,19,561,85,2025-11-26,1133,848,50,14,Night
9544,15,559,211,2025-10-27,907,809,1,1,Night
9545,22,830,468,2026-05-31,970,934,101,19,Evening
9546,17,579,118,2026-06-20,954,658,76,5,Evening
9547,23,348,4,2025-07-29,983,707,0,22,Evening
9548,11,198,471,2025-06-29,1007,838,41,9,Morning
9549,13,495,111,2025-10-12,1074,798,14,0,Evening
9550,12,5,43,2026-06-01,1115,924,74,7,Evening
9551,9,75,439,2026-06-17,999,682,11,13,Night
9552,25,910,336,2025-07-20,1145,717,108,9,Evening
9553,1,901,213,2026-04-28,881,657,32,15,Morning
9554,13,456,147,2026-05-01,901,842,74,15,Morning
9555,22,317,201,2026-04-02,1165,826,9,14,Morning
9556,9,970,274,2026-05-13,852,834,119,22,Morning
9557,19,691,433,2026-06-19,1114,629,98,16,Evening
9558,25,596,233,2025-11-09,842,762,98,2,Night
9559,3,703,198,2025-09-15,1187,911,42,19,Night
9560,9,742,11,2026-04-04,1153,687,65,3,Evening
9561,16,832,362,2025-12-18,875,761,100,14,Night
9562,22,444,143,2025-12-29,1101,865,24,25,Evening
9563,8,12,34,2026-03-24,888,689,103,24,Morning
9564,23,758,308,2025-11-07,1115,705,95,9,Morning
9565,15,547,338,2025-11-29,891,629,62,2,Night
9566,25,310,11,2026-06-13,1170,614,15,19,Evening
9567,24,417,112,2026-03-01,1076,932,13,4,Morning
9568,10,996,66,2025-09-16,830,709,59,9,Evening
9569,13,707,265,2026-03-05,908,701,115,13,Morning
9570,5,973,304,2026-03-16,928,768,47,19,Night
9571,17,839,451,2025-12-08,1157,607,47,16,Night
9572,10,747,78,2026-04-13,885,829,88,2,Morning
9573,6,352,333,2025-11-21,808,686,29,21,Night
9574,9,748,167,2026-03-02,835,691,91,9,Night
9575,18,999,498,2025-08-19,1055,927,4,9,Night
9576,4,146,394,2025-10-06,1149,717,65,10,Evening
9577,14,530,105,2025-10-21,864,741,2,6,Morning
9578,9,763,20,2026-04-25,1004,955,75,5,Night
9579,19,451,225,2025-07-28,943,847,38,10,Evening
9580,24,802,40,2025-12-02,911,775,118,19,Evening
9581,5,430,381,2025-07-01,933,882,13,12,Evening
9582,22,644,486,2026-06-04,1199,874,110,4,Night
9583,15,6,138,2025-07-31,901,636,70,15,Night
9584,3,334,95,2025-12-16,835,683,49,23,Evening
9585,22,470,264,2025-08-17,867,739,74,7,Night
9586,4,198,257,2026-03-30,905,893,25,0,Morning
9587,6,133,326,2025-07-30,995,708,42,10,Evening
9588,6,421,140,2026-02-19,1137,724,29,10,Evening
9589,2,860,319,2026-05-27,874,603,72,3,Evening
9590,15,294,144,2025-06-29,873,669,74,10,Night
9591,15,858,299,2026-05-20,905,821,62,2,Morning
9592,23,236,254,2026-02-04,1088,663,42,16,Evening
9593,1,916,266,2026-03-28,960,851,113,25,Night
9594,9,537,255,2026-06-11,1167,704,2,17,Evening
9595,7,321,352,2025-10-05,1061,603,50,2,Night
9596,6,913,133,2025-08-22,1023,817,5,16,Evening
9597,10,301,454,2026-04-09,1035,740,16,24,Evening
9598,2,325,77,2026-04-05,800,633,40,1,Morning
9599,9,629,362,2026-04-17,829,676,19,7,Evening
9600,3,68,95,2026-03-22,1170,970,51,23,Evening
9601,18,994,245,2026-01-19,884,831,119,17,Evening
9602,14,13,382,2025-11-22,930,842,83,16,Morning
9603,2,542,295,2026-02-20,1083,747,6,22,Evening
9604,21,856,438,2025-07-19,834,800,51,18,Night
9605,8,575,80,2026-06-17,844,714,107,24,Morning
9606,20,238,119,2025-12-02,890,796,79,7,Morning
9607,12,430,123,2026-01-24,1180,906,20,0,Evening
9608,20,544,300,2025-08-05,990,681,13,5,Morning
9609,14,766,486,2026-04-01,873,846,117,9,Evening
9610,8,648,22,2026-05-13,1029,732,107,12,Night
9611,22,290,92,2025-11-01,1049,897,59,21,Evening
9612,21,538,456,2026-01-19,1146,1040,7,19,Morning
9613,8,131,382,2026-05-06,1071,1010,72,11,Night
9614,9,213,271,2026-02-17,1054,986,61,17,Morning
9615,12,136,165,2026-03-07,919,692,42,25,Morning
9616,2,360,173,2025-08-28,805,680,98,15,Night
9617,18,524,45,2025-10-15,852,736,96,6,Night
9618,6,664,46,2025-12-19,1003,876,103,5,Evening
9619,3,427,176,2025-07-02,1093,611,57,1,Morning
9620,13,364,195,2025-11-15,1104,1048,119,18,Evening
9621,22,527,458,2026-01-16,1089,1017,33,13,Morning
9622,18,361,96,2025-07-24,912,627,23,0,Evening
9623,22,279,198,2025-07-06,1170,923,43,15,Night
9624,3,148,190,2026-05-03,1144,819,29,16,Morning
9625,22,749,462,2025-08-17,1184,729,65,4,Morning
9626,1,533,334,2026-05-19,960,915,44,7,Morning
9627,8,468,178,2025-12-29,853,797,22,7,Evening
9628,25,915,403,2025-09-16,852,662,15,19,Night
9629,7,248,23,2026-06-20,1200,919,26,5,Morning
9630,15,646,285,2025-07-27,825,723,99,23,Night
9631,15,418,93,2025-09-20,973,790,68,15,Night
9632,2,637,71,2026-04-14,1088,737,12,4,Morning
9633,21,530,219,2025-12-09,1069,949,10,6,Evening
9634,25,758,353,2025-12-31,1160,1067,117,3,Night
9635,18,674,122,2026-03-27,873,712,4,6,Evening
9636,6,234,238,2026-05-26,938,720,60,2,Night
9637,8,624,371,2025-07-07,999,715,58,24,Night
9638,25,580,415,2026-01-12,1118,1077,69,12,Evening
9639,11,907,349,2026-04-27,861,825,91,1,Evening
9640,5,20,6,2026-03-28,959,858,119,7,Night
9641,8,668,188,2025-11-17,1182,725,107,25,Night
9642,23,346,150,2025-08-04,1065,962,8,23,Evening
9643,15,675,392,2025-08-07,1127,685,77,25,Night
9644,17,921,280,2026-01-31,826,816,8,12,Evening
9645,2,774,430,2025-08-25,846,705,50,5,Morning
9646,17,337,168,2025-08-19,945,824,66,10,Morning
9647,15,195,448,2026-04-20,1188,1088,16,7,Morning
9648,15,841,176,2026-06-03,945,924,59,13,Evening
9649,11,224,103,2025-11-17,1090,974,69,14,Evening
9650,14,628,295,2025-07-09,1110,631,111,3,Morning
9651,14,413,440,2025-11-28,909,882,57,3,Morning
9652,5,327,142,2025-12-19,1170,806,86,13,Morning
9653,15,256,258,2026-02-09,870,660,38,19,Evening
9654,16,998,281,2025-07-12,981,868,78,1,Evening
9655,17,578,429,2025-08-15,1148,762,50,21,Morning
9656,10,430,109,2025-12-01,1194,1119,103,13,Morning
9657,20,905,94,2025-11-29,866,631,13,12,Night
9658,10,174,452,2025-10-24,1040,923,65,11,Morning
9659,23,242,86,2025-08-10,1046,901,36,0,Night
9660,9,172,44,2026-03-23,1108,716,78,4,Morning
9661,15,16,444,2025-09-17,977,883,10,3,Morning
9662,9,146,139,2025-11-25,1080,948,115,20,Morning
9663,16,269,2,2025-12-09,888,840,117,11,Night
9664,13,284,431,2026-01-15,1004,633,44,19,Night
9665,23,622,247,2025-09-04,1054,689,23,11,Morning
9666,23,886,225,2026-05-29,1021,925,89,5,Night
9667,9,897,444,2026-05-15,843,776,37,17,Evening
9668,3,857,51,2025-07-10,825,693,110,17,Night
9669,20,757,198,2025-11-22,886,884,75,20,Night
9670,13,914,307,2026-05-29,1120,1029,119,22,Night
9671,6,66,395,2025-06-24,807,773,117,0,Evening
9672,20,631,29,2026-04-06,820,777,99,14,Morning
9673,11,342,9,2026-03-05,902,685,82,16,Morning
9674,2,127,40,2025-10-16,1099,849,8,17,Night
9675,1,488,152,2025-09-10,836,736,19,1,Morning
9676,7,631,351,2026-04-05,891,742,10,2,Evening
9677,23,547,390,2025-09-15,823,605,29,0,Evening
9678,13,46,172,2026-04-02,857,762,119,5,Night
9679,13,159,258,2025-09-05,1143,689,0,14,Morning
9680,15,328,88,2025-07-06,1077,649,63,13,Evening
9681,4,300,433,2025-11-21,1117,640,81,7,Night
9682,11,922,352,2025-11-25,852,838,69,18,Evening
9683,20,990,144,2025-07-14,805,764,66,24,Evening
9684,17,181,55,2025-10-20,848,644,87,13,Morning
9685,11,401,227,2026-01-04,1076,945,38,1,Night
9686,13,827,345,2025-09-25,821,784,6,20,Night
9687,11,946,308,2026-01-09,823,620,19,6,Evening
9688,25,516,389,2025-09-27,1103,957,66,10,Morning
9689,17,587,211,2026-05-18,915,721,7,2,Evening
9690,14,375,418,2026-03-16,983,883,99,10,Morning
9691,5,986,339,2026-03-22,957,797,69,23,Morning
9692,6,26,193,2025-12-11,900,791,45,4,Evening
9693,14,860,492,2025-12-10,1130,630,70,25,Morning
9694,7,116,350,2025-11-08,1156,856,82,8,Night
9695,2,44,475,2025-07-23,879,803,54,20,Night
9696,10,938,161,2025-11-02,823,656,21,22,Night
9697,8,931,135,2025-12-10,928,772,83,1,Night
9698,13,265,28,2026-05-27,1091,663,46,4,Morning
9699,23,68,280,2025-12-05,855,791,8,7,Evening
9700,4,703,26,2026-01-14,1178,1078,27,22,Evening
9701,8,221,287,2025-10-27,892,779,119,13,Night
9702,5,410,264,2026-02-08,1083,954,8,7,Night
9703,17,995,251,2026-02-22,980,638,88,8,Night
9704,18,534,440,2026-01-27,830,788,115,5,Night
9705,3,60,26,2025-11-22,1149,806,109,11,Morning
9706,5,404,250,2026-01-11,843,608,70,18,Morning
9707,7,744,88,2026-02-10,1046,965,77,21,Morning
9708,11,823,122,2026-04-22,1032,783,99,16,Morning
9709,21,929,95,2026-03-19,946,784,73,11,Night
9710,24,110,19,2026-03-28,991,986,86,13,Morning
9711,23,179,141,2025-09-24,900,663,16,20,Morning
9712,19,286,441,2026-03-12,1090,994,63,24,Evening
9713,2,370,213,2025-10-27,976,956,119,25,Night
9714,16,436,497,2025-11-07,1158,826,15,13,Evening
9715,6,596,5,2026-02-23,843,657,54,16,Evening
9716,14,39,345,2025-07-25,1159,740,111,16,Morning
9717,19,970,404,2025-08-13,882,859,48,0,Night
9718,12,69,4,2025-06-30,1048,717,15,4,Evening
9719,13,102,28,2026-03-13,1141,823,94,10,Evening
9720,18,128,221,2026-04-19,1042,936,16,1,Evening
9721,13,130,189,2026-01-03,825,813,49,3,Night
9722,4,132,347,2025-12-09,1142,849,48,24,Evening
9723,25,766,160,2025-09-02,927,746,107,19,Night
9724,11,935,371,2026-01-12,1158,890,62,7,Morning
9725,22,880,465,2025-07-26,1054,926,115,0,Morning
9726,1,185,287,2026-05-27,953,697,20,4,Morning
9727,20,813,303,2025-07-15,1034,748,60,25,Morning
9728,19,431,438,2025-08-13,889,798,10,5,Night
9729,15,664,27,2026-03-30,1188,1014,37,25,Morning
9730,1,572,450,2026-03-21,1020,704,90,0,Morning
9731,6,642,102,2025-07-29,1083,704,67,17,Night
9732,23,242,87,2026-03-22,854,829,56,5,Morning
9733,19,946,486,2025-09-16,1144,884,93,2,Night
9734,12,791,314,2025-12-09,838,621,62,16,Morning
9735,23,912,467,2025-10-15,860,749,14,16,Evening
9736,19,683,382,2025-06-30,1137,1078,99,12,Night
9737,6,274,296,2025-10-28,839,823,112,21,Evening
9738,12,325,394,2026-03-22,910,804,89,21,Morning
9739,10,973,347,2025-07-29,1057,653,19,16,Morning
9740,21,698,408,2026-06-07,943,720,82,2,Evening
9741,23,79,253,2026-05-21,827,618,35,7,Evening
9742,12,755,329,2025-10-12,1162,879,110,5,Morning
9743,6,247,390,2026-03-02,1120,1072,12,16,Evening
9744,25,913,110,2026-02-05,921,620,63,24,Morning
9745,24,886,452,2026-05-02,1087,823,87,11,Morning
9746,9,987,11,2026-04-15,819,761,114,24,Night
9747,8,259,246,2025-06-23,993,926,50,14,Morning
9748,2,86,222,2025-11-15,824,796,27,10,Morning
9749,21,19,305,2025-08-18,959,839,78,4,Night
9750,22,435,387,2025-11-27,1189,894,85,15,Morning
9751,24,716,179,2026-05-09,996,781,101,10,Evening
9752,17,274,51,2026-01-29,889,778,90,4,Morning
9753,24,965,42,2025-11-12,1037,742,10,4,Evening
9754,4,380,251,2025-11-03,1195,706,114,10,Evening
9755,13,451,214,2025-08-10,1169,1131,86,14,Night
9756,10,467,330,2025-08-18,899,847,115,19,Night
9757,14,738,302,2025-07-18,829,648,19,14,Evening
9758,23,718,117,2026-01-29,1044,936,37,23,Morning
9759,1,347,6,2026-05-21,800,747,93,23,Evening
9760,12,169,445,2026-04-20,908,839,63,7,Morning
9761,5,500,121,2026-06-04,853,739,82,9,Evening
9762,13,991,202,2025-09-26,1157,1065,82,9,Night
9763,13,342,135,2026-05-28,987,873,87,20,Night
9764,7,886,492,2026-02-11,1159,894,100,9,Morning
9765,19,243,491,2026-03-23,821,784,6,25,Morning
9766,19,410,308,2026-05-31,1016,965,15,4,Evening
9767,6,281,403,2026-06-17,814,618,95,12,Morning
9768,10,698,8,2026-03-25,1175,867,87,21,Morning
9769,22,666,64,2026-03-12,1059,647,19,13,Night
9770,9,324,416,2025-12-09,991,905,101,9,Night
9771,25,809,65,2025-12-19,1027,941,88,11,Morning
9772,21,126,434,2025-10-10,909,706,8,15,Night
9773,6,540,295,2025-09-11,1102,678,52,2,Night
9774,12,673,393,2025-09-05,807,605,68,2,Night
9775,5,314,120,2025-10-21,954,660,83,1,Night
9776,3,645,339,2025-09-07,1063,1023,65,15,Morning
9777,14,163,132,2025-09-06,948,877,40,9,Night
9778,23,787,108,2025-11-21,817,610,96,20,Evening
9779,16,141,79,2025-08-07,909,784,120,24,Night
9780,16,204,239,2026-05-02,1159,777,106,5,Morning
9781,7,691,145,2026-04-08,879,606,23,14,Morning
9782,2,709,301,2026-04-06,1029,970,10,10,Night
9783,3,762,423,2026-03-03,1028,869,2,18,Evening
9784,23,699,390,2025-10-17,893,773,109,4,Evening
9785,22,328,356,2026-01-27,860,611,55,20,Night
9786,14,183,132,2026-05-25,1037,685,27,19,Morning
9787,2,676,472,2025-07-07,1114,749,112,3,Night
9788,6,259,103,2026-01-03,1134,980,52,3,Morning
9789,21,502,416,2025-06-30,1180,1165,57,14,Night
9790,3,518,452,2026-04-02,1035,984,33,1,Morning
9791,10,249,93,2025-07-22,1103,669,60,6,Morning
9792,20,591,449,2025-10-11,951,845,110,17,Evening
9793,16,326,24,2026-03-19,1037,943,36,15,Night
9794,2,179,464,2026-05-07,965,612,6,9,Night
9795,20,610,153,2026-03-25,844,610,68,9,Evening
9796,14,552,52,2025-09-04,1147,802,6,1,Morning
9797,22,515,280,2025-12-25,1061,711,24,8,Night
9798,6,966,103,2025-06-27,1133,675,86,13,Morning
9799,6,67,441,2025-08-30,928,927,70,16,Evening
9800,5,449,81,2026-04-18,1136,1037,100,10,Evening
9801,19,726,339,2025-12-17,1024,892,98,10,Evening
9802,23,750,399,2026-03-04,909,707,8,10,Evening
9803,24,695,276,2025-10-17,817,655,11,13,Morning
9804,15,835,433,2026-01-31,1190,1061,101,25,Evening
9805,4,638,130,2025-09-18,1160,900,53,6,Night
9806,23,421,325,2026-04-10,1057,896,107,6,Morning
9807,21,465,487,2026-01-04,1059,997,83,11,Night
9808,8,643,213,2026-05-05,1058,1056,84,16,Morning
9809,11,135,409,2026-01-30,1172,697,15,7,Evening
9810,25,658,445,2026-03-08,997,836,9,8,Morning
9811,5,86,24,2025-07-11,1106,649,7,11,Evening
9812,4,708,132,2026-04-12,1192,619,73,18,Morning
9813,25,630,225,2025-10-03,1175,1138,43,18,Evening
9814,16,114,449,2025-12-01,1104,957,117,25,Night
9815,24,643,303,2026-02-15,913,863,24,20,Morning
9816,18,691,351,2026-01-19,914,650,21,17,Morning
9817,2,362,75,2025-11-26,830,745,30,11,Night
9818,4,291,18,2026-01-18,1038,772,116,8,Night
9819,2,939,272,2025-10-23,1192,788,57,1,Evening
9820,22,606,401,2025-08-30,895,851,106,12,Evening
9821,19,572,167,2025-11-30,1071,833,97,8,Morning
9822,8,383,389,2025-12-20,1032,898,7,7,Night
9823,3,131,137,2025-10-07,831,610,14,16,Evening
9824,8,734,142,2025-12-19,1190,667,25,15,Evening
9825,21,326,406,2026-03-07,1151,883,89,12,Evening
9826,16,728,31,2025-09-04,833,796,21,20,Morning
9827,16,669,213,2026-06-09,817,756,34,12,Night
9828,17,765,59,2025-09-17,1159,869,19,16,Night
9829,15,990,335,2025-09-01,1137,707,97,4,Night
9830,16,335,349,2025-10-05,844,628,101,7,Night
9831,12,616,231,2026-04-08,927,692,79,0,Evening
9832,23,203,110,2026-02-24,1126,1091,59,20,Morning
9833,12,758,283,2025-12-02,1071,999,43,21,Night
9834,1,567,52,2025-12-24,838,626,64,3,Night
9835,1,722,293,2025-06-29,1134,799,71,24,Night
9836,7,18,69,2026-05-30,998,986,19,23,Morning
9837,1,865,354,2026-05-12,1184,1162,119,23,Morning
9838,23,579,73,2026-01-11,999,810,63,17,Night
9839,9,44,431,2025-08-09,1022,929,58,18,Night
9840,22,948,127,2025-07-27,947,779,69,9,Morning
9841,7,427,251,2026-03-21,874,649,45,0,Evening
9842,21,722,106,2026-05-07,857,720,28,20,Night
9843,2,567,218,2025-11-21,1182,609,95,7,Evening
9844,25,77,192,2025-08-03,915,832,56,17,Evening
9845,15,969,276,2026-06-11,1174,657,110,17,Evening
9846,14,293,375,2026-01-14,848,768,110,11,Morning
9847,22,342,96,2025-07-30,863,681,63,22,Morning
9848,5,86,423,2026-05-30,935,883,32,3,Night
9849,14,312,236,2025-11-25,1125,807,9,10,Morning
9850,20,116,242,2026-06-18,1197,1121,10,16,Night
9851,10,636,468,2025-12-18,1192,621,110,2,Morning
9852,22,791,231,2026-04-27,905,890,95,1,Night
9853,16,350,302,2026-02-21,1106,635,58,6,Evening
9854,12,948,446,2025-10-07,1081,823,2,23,Morning
9855,6,655,41,2026-01-09,879,649,22,24,Morning
9856,16,829,348,2026-04-18,816,631,94,21,Evening
9857,23,61,189,2026-01-19,885,879,75,4,Evening
9858,5,138,341,2026-01-22,1009,805,94,0,Evening
9859,20,570,247,2025-12-18,955,649,77,25,Morning
9860,4,567,77,2026-06-01,1163,944,34,20,Evening
9861,14,923,186,2026-02-20,969,834,10,21,Night
9862,20,86,157,2026-04-14,929,607,3,9,Evening
9863,9,570,282,2026-01-21,1104,1011,113,13,Night
9864,3,744,256,2026-01-16,1104,969,98,6,Evening
9865,16,4,104,2025-08-01,921,635,52,21,Evening
9866,22,348,74,2025-08-31,1070,1014,44,21,Night
9867,7,630,243,2026-03-22,950,627,4,11,Evening
9868,18,287,155,2025-12-05,847,771,51,10,Night
9869,11,975,389,2025-08-25,984,740,57,23,Evening
9870,3,812,490,2025-09-23,1153,962,44,5,Night
9871,21,131,186,2026-03-19,931,628,107,7,Morning
9872,9,397,479,2026-04-19,922,826,109,13,Night
9873,20,484,428,2025-07-06,992,665,63,7,Evening
9874,19,414,245,2026-05-06,1133,805,16,20,Night
9875,24,955,437,2026-02-09,1035,759,0,4,Evening
9876,12,711,237,2026-01-01,1139,858,41,11,Evening
9877,4,851,278,2025-07-26,1166,665,111,11,Morning
9878,12,671,367,2025-08-31,880,689,96,8,Evening
9879,8,429,334,2025-08-01,868,779,53,7,Evening
9880,9,344,260,2025-08-16,1037,1026,118,24,Evening
9881,16,426,405,2026-06-08,1021,676,103,2,Morning
9882,5,429,368,2026-04-24,1162,670,16,22,Evening
9883,4,189,143,2025-11-06,923,820,51,6,Evening
9884,7,824,53,2026-05-16,978,697,91,22,Morning
9885,19,411,376,2026-03-01,1171,729,69,14,Night
9886,6,203,118,2026-03-27,903,843,69,11,Night
9887,16,328,227,2026-05-25,1127,1122,116,24,Morning
9888,9,120,81,2025-11-10,962,890,67,14,Evening
9889,14,685,170,2026-01-17,1034,937,48,13,Evening
9890,17,503,383,2025-11-02,1004,957,110,9,Night
9891,2,893,79,2025-07-23,1174,1067,116,14,Morning
9892,2,531,331,2026-03-05,1150,610,2,8,Morning
9893,8,712,379,2026-03-09,847,626,115,10,Night
9894,19,728,403,2025-09-27,968,945,106,16,Evening
9895,9,806,146,2025-12-01,879,734,61,19,Night
9896,25,58,236,2025-08-24,870,791,90,21,Evening
9897,14,662,166,2026-04-11,1139,667,103,7,Morning
9898,10,557,113,2025-09-05,1042,913,55,2,Evening
9899,16,852,359,2025-10-07,1151,930,43,16,Night
9900,14,63,461,2026-02-01,1022,879,113,10,Morning
9901,13,869,189,2025-08-05,988,710,58,25,Night
9902,5,433,311,2025-07-22,1139,632,9,19,Evening
9903,14,455,64,2026-02-24,837,720,100,25,Evening
9904,6,763,36,2026-05-23,1026,651,105,13,Morning
9905,4,797,199,2026-05-14,1176,1149,59,21,Evening
9906,3,901,458,2025-09-26,1200,746,65,18,Evening
9907,23,37,180,2025-12-04,964,884,58,10,Evening
9908,25,642,201,2026-04-20,1075,713,95,9,Evening
9909,11,267,499,2025-06-24,1141,650,24,18,Evening
9910,8,748,19,2026-06-14,880,790,37,19,Night
9911,17,816,116,2026-02-26,969,853,6,9,Night
9912,19,607,259,2025-06-30,963,650,2,24,Evening
9913,11,163,274,2026-06-06,1163,731,67,5,Evening
9914,16,587,120,2026-05-16,1181,945,5,10,Morning
9915,12,573,112,2025-11-08,877,865,80,24,Night
9916,16,516,187,2025-10-27,1196,643,63,14,Morning
9917,15,95,152,2026-02-01,1183,896,44,15,Night
9918,13,940,5,2026-02-11,827,637,103,4,Morning
9919,15,652,236,2025-07-12,899,725,104,15,Evening
9920,6,218,190,2025-06-22,1059,621,51,5,Evening
9921,10,425,56,2026-02-20,1137,1078,76,14,Morning
9922,14,498,61,2026-02-20,1198,1044,89,19,Night
9923,14,17,30,2026-03-06,1074,885,21,1,Night
9924,11,328,426,2025-08-08,887,604,65,2,Evening
9925,22,427,440,2025-07-25,960,769,79,5,Evening
9926,15,691,154,2026-02-18,930,709,55,14,Night
9927,6,356,262,2026-01-05,1132,812,50,14,Evening
9928,13,709,463,2025-06-28,939,767,89,17,Evening
9929,12,677,237,2025-11-29,1154,1113,26,17,Night
9930,16,83,169,2026-02-02,814,741,35,2,Night
9931,20,255,135,2025-08-17,1125,679,100,12,Evening
9932,20,18,294,2026-01-16,1131,821,75,0,Morning
9933,12,667,463,2026-01-24,1080,653,81,18,Morning
9934,25,314,12,2025-12-17,952,940,114,6,Morning
9935,14,899,138,2026-01-01,1185,1139,79,24,Night
9936,4,831,466,2026-01-10,962,778,22,25,Night
9937,6,934,189,2026-03-18,810,796,51,3,Morning
9938,9,702,290,2025-12-06,926,908,107,10,Evening
9939,11,764,485,2026-05-19,964,781,11,5,Morning
9940,6,745,357,2025-08-12,853,666,77,25,Evening
9941,16,535,164,2026-05-01,1100,1067,54,3,Night
9942,20,734,341,2025-11-29,1068,925,85,6,Morning
9943,12,551,311,2025-07-24,1058,716,19,19,Evening
9944,24,949,114,2025-06-26,1093,735,44,4,Evening
9945,8,541,48,2025-10-02,1032,910,94,16,Night
9946,12,739,406,2025-09-02,922,683,7,16,Night
9947,19,436,352,2025-08-17,871,862,46,14,Morning
9948,10,477,462,2025-06-26,1034,624,112,7,Night
9949,1,232,173,2026-04-17,1043,685,41,14,Morning
9950,14,101,452,2026-03-26,1015,807,47,2,Night
9951,25,263,452,2025-11-25,863,747,80,18,Morning
9952,17,614,258,2025-09-04,1042,924,31,14,Morning
9953,9,912,421,2025-09-20,1005,656,91,9,Morning
9954,2,173,171,2025-12-25,827,712,41,1,Evening
9955,6,375,21,2025-11-11,1148,785,8,0,Evening
9956,9,567,60,2025-08-15,1022,911,108,18,Evening
9957,25,477,31,2025-11-30,839,809,57,21,Morning
9958,15,867,245,2025-09-06,1188,818,107,16,Evening
9959,21,411,238,2026-02-10,830,609,114,6,Morning
9960,18,714,166,2025-09-19,1169,877,31,25,Morning
9961,12,145,126,2026-03-20,1056,756,32,6,Evening
9962,21,10,275,2025-07-18,1079,665,114,14,Morning
9963,20,996,365,2025-08-08,1021,886,57,11,Night
9964,10,556,23,2025-07-05,1090,702,31,9,Night
9965,22,204,302,2026-02-16,812,622,89,8,Night
9966,2,733,2,2025-09-24,873,716,5,14,Morning
9967,1,352,180,2025-10-22,1092,827,69,9,Night
9968,3,777,263,2025-06-30,944,727,77,1,Evening
9969,1,465,30,2025-06-23,993,941,44,24,Night
9970,5,194,419,2025-07-08,1124,1042,47,7,Morning
9971,3,342,155,2025-11-22,1000,671,78,10,Night
9972,2,551,484,2026-02-27,835,676,108,4,Morning
9973,5,236,285,2025-12-21,1064,780,65,7,Evening
9974,20,42,299,2026-01-21,1176,700,16,14,Evening
9975,2,610,32,2025-09-14,1186,811,5,11,Night
9976,25,479,219,2025-06-30,947,644,50,4,Morning
9977,24,519,333,2026-01-30,1119,884,61,2,Morning
9978,21,736,435,2026-02-11,1054,705,83,12,Night
9979,5,497,185,2026-06-03,932,603,38,5,Evening
9980,14,138,289,2025-11-27,1017,601,119,13,Evening
9981,7,962,160,2026-05-05,986,872,18,0,Evening
9982,19,981,228,2026-02-11,893,886,35,13,Evening
9983,20,556,179,2025-07-02,984,838,26,14,Night
9984,12,212,350,2025-12-23,1078,668,93,18,Morning
9985,10,39,450,2025-11-13,1062,785,72,3,Evening
9986,22,548,205,2025-12-04,1064,953,24,13,Evening
9987,12,812,379,2025-11-19,969,640,87,17,Morning
9988,11,537,334,2025-07-24,982,788,98,9,Evening
9989,19,192,420,2026-06-04,1051,790,33,17,Morning
9990,10,880,274,2025-10-02,849,717,85,2,Morning
9991,8,955,246,2026-03-21,810,609,37,11,Morning
9992,17,24,478,2025-11-26,1146,1099,85,21,Evening
9993,24,137,441,2026-02-23,935,838,49,7,Evening
9994,12,558,376,2025-06-24,1139,1119,111,16,Evening
9995,8,400,376,2026-03-23,1140,607,48,9,Morning
9996,15,915,265,2025-10-18,892,629,94,4,Evening
9997,21,475,52,2026-02-17,1109,1006,53,25,Night
9998,6,61,493,2025-10-31,1084,612,57,17,Morning
9999,12,719,99,2026-02-13,1063,602,8,16,Morning
10000,22,948,311,2026-06-18,855,822,108,23,Morning
